2026-10-05T12:26:21+0500 | BASELINE | - | - | создан первый снимок: 5144 проектов
2026-10-05T12:26:40+0500 | GONE | alaskank"t"51262"t"ASSIGNED"t"DB Bootcamp. Day00"t"2026-10-05T12:26:07+0500 | was= | 
2026-10-05T12:26:40+0500 | NEW | alaskank | 51262 | status=IN_PROGRESS | DB Bootcamp. Day00
2026-10-05T12:26:40+0500 | NEW | stefanye | 69051 | status=IN_PROGRESS | AP1-Go-T05B
2026-10-05T12:34:50+0500 | GONE | alaskank"t"51262"t"FAILED"t"DB Bootcamp. Day00"t"2026-10-05T12:32:43+0500 | was= | 
2026-10-05T12:34:50+0500 | NEW | alaskank | 51262 | status=IN_PROGRESS | DB Bootcamp. Day00
2026-10-05T14:31:57+0500 | CHANGED | almedamo | 69115 | IN_REVIEWS -> REGISTERED | A1_Maze_Go
2026-10-05T18:20:01+0500 | NEW | kelvinch | 21389 | status=ASSIGNED | APP1 Bootcamp. Day00
2026-10-05T18:20:01+0500 | NEW | kelvinch | 21390 | status=ASSIGNED | APP1 Bootcamp. Day01
2026-10-05T18:20:01+0500 | NEW | kelvinch | 21412 | status=ASSIGNED | APP1 Bootcamp. Day03
2026-10-05T18:20:01+0500 | NEW | kelvinch | 21413 | status=ASSIGNED | APP1 Bootcamp. Day02
2026-10-05T18:20:01+0500 | NEW | kelvinch | 21414 | status=ASSIGNED | APP1 Bootcamp. Day04
2026-10-05T18:20:01+0500 | NEW | kelvinch | 21415 | status=ASSIGNED | APP1 Bootcamp. Team00
2026-10-05T18:20:01+0500 | NEW | kelvinch | 21416 | status=ASSIGNED | APP1 Bootcamp. Day05
2026-10-05T18:20:01+0500 | NEW | kelvinch | 21417 | status=ASSIGNED | APP1 Bootcamp. Day06
2026-10-05T18:20:01+0500 | NEW | kelvinch | 21418 | status=ASSIGNED | APP1 Bootcamp. Day07
2026-10-05T18:20:01+0500 | NEW | kelvinch | 21419 | status=ASSIGNED | APP1 Bootcamp. Day08
2026-10-05T18:20:01+0500 | NEW | kelvinch | 21420 | status=ASSIGNED | APP1 Bootcamp. Team01
2026-10-05T18:20:01+0500 | NEW | kelvinch | 26477 | status=ACCEPTED | C3_s21_stringplus
2026-10-05T18:20:01+0500 | NEW | kelvinch | 26478 | status=ACCEPTED | C2_SimpleBashUtils
2026-10-05T18:20:01+0500 | NEW | kelvinch | 26480 | status=ASSIGNED | C4_s21_math
2026-10-05T18:20:01+0500 | NEW | kelvinch | 26481 | status=ACCEPTED | C5_s21_decimal
2026-10-05T18:20:01+0500 | NEW | kelvinch | 26482 | status=ACCEPTED | C6_s21_matrix
2026-10-05T18:20:01+0500 | NEW | kelvinch | 26483 | status=ASSIGNED | SmartCalc_v1.0
2026-10-05T18:20:01+0500 | NEW | kelvinch | 26484 | status=ASSIGNED | C8_3DViewer_v1.0
2026-10-05T18:20:01+0500 | NEW | kelvinch | 26485 | status=ASSIGNED | CPP1_s21_matrix+
2026-10-05T18:20:01+0500 | NEW | kelvinch | 26486 | status=ASSIGNED | CPP2_s21_containers
2026-10-05T18:20:01+0500 | NEW | kelvinch | 26487 | status=ASSIGNED | CPP3_SmartCalc_v2.0
2026-10-05T18:20:01+0500 | NEW | kelvinch | 26488 | status=ASSIGNED | CPP4_3DViewer_v2.0
2026-10-05T18:20:01+0500 | NEW | kelvinch | 26489 | status=ASSIGNED | CPP5_3DViewer_v2.1
2026-10-05T18:20:01+0500 | NEW | kelvinch | 26490 | status=ASSIGNED | CPP6_3DViewer_v2.2
2026-10-05T18:20:01+0500 | NEW | kelvinch | 26491 | status=ASSIGNED | CPP7_MLP
2026-10-05T18:20:01+0500 | NEW | kelvinch | 26492 | status=ASSIGNED | CPP8_PhotoLab_v1.0
2026-10-05T18:20:01+0500 | NEW | kelvinch | 26493 | status=ASSIGNED | CPP9_Monitoring System
2026-10-05T18:20:01+0500 | NEW | kelvinch | 26557 | status=ACCEPTED | DO1_Linux
2026-10-05T18:20:01+0500 | NEW | kelvinch | 26558 | status=ACCEPTED | DO2_Linux Network
2026-10-05T18:20:01+0500 | NEW | kelvinch | 26559 | status=ASSIGNED | RetailAnalytics_v2.0_Web_Go
2026-10-05T18:20:01+0500 | NEW | kelvinch | 26560 | status=ASSIGNED | SmartCalc_v4.0_Web_Go
2026-10-05T18:20:01+0500 | NEW | kelvinch | 26561 | status=ASSIGNED | DO3_LinuxMonitoring v1.0
2026-10-05T18:20:01+0500 | NEW | kelvinch | 26562 | status=ASSIGNED | Info21_v2.0_Web_Go
2026-10-05T18:20:01+0500 | NEW | kelvinch | 26563 | status=ASSIGNED | DO4_LinuxMonitoring v2.0
2026-10-05T18:20:01+0500 | NEW | kelvinch | 26564 | status=ASSIGNED | SimpleWebStudio_v1.0_Go
2026-10-05T18:20:01+0500 | NEW | kelvinch | 26565 | status=ACCEPTED | DO5_SimpleDocker
2026-10-05T18:20:01+0500 | NEW | kelvinch | 26566 | status=ACCEPTED | DO6_CICD
2026-10-05T18:20:01+0500 | NEW | kelvinch | 26567 | status=ASSIGNED | SmartCalc_v3.0 Desktop (Go)
2026-10-05T18:20:01+0500 | NEW | kelvinch | 26568 | status=ASSIGNED | Maze
2026-10-05T18:20:01+0500 | NEW | kelvinch | 26569 | status=ASSIGNED | SimpleNavigator v1.0
2026-10-05T18:20:01+0500 | NEW | kelvinch | 26570 | status=ASSIGNED | RetailAnalytics_v2.0_Web_Python
2026-10-05T18:20:01+0500 | NEW | kelvinch | 26571 | status=ASSIGNED | Parallels
2026-10-05T18:20:01+0500 | NEW | kelvinch | 26572 | status=ASSIGNED | Crypto
2026-10-05T18:20:01+0500 | NEW | kelvinch | 26573 | status=ASSIGNED | SmartCalc_v4.0_Web_Python
2026-10-05T18:20:01+0500 | NEW | kelvinch | 26574 | status=ASSIGNED | s21_memory
2026-10-05T18:20:01+0500 | NEW | kelvinch | 26575 | status=ASSIGNED | Info21_v2.0_Web_Python
2026-10-05T18:20:01+0500 | NEW | kelvinch | 26577 | status=ASSIGNED | DNA Analyzer
2026-10-05T18:20:01+0500 | NEW | kelvinch | 26578 | status=ASSIGNED | Algorithmic trading
2026-10-05T18:20:01+0500 | NEW | kelvinch | 26579 | status=ASSIGNED | SimpleWebStudio_v1.0_Python
2026-10-05T18:20:01+0500 | NEW | kelvinch | 26581 | status=ASSIGNED | SmartCalc_v3.0 Desktop (Python)
2026-10-05T18:20:01+0500 | NEW | kelvinch | 26583 | status=ASSIGNED | SQL2_Info21_v1.0
2026-10-05T18:20:01+0500 | NEW | kelvinch | 26584 | status=ASSIGNED | RetailAnalytics_v2.0_Web_Java
2026-10-05T18:20:01+0500 | NEW | kelvinch | 26585 | status=ASSIGNED | SQL3_RetailAnalitycs v1.0
2026-10-05T18:20:01+0500 | NEW | kelvinch | 26586 | status=ASSIGNED | SmartCalc_v4.0_Web_Java
2026-10-05T18:20:01+0500 | NEW | kelvinch | 26589 | status=ASSIGNED | Info21_v2.0_Web_Java
2026-10-05T18:20:01+0500 | NEW | kelvinch | 26590 | status=ASSIGNED | SmartCalc v3.0 Desktop (C#)
2026-10-05T18:20:01+0500 | NEW | kelvinch | 26592 | status=ASSIGNED | SimpleWebStudio v1.0 C#
2026-10-05T18:20:01+0500 | NEW | kelvinch | 26593 | status=ASSIGNED | Info21_v2.0_Web_C#
2026-10-05T18:20:01+0500 | NEW | kelvinch | 26594 | status=ASSIGNED | SmartCalc v4.0 Web C#
2026-10-05T18:20:01+0500 | NEW | kelvinch | 26595 | status=ASSIGNED | SmartCalc_v3.0 Desktop (Java)
2026-10-05T18:20:01+0500 | NEW | kelvinch | 26596 | status=ASSIGNED | RetailAnalytics_v2.0_Web_C#
2026-10-05T18:20:01+0500 | NEW | kelvinch | 27289 | status=ASSIGNED | DS Healthcare. Project 01 
2026-10-05T18:20:01+0500 | NEW | kelvinch | 27290 | status=ASSIGNED | DS Healthcare. Project 02
2026-10-05T18:20:01+0500 | NEW | kelvinch | 27292 | status=ASSIGNED | DS Healthcare. Project 03
2026-10-05T18:20:01+0500 | NEW | kelvinch | 27295 | status=ASSIGNED | DS Healthcare. Project 04
2026-10-05T18:20:01+0500 | NEW | kelvinch | 27298 | status=ASSIGNED | DS Healthcare. Project 05
2026-10-05T18:20:01+0500 | NEW | kelvinch | 27299 | status=ASSIGNED | DS Healthcare. Project 06
2026-10-05T18:20:01+0500 | NEW | kelvinch | 27364 | status=ASSIGNED | Transactions
2026-10-05T18:20:01+0500 | NEW | kelvinch | 27373 | status=ASSIGNED | SimpleWebStudio_v1.0_Java
2026-10-05T18:20:01+0500 | NEW | kelvinch | 27711 | status=ASSIGNED | APC1 Bootcamp. Day00
2026-10-05T18:20:01+0500 | NEW | kelvinch | 27714 | status=ASSIGNED | APC1 Bootcamp. Day01
2026-10-05T18:20:01+0500 | NEW | kelvinch | 27715 | status=ASSIGNED | APC1 Bootcamp. Day02
2026-10-05T18:20:01+0500 | NEW | kelvinch | 27716 | status=ASSIGNED | APC1 Bootcamp. Day03
2026-10-05T18:20:01+0500 | NEW | kelvinch | 27717 | status=ASSIGNED | APC1 Bootcamp. Day04
2026-10-05T18:20:01+0500 | NEW | kelvinch | 27718 | status=ASSIGNED | APC1 Bootcamp. Day05
2026-10-05T18:20:01+0500 | NEW | kelvinch | 27719 | status=ASSIGNED | APC1 Bootcamp. Day06
2026-10-05T18:20:01+0500 | NEW | kelvinch | 27720 | status=ASSIGNED | APC1 Bootcamp. Day07
2026-10-05T18:20:01+0500 | NEW | kelvinch | 27721 | status=ASSIGNED | APC1 Bootcamp. Day08
2026-10-05T18:20:01+0500 | NEW | kelvinch | 27723 | status=ASSIGNED | APC1 Bootcamp. Team01
2026-10-05T18:20:01+0500 | NEW | kelvinch | 28037 | status=ASSIGNED | APG1 Bootcamp. Day00
2026-10-05T18:20:01+0500 | NEW | kelvinch | 28038 | status=ASSIGNED | APG1 Bootcamp.  Day01
2026-10-05T18:20:01+0500 | NEW | kelvinch | 28039 | status=ASSIGNED | APG1 Bootcamp. Day02
2026-10-05T18:20:01+0500 | NEW | kelvinch | 28040 | status=ASSIGNED | APG1 Bootcamp. Day03
2026-10-05T18:20:01+0500 | NEW | kelvinch | 28041 | status=ASSIGNED | APG1 Bootcamp. Day04
2026-10-05T18:20:01+0500 | NEW | kelvinch | 28042 | status=ASSIGNED | APG1 Bootcamp.  Day05
2026-10-05T18:20:01+0500 | NEW | kelvinch | 28043 | status=ASSIGNED | APG1 Bootcamp.  Day06
2026-10-05T18:20:01+0500 | NEW | kelvinch | 28044 | status=ASSIGNED | APG1 Bootcamp. Day07
2026-10-05T18:20:01+0500 | NEW | kelvinch | 28045 | status=ASSIGNED | APG1 Bootcamp. Day08
2026-10-05T18:20:01+0500 | NEW | kelvinch | 28046 | status=ASSIGNED | APG1 Bootcamp. Day09
2026-10-05T18:20:01+0500 | NEW | kelvinch | 28047 | status=ASSIGNED | APG1 Bootcamp. Team00
2026-10-05T18:20:01+0500 | NEW | kelvinch | 28048 | status=ASSIGNED | APG1 Bootcamp. Team01
2026-10-05T18:20:01+0500 | NEW | kelvinch | 28350 | status=ASSIGNED | APC1 Bootcamp. Team00
2026-10-05T18:20:01+0500 | NEW | kelvinch | 40313 | status=ASSIGNED | ROSB1_Intro
2026-10-05T18:20:01+0500 | NEW | kelvinch | 40648 | status=ASSIGNED | ROSB2_Advanced node
2026-10-05T18:20:01+0500 | NEW | kelvinch | 40649 | status=ASSIGNED | ROSB3_TF library 
2026-10-05T18:20:01+0500 | NEW | kelvinch | 40650 | status=ASSIGNED | ROSB4_Robot simulation
2026-10-05T18:20:01+0500 | NEW | kelvinch | 40651 | status=ASSIGNED | ROSB5_Robot sensor 
2026-10-05T18:20:01+0500 | NEW | kelvinch | 40652 | status=ASSIGNED | ROSB7_Robot mapping
2026-10-05T18:20:01+0500 | NEW | kelvinch | 40653 | status=ASSIGNED | ROSB8_Robot navigation
2026-10-05T18:20:01+0500 | NEW | kelvinch | 40655 | status=ASSIGNED | ROSB9_MoveIt arm control
2026-10-05T18:20:01+0500 | NEW | kelvinch | 40656 | status=ASSIGNED | ROSB10_Computer vision 
2026-10-05T18:20:01+0500 | NEW | kelvinch | 40657 | status=ASSIGNED | ROSB11_Robot behaviors 
2026-10-05T18:20:01+0500 | NEW | kelvinch | 40658 | status=ASSIGNED | ROSB6_Robot programming
2026-10-05T18:20:01+0500 | NEW | kelvinch | 40659 | status=ASSIGNED | ROSB12_Robotics Pro
2026-10-05T18:20:01+0500 | NEW | kelvinch | 40886 | status=ASSIGNED | APP1 Bootcamp. Day09
2026-10-05T18:20:01+0500 | NEW | kelvinch | 40910 | status=ACCEPTED | SQLB2_Retrieving data
2026-10-05T18:20:01+0500 | NEW | kelvinch | 40911 | status=ACCEPTED | SQLB3_Retrieving data deep dive
2026-10-05T18:20:01+0500 | NEW | kelvinch | 40912 | status=ACCEPTED | SQLB4_DML
2026-10-05T18:20:01+0500 | NEW | kelvinch | 40913 | status=ACCEPTED | SQLB5_Snapshots
2026-10-05T18:20:01+0500 | NEW | kelvinch | 40914 | status=FAILED | SQLB7_Database index 
2026-10-05T18:20:01+0500 | NEW | kelvinch | 40915 | status=FAILED | SQLB8_Integrating features
2026-10-05T18:20:01+0500 | NEW | kelvinch | 40916 | status=FAILED | SQLB9_OLAP
2026-10-05T18:20:01+0500 | NEW | kelvinch | 40918 | status=FAILED | SQLB10_Isolation levels
2026-10-05T18:20:01+0500 | NEW | kelvinch | 40919 | status=FAILED | SQLB11_Functions and procs
2026-10-05T18:20:01+0500 | NEW | kelvinch | 40922 | status=FAILED | SQLB12_Warehouse fundamentals
2026-10-05T18:20:01+0500 | NEW | kelvinch | 40964 | status=ACCEPTED | SQLB1_Basics
2026-10-05T18:20:01+0500 | NEW | kelvinch | 41377 | status=ASSIGNED | DevOps Exam_DELETE
2026-10-05T18:20:01+0500 | NEW | kelvinch | 47708 | status=ACCEPTED | SQLB6_Salesman problem
2026-10-05T18:20:01+0500 | NEW | kelvinch | 51184 | status=ASSIGNED | FE1_Browser extensions
2026-10-05T18:20:01+0500 | NEW | kelvinch | 51185 | status=ASSIGNED | FE2_Angular framework
2026-10-05T18:20:01+0500 | NEW | kelvinch | 51186 | status=ASSIGNED | FE3_Vue framework
2026-10-05T18:20:01+0500 | NEW | kelvinch | 51187 | status=ASSIGNED | FE4_CSS and animations
2026-10-05T18:20:01+0500 | NEW | kelvinch | 51188 | status=ASSIGNED | FE5_Canvas tag 
2026-10-05T18:20:01+0500 | NEW | kelvinch | 51190 | status=ASSIGNED | FE6_WebSocket
2026-10-05T18:20:01+0500 | NEW | kelvinch | 51191 | status=ASSIGNED | FE7_Code quality
2026-10-05T18:20:01+0500 | NEW | kelvinch | 51202 | status=ASSIGNED | CT2_Dream_job
2026-10-05T18:20:01+0500 | NEW | kelvinch | 51205 | status=ASSIGNED | CT1_Self_determination
2026-10-05T18:20:01+0500 | NEW | kelvinch | 51210 | status=ASSIGNED | Проект в разработке
2026-10-05T18:20:01+0500 | NEW | kelvinch | 51262 | status=ASSIGNED | DB Bootcamp. Day00
2026-10-05T18:20:01+0500 | NEW | kelvinch | 51263 | status=ASSIGNED | DB Bootcamp. Day01
2026-10-05T18:20:01+0500 | NEW | kelvinch | 51264 | status=ASSIGNED | DB Bootcamp. Day02
2026-10-05T18:20:01+0500 | NEW | kelvinch | 51363 | status=ASSIGNED | FEB1_JS
2026-10-05T18:20:01+0500 | NEW | kelvinch | 51394 | status=ASSIGNED | FEB2_Native JS
2026-10-05T18:20:01+0500 | NEW | kelvinch | 51399 | status=ASSIGNED | FEB3_HTML and CSS
2026-10-05T18:20:01+0500 | NEW | kelvinch | 51409 | status=ASSIGNED | FEB4_Advanced Web
2026-10-05T18:20:01+0500 | NEW | kelvinch | 51411 | status=ASSIGNED | FEB5_Express framework
2026-10-05T18:20:01+0500 | NEW | kelvinch | 51412 | status=ASSIGNED | FEB6_HTML templating
2026-10-05T18:20:01+0500 | NEW | kelvinch | 51413 | status=ASSIGNED | DB Bootcamp. Day03
2026-10-05T18:20:01+0500 | NEW | kelvinch | 51414 | status=ASSIGNED | FEB7_SeaBattle game
2026-10-05T18:20:01+0500 | NEW | kelvinch | 51415 | status=ASSIGNED | FEB8_React
2026-10-05T18:20:01+0500 | NEW | kelvinch | 51416 | status=ASSIGNED | FEB9_Memoization
2026-10-05T18:20:01+0500 | NEW | kelvinch | 51417 | status=ASSIGNED | FEB10_Data storages
2026-10-05T18:20:01+0500 | NEW | kelvinch | 51418 | status=ASSIGNED | FEB11_Routing
2026-10-05T18:20:01+0500 | NEW | kelvinch | 51419 | status=ASSIGNED | FEB12_React Redux
2026-10-05T18:20:01+0500 | NEW | kelvinch | 51420 | status=ASSIGNED | FEB13_TypeScript
2026-10-05T18:20:01+0500 | NEW | kelvinch | 51435 | status=ASSIGNED | DB Bootcamp. Day04
2026-10-05T18:20:01+0500 | NEW | kelvinch | 51462 | status=ASSIGNED | FEB14_Web Building
2026-10-05T18:20:01+0500 | NEW | kelvinch | 51472 | status=ASSIGNED | EEB1_Basics
2026-10-05T18:20:01+0500 | NEW | kelvinch | 51473 | status=ASSIGNED | EEB2_AC circuit analysis
2026-10-05T18:20:01+0500 | NEW | kelvinch | 51474 | status=ASSIGNED | EEB3_Circuit calc
2026-10-05T18:20:01+0500 | NEW | kelvinch | 51475 | status=ASSIGNED | EEB4_Connection circuits
2026-10-05T18:20:01+0500 | NEW | kelvinch | 51476 | status=ASSIGNED | EEB5_Operational amplifiers
2026-10-05T18:20:01+0500 | NEW | kelvinch | 51477 | status=ASSIGNED | EEB6_Filters
2026-10-05T18:20:01+0500 | NEW | kelvinch | 51478 | status=ASSIGNED | EEB7_Speed control
2026-10-05T18:20:01+0500 | NEW | kelvinch | 51479 | status=ASSIGNED | EEB8_Arduino boards
2026-10-05T18:20:01+0500 | NEW | kelvinch | 51480 | status=ASSIGNED | EEB9_Module integration
2026-10-05T18:20:01+0500 | NEW | kelvinch | 51481 | status=ASSIGNED | EEB10_STM fundamentals
2026-10-05T18:20:01+0500 | NEW | kelvinch | 51482 | status=ASSIGNED | EEB11_STM code
2026-10-05T18:20:01+0500 | NEW | kelvinch | 51483 | status=ASSIGNED | EEB12_Transferring data
2026-10-05T18:20:01+0500 | NEW | kelvinch | 51484 | status=ASSIGNED | EEB13_Satellite odometer
2026-10-05T18:20:01+0500 | NEW | kelvinch | 51485 | status=ASSIGNED | DS1_Tweets
2026-10-05T18:20:01+0500 | NEW | kelvinch | 51486 | status=ASSIGNED | DS2_Churn prediction
2026-10-05T18:20:01+0500 | NEW | kelvinch | 51487 | status=ASSIGNED | DS3_My Spotify
2026-10-05T18:20:01+0500 | NEW | kelvinch | 51488 | status=ASSIGNED | DS4_Understanding customer
2026-10-05T18:20:01+0500 | NEW | kelvinch | 51489 | status=ASSIGNED | DS5_Uber
2026-10-05T18:20:01+0500 | NEW | kelvinch | 51490 | status=ASSIGNED | DS8_Fried Eggs
2026-10-05T18:20:01+0500 | NEW | kelvinch | 51491 | status=ASSIGNED | DS7_Amazon
2026-10-05T18:20:01+0500 | NEW | kelvinch | 51492 | status=ASSIGNED | DS6_City life
2026-10-05T18:20:01+0500 | NEW | kelvinch | 51496 | status=ASSIGNED | DSB1_UNIX Command Line Tools_
2026-10-05T18:20:01+0500 | NEW | kelvinch | 51497 | status=ASSIGNED | DSB2_Syntax&Semantics_
2026-10-05T18:20:01+0500 | NEW | kelvinch | 51498 | status=ASSIGNED | DSB3_OOP skills_
2026-10-05T18:20:01+0500 | NEW | kelvinch | 51499 | status=ASSIGNED | DSB4_Package management_
2026-10-05T18:20:01+0500 | NEW | kelvinch | 51500 | status=ASSIGNED | DSB5_Efficient code practices_
2026-10-05T18:20:01+0500 | NEW | kelvinch | 51501 | status=ASSIGNED | DSB6_MovieLens Analytics_
2026-10-05T18:20:01+0500 | NEW | kelvinch | 51502 | status=ASSIGNED | DSB7_Pandas_
2026-10-05T18:20:01+0500 | NEW | kelvinch | 51503 | status=ASSIGNED | DSB8_SQL&Pandas_
2026-10-05T18:20:01+0500 | NEW | kelvinch | 51504 | status=ASSIGNED | DSB9_Pandas_SQL& Data Visual_
2026-10-05T18:20:01+0500 | NEW | kelvinch | 51505 | status=ASSIGNED | DSB10_Intro to ML_
2026-10-05T18:20:01+0500 | NEW | kelvinch | 51506 | status=ASSIGNED | DSB11_ML: Advanced_
2026-10-05T18:20:01+0500 | NEW | kelvinch | 51507 | status=ASSIGNED | DSB12_Food&nutrition_
2026-10-05T18:20:01+0500 | NEW | kelvinch | 51508 | status=ASSIGNED | DB Bootcamp. Day05
2026-10-05T18:20:01+0500 | NEW | kelvinch | 51509 | status=ASSIGNED | DB Bootcamp. Day06
2026-10-05T18:20:01+0500 | NEW | kelvinch | 51510 | status=ASSIGNED | DB Bootcamp. Day07
2026-10-05T18:20:01+0500 | NEW | kelvinch | 51511 | status=ASSIGNED | DB Bootcamp. Day08
2026-10-05T18:20:01+0500 | NEW | kelvinch | 51512 | status=ASSIGNED | DB Bootcamp. Day09
2026-10-05T18:20:01+0500 | NEW | kelvinch | 51513 | status=ASSIGNED | DB Bootcamp. Team00
2026-10-05T18:20:01+0500 | NEW | kelvinch | 51517 | status=ASSIGNED | CT3_CV_Resume
2026-10-05T18:20:01+0500 | NEW | kelvinch | 51518 | status=ASSIGNED | CT4_Interview_
2026-10-05T18:20:01+0500 | NEW | kelvinch | 51529 | status=ASSIGNED | CT5_Teamwork_
2026-10-05T18:20:01+0500 | NEW | kelvinch | 51652 | status=ASSIGNED | DB Bootcamp. Team01
2026-10-05T18:20:01+0500 | NEW | kelvinch | 51654 | status=ASSIGNED | CT6_Corporate_culture 
2026-10-05T18:20:01+0500 | NEW | kelvinch | 51659 | status=ASSIGNED | CT7_Corporate_Communication
2026-10-05T18:20:01+0500 | NEW | kelvinch | 51660 | status=ASSIGNED | CT8_Career_planning
2026-10-05T18:20:01+0500 | NEW | kelvinch | 52870 | status=ASSIGNED | Kotlin Bootcamp. Day00
2026-10-05T18:20:01+0500 | NEW | kelvinch | 52871 | status=ASSIGNED | Kotlin Bootcamp. Day01
2026-10-05T18:20:01+0500 | NEW | kelvinch | 52872 | status=ASSIGNED | Kotlin Bootcamp. Day02
2026-10-05T18:20:01+0500 | NEW | kelvinch | 52873 | status=ASSIGNED | Kotlin Bootcamp. Day03
2026-10-05T18:20:01+0500 | NEW | kelvinch | 52878 | status=ASSIGNED | Kotlin Bootcamp. Day04
2026-10-05T18:20:01+0500 | NEW | kelvinch | 52879 | status=ASSIGNED | Kotlin Bootcamp. Team00
2026-10-05T18:20:01+0500 | NEW | kelvinch | 52880 | status=ASSIGNED | Kotlin Bootcamp. Day05
2026-10-05T18:20:01+0500 | NEW | kelvinch | 52881 | status=ASSIGNED | Kotlin Bootcamp. Day06
2026-10-05T18:20:01+0500 | NEW | kelvinch | 52882 | status=ASSIGNED | Kotlin Bootcamp. Day07
2026-10-05T18:20:01+0500 | NEW | kelvinch | 52883 | status=ASSIGNED | Kotlin Bootcamp. Day08
2026-10-05T18:20:01+0500 | NEW | kelvinch | 52884 | status=ASSIGNED | Kotlin Bootcamp. Day09
2026-10-05T18:20:01+0500 | NEW | kelvinch | 52885 | status=ASSIGNED | Kotlin Bootcamp. Team01
2026-10-05T18:20:01+0500 | NEW | kelvinch | 53016 | status=ASSIGNED | Java Bootcamp. Day00
2026-10-05T18:20:01+0500 | NEW | kelvinch | 53017 | status=ASSIGNED | Java Bootcamp. Day01
2026-10-05T18:20:01+0500 | NEW | kelvinch | 53018 | status=ASSIGNED | Java Bootcamp. Day02
2026-10-05T18:20:01+0500 | NEW | kelvinch | 53019 | status=ASSIGNED | Java Bootcamp. Day03
2026-10-05T18:20:01+0500 | NEW | kelvinch | 53020 | status=ASSIGNED | Java Bootcamp. Day04
2026-10-05T18:20:01+0500 | NEW | kelvinch | 53021 | status=ASSIGNED | Java Bootcamp. Team00
2026-10-05T18:20:01+0500 | NEW | kelvinch | 53022 | status=ASSIGNED | Java Bootcamp. Day05
2026-10-05T18:20:01+0500 | NEW | kelvinch | 53025 | status=ASSIGNED | Java Bootcamp. Day06
2026-10-05T18:20:01+0500 | NEW | kelvinch | 53026 | status=ASSIGNED | Java Bootcamp. Day07
2026-10-05T18:20:01+0500 | NEW | kelvinch | 53035 | status=ASSIGNED | Java Bootcamp. Day08
2026-10-05T18:20:01+0500 | NEW | kelvinch | 53036 | status=ASSIGNED | Java Bootcamp. Day09
2026-10-05T18:20:01+0500 | NEW | kelvinch | 53037 | status=ASSIGNED | Java Bootcamp. Team01
2026-10-05T18:20:01+0500 | NEW | kelvinch | 57572 | status=ASSIGNED | CPP Exam
2026-10-05T18:20:01+0500 | NEW | kelvinch | 57573 | status=ASSIGNED | CPPE-T
2026-10-05T18:20:01+0500 | NEW | kelvinch | 59888 | status=ASSIGNED | Core final testing
2026-10-05T18:20:01+0500 | NEW | kelvinch | 59889 | status=ASSIGNED | Core final exam
2026-10-05T18:20:01+0500 | NEW | kelvinch | 60672 | status=ASSIGNED | Swift Bootcamp. Day00
2026-10-05T18:20:01+0500 | NEW | kelvinch | 60673 | status=ASSIGNED | Swift Bootcamp. Day01
2026-10-05T18:20:01+0500 | NEW | kelvinch | 60674 | status=ASSIGNED | Swift Bootcamp. Day02
2026-10-05T18:20:01+0500 | NEW | kelvinch | 60675 | status=ASSIGNED | Swift Bootcamp. Day03
2026-10-05T18:20:01+0500 | NEW | kelvinch | 60676 | status=ASSIGNED | Swift Bootcamp. Day04
2026-10-05T18:20:01+0500 | NEW | kelvinch | 60677 | status=ASSIGNED | Swift Bootcamp. Team00
2026-10-05T18:20:01+0500 | NEW | kelvinch | 60680 | status=ASSIGNED | Swift Bootcamp. Day05
2026-10-05T18:20:01+0500 | NEW | kelvinch | 60681 | status=ASSIGNED | Swift Bootcamp. Day06
2026-10-05T18:20:01+0500 | NEW | kelvinch | 60682 | status=ASSIGNED | Swift Bootcamp. Day07
2026-10-05T18:20:01+0500 | NEW | kelvinch | 60683 | status=ASSIGNED | Swift Bootcamp. Day08
2026-10-05T18:20:01+0500 | NEW | kelvinch | 60684 | status=ASSIGNED | Swift Bootcamp. Day09
2026-10-05T18:20:01+0500 | NEW | kelvinch | 60685 | status=ASSIGNED | Swift Bootcamp. Team01
2026-10-05T18:20:01+0500 | NEW | kelvinch | 61411 | status=ASSIGNED | DO7_Docker Compose
2026-10-05T18:20:01+0500 | NEW | kelvinch | 61424 | status=ASSIGNED | DO8_AutomationTools
2026-10-05T18:20:01+0500 | NEW | kelvinch | 61425 | status=ASSIGNED | DO9_Monitoring
2026-10-05T18:20:01+0500 | NEW | kelvinch | 61426 | status=ASSIGNED | DO10_BasicK8s
2026-10-05T18:20:01+0500 | NEW | kelvinch | 61427 | status=ASSIGNED | DO11_AdvK8s
2026-10-05T18:20:01+0500 | NEW | kelvinch | 61428 | status=ASSIGNED | DO12_Helm
2026-10-05T18:20:01+0500 | NEW | kelvinch | 62392 | status=ASSIGNED | ML1_Introduction
2026-10-05T18:20:01+0500 | NEW | kelvinch | 62393 | status=ASSIGNED | ML2_Supervised learning
2026-10-05T18:20:01+0500 | NEW | kelvinch | 62394 | status=ASSIGNED | ML3_Validation
2026-10-05T18:20:01+0500 | NEW | kelvinch | 62395 | status=ASSIGNED | ML4_Classification problems
2026-10-05T18:20:01+0500 | NEW | kelvinch | 62396 | status=ASSIGNED | ML5_Decision trees
2026-10-05T18:20:01+0500 | NEW | kelvinch | 62397 | status=ASSIGNED | ML6_Unsupervised learning
2026-10-05T18:20:01+0500 | NEW | kelvinch | 62398 | status=ASSIGNED | ML7_Clustering algorithms
2026-10-05T18:20:01+0500 | NEW | kelvinch | 62399 | status=ASSIGNED | ML8_Neural networks
2026-10-05T18:20:01+0500 | NEW | kelvinch | 62400 | status=ASSIGNED | ML9_Convolutional networks 
2026-10-05T18:20:01+0500 | NEW | kelvinch | 62401 | status=ASSIGNED | ML10_RNNs
2026-10-05T18:20:01+0500 | NEW | kelvinch | 62403 | status=ASSIGNED | ML11_Attention mechanism
2026-10-05T18:20:01+0500 | NEW | kelvinch | 62404 | status=ASSIGNED | ML12_Generative ML
2026-10-05T18:20:01+0500 | NEW | kelvinch | 62813 | status=ASSIGNED | SA1_Software specs
2026-10-05T18:20:01+0500 | NEW | kelvinch | 62825 | status=ASSIGNED | SA2_Software quality
2026-10-05T18:20:01+0500 | NEW | kelvinch | 62826 | status=ASSIGNED | SA3_Requirements analysis
2026-10-05T18:20:01+0500 | NEW | kelvinch | 62827 | status=ASSIGNED | SA4_SDD
2026-10-05T18:20:01+0500 | NEW | kelvinch | 62828 | status=ASSIGNED | SA5_Complex architecture
2026-10-05T18:20:01+0500 | NEW | kelvinch | 62829 | status=ASSIGNED | SA6_TOGAF framework
2026-10-05T18:20:01+0500 | NEW | kelvinch | 62954 | status=IN_REVIEWS | BE1_HttpAuth
2026-10-05T18:20:01+0500 | NEW | kelvinch | 62955 | status=ACCEPTED | BE2_APIFromSpec
2026-10-05T18:20:01+0500 | NEW | kelvinch | 62957 | status=ASSIGNED | BE3_Nginx Pro
2026-10-05T18:20:01+0500 | NEW | kelvinch | 62958 | status=ASSIGNED | BE4_GRPCAuth
2026-10-05T18:20:01+0500 | NEW | kelvinch | 62959 | status=ASSIGNED | BE5_Message broker
2026-10-05T18:20:01+0500 | NEW | kelvinch | 62960 | status=ASSIGNED | BE6_Data sharding
2026-10-05T18:20:01+0500 | NEW | kelvinch | 62961 | status=ASSIGNED | GD1_Meeting Unity
2026-10-05T18:20:01+0500 | NEW | kelvinch | 62962 | status=ASSIGNED | GD2_Game Design
2026-10-05T18:20:01+0500 | NEW | kelvinch | 62963 | status=ASSIGNED | GD3_DOD
2026-10-05T18:20:01+0500 | NEW | kelvinch | 62964 | status=ASSIGNED | GD4_Multiplayer
2026-10-05T18:20:01+0500 | NEW | kelvinch | 62966 | status=ASSIGNED | GD5_Shaders
2026-10-05T18:20:01+0500 | NEW | kelvinch | 62967 | status=ASSIGNED | GD6_Hypercasual
2026-10-05T18:20:01+0500 | NEW | kelvinch | 62968 | status=ASSIGNED | GD7_Unreal Engine
2026-10-05T18:20:01+0500 | NEW | kelvinch | 63932 | status=ASSIGNED | DO14_Final
2026-10-05T18:20:01+0500 | NEW | kelvinch | 63934 | status=ASSIGNED | DO13_CICD Pipeline
2026-10-05T18:20:01+0500 | NEW | kelvinch | 64043 | status=ASSIGNED | Mobile Kotlin_BasicApp
2026-10-05T18:20:01+0500 | NEW | kelvinch | 64044 | status=ASSIGNED | Mobile Kotlin_AuthApp
2026-10-05T18:20:01+0500 | NEW | kelvinch | 64049 | status=ASSIGNED | Mobile Swift_BasicApp
2026-10-05T18:20:01+0500 | NEW | kelvinch | 64050 | status=ASSIGNED | Mobile Swift_AuthApp
2026-10-05T18:20:01+0500 | NEW | kelvinch | 64402 | status=ASSIGNED | FE8_Data vis
2026-10-05T18:20:01+0500 | NEW | kelvinch | 66062 | status=ASSIGNED | DevOps Exam
2026-10-05T18:20:01+0500 | NEW | kelvinch | 67412 | status=ASSIGNED | CPP_Ex-p
2026-10-05T18:20:01+0500 | NEW | kelvinch | 67417 | status=ASSIGNED | CPP_Ex-t
2026-10-05T18:20:01+0500 | NEW | kelvinch | 68823 | status=ASSIGNED | C_Ex-t
2026-10-05T18:20:01+0500 | NEW | kelvinch | 68824 | status=ASSIGNED | C_Ex-p
2026-10-05T18:20:01+0500 | NEW | kelvinch | 68883 | status=ASSIGNED | SQL_Ex-t
2026-10-05T18:20:01+0500 | NEW | kelvinch | 68901 | status=ASSIGNED | SQL_Ex-p
2026-10-05T18:20:01+0500 | NEW | kelvinch | 68976 | status=ASSIGNED | DO_Ex-t
2026-10-05T18:20:01+0500 | NEW | kelvinch | 68977 | status=ASSIGNED | A_Ex-t
2026-10-05T18:20:01+0500 | NEW | kelvinch | 69039 | status=ASSIGNED | AP1-CS-T01
2026-10-05T18:20:01+0500 | NEW | kelvinch | 69040 | status=ASSIGNED | AP1-CS-T02
2026-10-05T18:20:01+0500 | NEW | kelvinch | 69041 | status=ASSIGNED | AP1-CS-P01
2026-10-05T18:20:01+0500 | NEW | kelvinch | 69042 | status=ASSIGNED | AP1-CS-T03
2026-10-05T18:20:01+0500 | NEW | kelvinch | 69043 | status=ASSIGNED | AP1-CS-T04B
2026-10-05T18:20:01+0500 | NEW | kelvinch | 69044 | status=ASSIGNED | AP1-CS-T05B
2026-10-05T18:20:01+0500 | NEW | kelvinch | 69045 | status=ASSIGNED | AP1-Go-T01
2026-10-05T18:20:01+0500 | NEW | kelvinch | 69046 | status=ASSIGNED | AP1-Go-T02
2026-10-05T18:20:01+0500 | NEW | kelvinch | 69047 | status=ASSIGNED | AP1-Go-P01
2026-10-05T18:20:01+0500 | NEW | kelvinch | 69048 | status=ASSIGNED | AP1-Go-T03
2026-10-05T18:20:01+0500 | NEW | kelvinch | 69049 | status=ASSIGNED | AP1-Go-T04B
2026-10-05T18:20:01+0500 | NEW | kelvinch | 69051 | status=ASSIGNED | AP1-Go-T05B
2026-10-05T18:20:01+0500 | NEW | kelvinch | 69052 | status=ASSIGNED | C7_BrickGame_v1.0
2026-10-05T18:20:01+0500 | NEW | kelvinch | 69053 | status=ASSIGNED | CPP3_BrickGame_v2.0
2026-10-05T18:20:01+0500 | NEW | kelvinch | 69055 | status=ASSIGNED | AP2_BrickGame_v3.0_Python
2026-10-05T18:20:01+0500 | NEW | kelvinch | 69056 | status=ASSIGNED | AP2_BrickGame_v3.0_Jv
2026-10-05T18:20:01+0500 | NEW | kelvinch | 69057 | status=ASSIGNED | AP2_BrickGame v3.0_JS
2026-10-05T18:20:01+0500 | NEW | kelvinch | 69058 | status=ASSIGNED | AP2_BrickGame_v3.0_Go
2026-10-05T18:20:01+0500 | NEW | kelvinch | 69059 | status=ASSIGNED | AP2_BrickGame_v3.0_C#
2026-10-05T18:20:01+0500 | NEW | kelvinch | 69060 | status=ASSIGNED | AP2_BrickGame_v3.0_Kt
2026-10-05T18:20:01+0500 | NEW | kelvinch | 69061 | status=ASSIGNED | AP2_BrickGame_v3.0_Sw
2026-10-05T18:20:01+0500 | NEW | kelvinch | 69062 | status=FAILED | AP1-Jv-T01
2026-10-05T18:20:01+0500 | NEW | kelvinch | 69063 | status=FAILED | AP1-Jv-T02
2026-10-05T18:20:01+0500 | NEW | kelvinch | 69064 | status=ACCEPTED | AP1-Jv-P01
2026-10-05T18:20:01+0500 | NEW | kelvinch | 69065 | status=FAILED | AP1-Jv-T03
2026-10-05T18:20:01+0500 | NEW | kelvinch | 69066 | status=ACCEPTED | AP1-Jv-T04B
2026-10-05T18:20:01+0500 | NEW | kelvinch | 69067 | status=FAILED | AP1-Jv-T05B
2026-10-05T18:20:01+0500 | NEW | kelvinch | 69068 | status=ASSIGNED | AP1-Jv-T04M
2026-10-05T18:20:01+0500 | NEW | kelvinch | 69069 | status=ASSIGNED | AP1-Jv-T05M
2026-10-05T18:20:01+0500 | NEW | kelvinch | 69070 | status=ASSIGNED | AP1-JS-T01
2026-10-05T18:20:01+0500 | NEW | kelvinch | 69071 | status=ASSIGNED | AP1-JS-T02
2026-10-05T18:20:01+0500 | NEW | kelvinch | 69072 | status=ASSIGNED | AP1-JS-P01
2026-10-05T18:20:01+0500 | NEW | kelvinch | 69073 | status=ASSIGNED | AP1-JS-T03
2026-10-05T18:20:01+0500 | NEW | kelvinch | 69074 | status=ASSIGNED | AP1-JS-T04F
2026-10-05T18:20:01+0500 | NEW | kelvinch | 69075 | status=ASSIGNED | AP1-JS-T05F
2026-10-05T18:20:01+0500 | NEW | kelvinch | 69076 | status=ASSIGNED | AP1-JS-T04B
2026-10-05T18:20:01+0500 | NEW | kelvinch | 69077 | status=ASSIGNED | AP1-JS-T05B
2026-10-05T18:20:01+0500 | NEW | kelvinch | 69078 | status=ASSIGNED | AP1-Kt-T01
2026-10-05T18:20:01+0500 | NEW | kelvinch | 69079 | status=ASSIGNED | AP1-Kt-T02
2026-10-05T18:20:01+0500 | NEW | kelvinch | 69080 | status=ASSIGNED | AP1-Kt-P01
2026-10-05T18:20:01+0500 | NEW | kelvinch | 69081 | status=ASSIGNED | AP1-Kt-T03
2026-10-05T18:20:01+0500 | NEW | kelvinch | 69082 | status=ASSIGNED | AP1-Kt-T04M
2026-10-05T18:20:01+0500 | NEW | kelvinch | 69083 | status=ASSIGNED | AP1-Kt-T05M
2026-10-05T18:20:01+0500 | NEW | kelvinch | 69084 | status=ASSIGNED | AP1-Kt-T04B
2026-10-05T18:20:01+0500 | NEW | kelvinch | 69085 | status=ASSIGNED | AP1-Kt-T05B
2026-10-05T18:20:01+0500 | NEW | kelvinch | 69086 | status=ASSIGNED | AP1-Py-T01
2026-10-05T18:20:01+0500 | NEW | kelvinch | 69087 | status=ASSIGNED | AP1-Py-T02
2026-10-05T18:20:01+0500 | NEW | kelvinch | 69088 | status=ASSIGNED | AP1-Py-P01
2026-10-05T18:20:01+0500 | NEW | kelvinch | 69089 | status=ASSIGNED | AP1-Py-T04B
2026-10-05T18:20:01+0500 | NEW | kelvinch | 69090 | status=ASSIGNED | AP1-Py-T03
2026-10-05T18:20:01+0500 | NEW | kelvinch | 69091 | status=ASSIGNED | AP1-Py-T05B
2026-10-05T18:20:01+0500 | NEW | kelvinch | 69094 | status=ASSIGNED | AP1-Sw-T01
2026-10-05T18:20:01+0500 | NEW | kelvinch | 69096 | status=ASSIGNED | AP1-Sw-T02
2026-10-05T18:20:01+0500 | NEW | kelvinch | 69097 | status=ASSIGNED | AP1-Sw-P01
2026-10-05T18:20:01+0500 | NEW | kelvinch | 69098 | status=ASSIGNED | AP1-Sw-T03
2026-10-05T18:20:01+0500 | NEW | kelvinch | 69099 | status=ASSIGNED | AP1-Sw-T04M
2026-10-05T18:20:02+0500 | NEW | kelvinch | 69100 | status=ASSIGNED | AP1-Sw-T05M
2026-10-05T18:20:02+0500 | NEW | kelvinch | 69101 | status=ASSIGNED | AP1-Sw-T04B
2026-10-05T18:20:02+0500 | NEW | kelvinch | 69102 | status=ASSIGNED | AP1-Sw-T05B
2026-10-05T18:20:02+0500 | NEW | kelvinch | 69103 | status=ASSIGNED | A1_Maze_C
2026-10-05T18:20:02+0500 | NEW | kelvinch | 69104 | status=ASSIGNED | A2_SimpleNavigator_v1.0_C
2026-10-05T18:20:02+0500 | NEW | kelvinch | 69105 | status=ASSIGNED | A3_Parallels_C
2026-10-05T18:20:02+0500 | NEW | kelvinch | 69106 | status=ASSIGNED | A4_Crypto_C
2026-10-05T18:20:02+0500 | NEW | kelvinch | 69107 | status=ASSIGNED | A5_s21_memory_C
2026-10-05T18:20:02+0500 | NEW | kelvinch | 69108 | status=ASSIGNED | A6_Transactions_C
2026-10-05T18:20:02+0500 | NEW | kelvinch | 69109 | status=ASSIGNED | A7_DNA_Analyzer_C
2026-10-05T18:20:02+0500 | NEW | kelvinch | 69110 | status=ASSIGNED | A8_Algorithmic_trading_C
2026-10-05T18:20:02+0500 | NEW | kelvinch | 69113 | status=ASSIGNED | A1_Maze_CPP
2026-10-05T18:20:02+0500 | NEW | kelvinch | 69114 | status=ASSIGNED | A1_Maze_Py
2026-10-05T18:20:02+0500 | NEW | kelvinch | 69115 | status=ASSIGNED | A1_Maze_Go
2026-10-05T18:20:02+0500 | NEW | kelvinch | 69116 | status=ASSIGNED | A1_Maze_Jv
2026-10-05T18:20:02+0500 | NEW | kelvinch | 69117 | status=ASSIGNED | A1_Maze_JS
2026-10-05T18:20:02+0500 | NEW | kelvinch | 69118 | status=ASSIGNED | A1_Maze_C#
2026-10-05T18:20:02+0500 | NEW | kelvinch | 69119 | status=ASSIGNED | A1_Maze_Kt
2026-10-05T18:20:02+0500 | NEW | kelvinch | 69120 | status=ASSIGNED | A1_Maze_Sw
2026-10-05T18:20:02+0500 | NEW | kelvinch | 69121 | status=ASSIGNED | A2_SimpleNavigator_v1.0_CPP
2026-10-05T18:20:02+0500 | NEW | kelvinch | 69122 | status=ASSIGNED | A2_SimpleNavigator_v1.0_Py
2026-10-05T18:20:02+0500 | NEW | kelvinch | 69123 | status=ASSIGNED | A2_SimpleNavigator_v1.0_Go
2026-10-05T18:20:02+0500 | NEW | kelvinch | 69124 | status=ASSIGNED | A2_SimpleNavigator_v1.0_Jv
2026-10-05T18:20:02+0500 | NEW | kelvinch | 69125 | status=ASSIGNED | A2_SimpleNavigator_v1.0_JS
2026-10-05T18:20:02+0500 | NEW | kelvinch | 69126 | status=ASSIGNED | A2_SimpleNavigator_v1.0_C#
2026-10-05T18:20:02+0500 | NEW | kelvinch | 69127 | status=ASSIGNED | A2_SimpleNavigator_v1.0_Kt
2026-10-05T18:20:02+0500 | NEW | kelvinch | 69128 | status=ASSIGNED | A2_SimpleNavigator_v1.0_Sw
2026-10-05T18:20:02+0500 | NEW | kelvinch | 69140 | status=ASSIGNED | IOS1_UIKit
2026-10-05T18:20:02+0500 | NEW | kelvinch | 69188 | status=ASSIGNED | APJ_Ex-t
2026-10-05T18:20:02+0500 | NEW | kelvinch | 69205 | status=ASSIGNED | AND1_Activity
2026-10-05T18:20:02+0500 | NEW | kelvinch | 69277 | status=ASSIGNED | APG_Ex-t
2026-10-05T18:20:02+0500 | NEW | kelvinch | 69278 | status=ASSIGNED | APCS_Ex-t
2026-10-05T18:20:02+0500 | NEW | kelvinch | 69279 | status=ASSIGNED | APP_Ex-t
2026-10-05T18:20:02+0500 | NEW | kelvinch | 69280 | status=ASSIGNED | APJS_Ex-t
2026-10-05T18:20:02+0500 | NEW | kelvinch | 69281 | status=ASSIGNED | APS_Ex-t
2026-10-05T18:20:02+0500 | NEW | kelvinch | 69282 | status=ASSIGNED | APK_Ex-t
2026-10-05T18:20:02+0500 | NEW | kelvinch | 69337 | status=ASSIGNED | PjM1_ProjPM
2026-10-05T18:20:02+0500 | NEW | kelvinch | 69372 | status=ASSIGNED | PjM2_LifeCycle
2026-10-05T18:20:02+0500 | NEW | kelvinch | 69373 | status=ASSIGNED | PjM3_BasicM
2026-10-05T18:20:02+0500 | NEW | kelvinch | 69463 | status=ASSIGNED | AND2_Async operations
2026-10-05T18:20:02+0500 | NEW | kelvinch | 69464 | status=ASSIGNED | AND3_Custom View
2026-10-05T18:20:02+0500 | NEW | kelvinch | 69465 | status=ASSIGNED | AND4_Notification
2026-10-05T18:20:02+0500 | NEW | kelvinch | 69466 | status=ASSIGNED | AND5_OpenGL
2026-10-05T18:20:02+0500 | NEW | kelvinch | 69467 | status=ASSIGNED | AND6_Test
2026-10-05T18:20:02+0500 | NEW | kelvinch | 69468 | status=ASSIGNED | AND7_Gradle
2026-10-05T18:20:02+0500 | NEW | kelvinch | 69469 | status=ASSIGNED | AND8_Compose
2026-10-05T18:20:02+0500 | NEW | kelvinch | 69478 | status=ASSIGNED | IOS2_SwiftUI
2026-10-05T18:20:02+0500 | NEW | kelvinch | 69534 | status=ASSIGNED | IOS5_Maps
2026-10-05T18:20:02+0500 | NEW | kelvinch | 69535 | status=ASSIGNED | IOS6_Additional
2026-10-05T18:20:02+0500 | NEW | kelvinch | 69538 | status=ASSIGNED | IOS3_Network
2026-10-05T18:20:02+0500 | NEW | kelvinch | 69539 | status=ASSIGNED | IOS4_DataStorage
2026-10-05T18:20:02+0500 | NEW | kelvinch | 69540 | status=IN_PROGRESS | BSA00_Decomposition
2026-10-05T18:20:02+0500 | NEW | kelvinch | 69541 | status=ASSIGNED | BSA1_Stakeholders
2026-10-05T18:20:02+0500 | NEW | kelvinch | 69542 | status=ASSIGNED | BSA2_Requirements
2026-10-05T18:20:02+0500 | NEW | kelvinch | 69543 | status=ASSIGNED | BSA3_HowToRequirements
2026-10-05T18:20:02+0500 | NEW | kelvinch | 69544 | status=ASSIGNED | BSA4_Domains
2026-10-05T18:20:02+0500 | NEW | kelvinch | 69545 | status=ASSIGNED | BSA5_Diagrams
2026-10-05T18:20:02+0500 | NEW | kelvinch | 69546 | status=ASSIGNED | BSA6_BPMN
2026-10-05T18:20:02+0500 | NEW | kelvinch | 69547 | status=ASSIGNED | BSA7_UserStory
2026-10-05T18:20:02+0500 | NEW | kelvinch | 69548 | status=ASSIGNED | BSA8_UseCase
2026-10-05T18:20:02+0500 | NEW | kelvinch | 69549 | status=ASSIGNED | BSA9_Objects and Roles
2026-10-05T18:20:02+0500 | NEW | kelvinch | 69550 | status=ASSIGNED | BSA10_FR Design
2026-10-05T18:20:02+0500 | NEW | kelvinch | 69551 | status=ASSIGNED | BSA11_UserInterfaces
2026-10-05T18:20:02+0500 | NEW | kelvinch | 69552 | status=ASSIGNED | BSA12_NFRs
2026-10-05T18:20:02+0500 | NEW | kelvinch | 69553 | status=ASSIGNED | BSA13_ReqMgmt
2026-10-05T18:20:02+0500 | NEW | kelvinch | 69554 | status=ASSIGNED | BSA14_SystemIntegration
2026-10-05T18:20:02+0500 | NEW | kelvinch | 69555 | status=ASSIGNED | BSA15_REST
2026-10-05T18:20:02+0500 | NEW | kelvinch | 69556 | status=ASSIGNED | BSA16_SOAP
2026-10-05T18:20:02+0500 | NEW | kelvinch | 69627 | status=ASSIGNED | CT9_Educational way
2026-10-05T18:20:02+0500 | NEW | kelvinch | 69676 | status=ASSIGNED | IOS7_Test
2026-10-05T18:20:02+0500 | NEW | kelvinch | 70735 | status=ASSIGNED | A3_Parallels_CPP
2026-10-05T18:20:02+0500 | NEW | kelvinch | 70736 | status=ASSIGNED | A3_Parallels_Py
2026-10-05T18:20:02+0500 | NEW | kelvinch | 70737 | status=ASSIGNED | A3_Parallels_Go
2026-10-05T18:20:02+0500 | NEW | kelvinch | 70738 | status=ASSIGNED | A3_Parallels_Jv
2026-10-05T18:20:02+0500 | NEW | kelvinch | 70739 | status=ASSIGNED | A3_Parallels_JS
2026-10-05T18:20:02+0500 | NEW | kelvinch | 70740 | status=ASSIGNED | A3_Parallels_C#
2026-10-05T18:20:02+0500 | NEW | kelvinch | 70741 | status=ASSIGNED | A3_Parallels_Kt
2026-10-05T18:20:02+0500 | NEW | kelvinch | 70742 | status=ASSIGNED | A3_Parallels_Sw
2026-10-05T18:20:02+0500 | NEW | kelvinch | 70756 | status=ASSIGNED | A5_s21_memory_CPP
2026-10-05T18:20:02+0500 | NEW | kelvinch | 70757 | status=ASSIGNED | A4_Crypto_CPP
2026-10-05T18:20:02+0500 | NEW | kelvinch | 70758 | status=ASSIGNED | A4_Crypto_Py
2026-10-05T18:20:02+0500 | NEW | kelvinch | 70759 | status=ASSIGNED | A4_Crypto_Go
2026-10-05T18:20:02+0500 | NEW | kelvinch | 70760 | status=ASSIGNED | A4_Crypto_Jv
2026-10-05T18:20:02+0500 | NEW | kelvinch | 70761 | status=ASSIGNED | A4_Crypto_JS
2026-10-05T18:20:02+0500 | NEW | kelvinch | 70762 | status=ASSIGNED | A4_Crypto_C#
2026-10-05T18:20:02+0500 | NEW | kelvinch | 70763 | status=ASSIGNED | A4_Crypto_Kt
2026-10-05T18:20:02+0500 | NEW | kelvinch | 70764 | status=ASSIGNED | A4_Crypto_Sw
2026-10-05T18:20:02+0500 | NEW | kelvinch | 70767 | status=ASSIGNED | A6_Transactions_CPP
2026-10-05T18:20:02+0500 | NEW | kelvinch | 70768 | status=ASSIGNED | A6_Transactions_Py
2026-10-05T18:20:02+0500 | NEW | kelvinch | 70769 | status=ASSIGNED | A6_Transactions_Go
2026-10-05T18:20:02+0500 | NEW | kelvinch | 70770 | status=ASSIGNED | A6_Transactions_Jv
2026-10-05T18:20:02+0500 | NEW | kelvinch | 70771 | status=ASSIGNED | A6_Transactions_JS
2026-10-05T18:20:02+0500 | NEW | kelvinch | 70772 | status=ASSIGNED | A6_Transactions_C#
2026-10-05T18:20:02+0500 | NEW | kelvinch | 70773 | status=ASSIGNED | A6_Transactions_Kt
2026-10-05T18:20:02+0500 | NEW | kelvinch | 70774 | status=ASSIGNED | A6_Transactions_Sw
2026-10-05T18:20:02+0500 | NEW | kelvinch | 70781 | status=ASSIGNED | A7_DNA_Analyzer_CPP
2026-10-05T18:20:02+0500 | NEW | kelvinch | 70782 | status=ASSIGNED | A7_DNA Analyzer_Py
2026-10-05T18:20:02+0500 | NEW | kelvinch | 70783 | status=ASSIGNED | A7_DNA_Analyzer_Go
2026-10-05T18:20:02+0500 | NEW | kelvinch | 70784 | status=ASSIGNED | A7_DNA Analyzer_Jv
2026-10-05T18:20:02+0500 | NEW | kelvinch | 70785 | status=ASSIGNED | A7_DNA Analyzer_JS
2026-10-05T18:20:02+0500 | NEW | kelvinch | 70786 | status=ASSIGNED | A7_DNA_Analyzer_C#
2026-10-05T18:20:02+0500 | NEW | kelvinch | 70787 | status=ASSIGNED | A7_DNA_Analyzer_Kt
2026-10-05T18:20:02+0500 | NEW | kelvinch | 70788 | status=ASSIGNED | A7_DNA_Analyzer_Sw
2026-10-05T18:20:02+0500 | NEW | kelvinch | 70795 | status=ASSIGNED | A8_Algorithmic_trading_CPP
2026-10-05T18:20:02+0500 | NEW | kelvinch | 70796 | status=ASSIGNED | A8_Algorithmic trading_Py
2026-10-05T18:20:02+0500 | NEW | kelvinch | 70797 | status=ASSIGNED | A8_Algorithmic_trading_Go
2026-10-05T18:20:02+0500 | NEW | kelvinch | 70798 | status=ASSIGNED | A8_Algorithmic trading_Jv
2026-10-05T18:20:02+0500 | NEW | kelvinch | 70799 | status=ASSIGNED | A8_Algorithmic trading_JS
2026-10-05T18:20:02+0500 | NEW | kelvinch | 70800 | status=ASSIGNED | A8_Algorithmic_trading_C#
2026-10-05T18:20:02+0500 | NEW | kelvinch | 70801 | status=ASSIGNED | A8_Algorithmic_trading_Kt
2026-10-05T18:20:02+0500 | NEW | kelvinch | 70802 | status=ASSIGNED | A8_Algorithmic_trading_Sw
2026-10-05T18:20:02+0500 | NEW | kelvinch | 70843 | status=ASSIGNED | AP5_BrickGame_v4.0_Python
2026-10-05T18:20:02+0500 | NEW | kelvinch | 70844 | status=ASSIGNED | AP5_BrickGame_v4.0_C#
2026-10-05T18:20:02+0500 | NEW | kelvinch | 70845 | status=ASSIGNED | AP5_BrickGame_v4.0_Jv
2026-10-05T18:20:02+0500 | NEW | kelvinch | 70846 | status=ASSIGNED | AP5_BrickGame_v4.0_JS
2026-10-05T18:20:02+0500 | NEW | kelvinch | 70847 | status=ASSIGNED | AP5_BrickGame_v4.0_Go
2026-10-05T18:20:02+0500 | NEW | kelvinch | 70848 | status=ASSIGNED | AP5_BrickGame_v4.0_Kt
2026-10-05T18:20:02+0500 | NEW | kelvinch | 70849 | status=ASSIGNED | AP5_BrickGame_v4.0_Sw
2026-10-05T18:20:02+0500 | NEW | kelvinch | 70922 | status=ASSIGNED | PG1_Pangolin
2026-10-05T18:20:02+0500 | NEW | kelvinch | 71028 | status=FAILED | CbS1_Networking_basics_Part 1
2026-10-05T18:20:02+0500 | NEW | kelvinch | 71029 | status=ASSIGNED | CbS2_Networking_basics_Part 2
2026-10-05T18:20:02+0500 | NEW | kelvinch | 71030 | status=ASSIGNED | CbS3_Networking_basics_Part 3
2026-10-05T18:20:02+0500 | NEW | kelvinch | 71031 | status=ASSIGNED | CbS4_Networking_basics_Part 4
2026-10-05T18:20:02+0500 | NEW | kelvinch | 71032 | status=ASSIGNED | CbS5_Linux_basics
2026-10-05T18:20:02+0500 | NEW | kelvinch | 71033 | status=ASSIGNED | CbS6_Windows_basics
2026-10-05T18:20:02+0500 | NEW | kelvinch | 71034 | status=ASSIGNED | CbS8_Crypto_symmetric
2026-10-05T18:20:02+0500 | NEW | kelvinch | 71035 | status=ASSIGNED | CbS7_Crypto_intro
2026-10-05T18:20:02+0500 | NEW | kelvinch | 71036 | status=ASSIGNED | CbS9_Crypto_asymmetric
2026-10-05T18:20:02+0500 | NEW | kelvinch | 71037 | status=ASSIGNED | CbS10_Data_channel_protection
2026-10-05T18:20:02+0500 | NEW | kelvinch | 71039 | status=ASSIGNED | CbS12_Network_attacks
2026-10-05T18:20:02+0500 | NEW | kelvinch | 71040 | status=ASSIGNED | CbS13_Threat_detection_principles
2026-10-05T18:20:02+0500 | NEW | kelvinch | 71041 | status=ASSIGNED | CbS14_Designing_secure_networks
2026-10-05T18:20:02+0500 | NEW | kelvinch | 71042 | status=ASSIGNED | CbS15_IS_legislation
2026-10-05T18:20:02+0500 | NEW | kelvinch | 71043 | status=ASSIGNED | CbS16_Project_lifecycle
2026-10-05T18:20:02+0500 | NEW | kelvinch | 71044 | status=ASSIGNED | CbS17_Physical_security
2026-10-05T18:20:02+0500 | NEW | kelvinch | 71045 | status=ASSIGNED | CbS18_Social_engineering
2026-10-05T18:20:02+0500 | NEW | kelvinch | 71963 | status=ACCEPTED | QA1_Foundation
2026-10-05T18:20:02+0500 | NEW | kelvinch | 71971 | status=ASSIGNED | QA2_Test artifacts
2026-10-05T18:20:02+0500 | NEW | kelvinch | 72004 | status=ASSIGNED | AP4_Info21 v2.0 Web_Python 
2026-10-05T18:20:02+0500 | NEW | kelvinch | 72005 | status=ASSIGNED | AP4_Info21 v2.0 Web_Jv
2026-10-05T18:20:02+0500 | NEW | kelvinch | 72006 | status=ASSIGNED | AP4_Info21 v2.0 Web_JS
2026-10-05T18:20:02+0500 | NEW | kelvinch | 72007 | status=ASSIGNED | AP4_Info21 v2.0 Web_Go
2026-10-05T18:20:02+0500 | NEW | kelvinch | 72008 | status=ASSIGNED | AP4_Info21 v2.0 Web_C#
2026-10-05T18:20:02+0500 | NEW | kelvinch | 72009 | status=ASSIGNED | AP4_Info21 v2.0 Web_Kt
2026-10-05T18:20:02+0500 | NEW | kelvinch | 72010 | status=ASSIGNED | AP4_Info21 v2.0 Web_Sw
2026-10-05T18:20:02+0500 | NEW | kelvinch | 72011 | status=ASSIGNED | AP6_RetailAnalitycs v2.0 Web_Jv
2026-10-05T18:20:02+0500 | NEW | kelvinch | 72012 | status=ASSIGNED | AP6_RetailAnalitycs v2.0 Web_Python
2026-10-05T18:20:02+0500 | NEW | kelvinch | 72013 | status=ASSIGNED | AP6_RetailAnalitycs v2.0 Web_JS
2026-10-05T18:20:02+0500 | NEW | kelvinch | 72015 | status=ASSIGNED | AP6_RetailAnalitycs v2.0 Web_Go
2026-10-05T18:20:02+0500 | NEW | kelvinch | 72016 | status=ASSIGNED | AP6_RetailAnalitycs v2.0 Web_C#
2026-10-05T18:20:02+0500 | NEW | kelvinch | 72026 | status=ASSIGNED | AP6_RetailAnalitycs v2.0 Web_Kt
2026-10-05T18:20:02+0500 | NEW | kelvinch | 72027 | status=ASSIGNED | AP6_RetailAnalitycs v2.0 Web_Sw
2026-10-05T18:20:02+0500 | NEW | kelvinch | 72160 | status=ASSIGNED | AP3_SpecialtyCoffee_Python
2026-10-05T18:20:02+0500 | NEW | kelvinch | 72161 | status=ASSIGNED | AP3_SpecialtyCoffee_Jv
2026-10-05T18:20:02+0500 | NEW | kelvinch | 72164 | status=ASSIGNED | AP3_SpecialtyCoffee_JS
2026-10-05T18:20:02+0500 | NEW | kelvinch | 72165 | status=ASSIGNED | AP3_SpecialtyCoffee_Go
2026-10-05T18:20:02+0500 | NEW | kelvinch | 72166 | status=ASSIGNED | AP3_SpecialtyCoffee_C#
2026-10-05T18:20:02+0500 | NEW | kelvinch | 72167 | status=ASSIGNED | AP3_SpecialtyCoffee_Kt
2026-10-05T18:20:02+0500 | NEW | kelvinch | 72168 | status=ASSIGNED | AP3_SpecialtyCoffee_Sw
2026-10-05T18:20:02+0500 | NEW | kelvinch | 72454 | status=ASSIGNED | BSA_Ex
2026-10-05T18:20:02+0500 | NEW | kelvinch | 72687 | status=ASSIGNED | AQA1_Basics
2026-10-05T18:20:02+0500 | NEW | kelvinch | 72791 | status=ASSIGNED | CbS11_Enterprise_IT_landscape
2026-10-05T18:20:02+0500 | NEW | kelvinch | 72880 | status=ASSIGNED | QA3_Test design and test analysis
2026-10-05T18:20:02+0500 | NEW | kelvinch | 72911 | status=ASSIGNED | CT_Part3
2026-10-05T18:20:02+0500 | NEW | kelvinch | 72919 | status=ASSIGNED | AQA2_API testing
2026-10-05T18:20:02+0500 | NEW | kelvinch | 72920 | status=ASSIGNED | AQA3_UI Web testing
2026-10-05T18:20:02+0500 | NEW | kelvinch | 72935 | status=ASSIGNED | QA4_Types and levels of testing
2026-10-05T18:20:02+0500 | NEW | kelvinch | 72939 | status=ASSIGNED | QA5_Defects
2026-10-05T18:20:02+0500 | NEW | kelvinch | 72944 | status=ASSIGNED | QA6_Web testing
2026-10-05T18:20:02+0500 | NEW | kelvinch | 72946 | status=ASSIGNED | QA7_Backend testing
2026-10-05T18:20:02+0500 | NEW | kelvinch | 72957 | status=ASSIGNED | QA8_Mobile testing
2026-10-05T18:20:02+0500 | NEW | kelvinch | 72958 | status=ASSIGNED | QA9_Basics of Web Security
2026-10-05T18:20:02+0500 | NEW | kelvinch | 72998 | status=ASSIGNED | AQA4_Mobile testing
2026-10-05T18:20:02+0500 | NEW | kelvinch | 73030 | status=ACCEPTED | CT1_Self-determination
2026-10-05T18:20:02+0500 | NEW | kelvinch | 73031 | status=ACCEPTED | CT2_Dream job
2026-10-05T18:20:02+0500 | NEW | kelvinch | 73032 | status=ASSIGNED | CT3_CV Resume
2026-10-05T18:20:02+0500 | NEW | kelvinch | 73033 | status=ASSIGNED | CT4_Interview
2026-10-05T18:20:02+0500 | NEW | kelvinch | 73034 | status=ASSIGNED | CT5_Teamwork
2026-10-05T18:20:02+0500 | NEW | kelvinch | 73035 | status=ASSIGNED | CT6_Corporate culture
2026-10-05T18:20:02+0500 | NEW | kelvinch | 73036 | status=ASSIGNED | CT7_Corporate Communication
2026-10-05T18:20:02+0500 | NEW | kelvinch | 73037 | status=ASSIGNED | CT8_Career planning
2026-10-05T18:20:02+0500 | NEW | kelvinch | 73202 | status=ACCEPTED | SberJv1_Team Git workflow
2026-10-05T18:20:02+0500 | NEW | kelvinch | 73204 | status=IN_REVIEWS | SberJv2_Setup
2026-10-05T18:20:02+0500 | NEW | kelvinch | 73205 | status=ASSIGNED | QA_Ex
2026-10-05T18:20:02+0500 | NEW | kelvinch | 73206 | status=IN_REVIEWS | SberJv3_Clean code
2026-10-05T18:20:02+0500 | NEW | kelvinch | 73207 | status=ASSIGNED | SberJv5_Observability
2026-10-05T18:20:02+0500 | NEW | kelvinch | 73209 | status=ASSIGNED | SberJv6_DB Performance
2026-10-05T18:20:02+0500 | NEW | kelvinch | 73210 | status=ASSIGNED | BInf1_PlasmidQC
2026-10-05T18:20:02+0500 | NEW | kelvinch | 73212 | status=ASSIGNED | BInf2_HBBScan
2026-10-05T18:20:02+0500 | NEW | kelvinch | 73216 | status=ASSIGNED | BInf3_GenomeMatch
2026-10-05T18:20:02+0500 | NEW | kelvinch | 73226 | status=ASSIGNED | BInf4_FLM splice
2026-10-05T18:20:02+0500 | NEW | kelvinch | 73227 | status=ASSIGNED | BInf5_Soma align
2026-10-05T18:20:02+0500 | NEW | kelvinch | 73228 | status=ASSIGNED | BInf6_BlaNDM1 resist
2026-10-05T18:20:02+0500 | NEW | kelvinch | 73229 | status=ASSIGNED | BInf7_RbcL evolution
2026-10-05T18:20:02+0500 | NEW | kelvinch | 73230 | status=ASSIGNED | BInf8_SNP SUC2 Osm
2026-10-05T18:20:02+0500 | NEW | kelvinch | 73232 | status=ASSIGNED | BInf10_Plasmid Resist
2026-10-05T18:20:02+0500 | NEW | kelvinch | 73235 | status=ASSIGNED | BInf13_EcoliPhylo
2026-10-05T18:20:02+0500 | NEW | kelvinch | 73243 | status=ASSIGNED | UX/UI2_UX Design 
2026-10-05T18:20:02+0500 | NEW | kelvinch | 73244 | status=ASSIGNED | UX/UI3_UI Design 
2026-10-05T18:20:02+0500 | NEW | kelvinch | 73245 | status=ASSIGNED | UX/UI4_Design&UI kit
2026-10-05T18:20:02+0500 | NEW | kelvinch | 73246 | status=ASSIGNED | UX/UI5_Prototyp&test
2026-10-05T18:20:02+0500 | NEW | kelvinch | 73247 | status=ASSIGNED | UX/UI6_Website builder
2026-10-05T18:20:02+0500 | NEW | kelvinch | 73254 | status=ASSIGNED | UX/UI10_Mobile application
2026-10-05T18:20:02+0500 | NEW | kelvinch | 73260 | status=ASSIGNED | AI1_Agent 
2026-10-05T18:20:02+0500 | NEW | kelvinch | 73277 | status=ASSIGNED | PjM5_ReqGather
2026-10-05T18:20:02+0500 | NEW | kelvinch | 73278 | status=ASSIGNED | PjM4_PjMTools
2026-10-05T18:20:02+0500 | NEW | kelvinch | 73279 | status=ASSIGNED | SberJv4_Reliability
2026-10-05T18:20:02+0500 | NEW | kelvinch | 73282 | status=ASSIGNED | PjM8_RisksMng
2026-10-05T18:20:02+0500 | NEW | kelvinch | 73283 | status=ASSIGNED | PjM9_PlanStr
2026-10-05T18:20:02+0500 | NEW | kelvinch | 73284 | status=ASSIGNED | PjM10_EffPlan
2026-10-05T18:20:02+0500 | NEW | kelvinch | 73285 | status=ASSIGNED | PjM11_Backlog
2026-10-05T18:20:02+0500 | NEW | kelvinch | 73286 | status=ASSIGNED | PjM12_Budget
2026-10-05T18:20:02+0500 | NEW | kelvinch | 73287 | status=ASSIGNED | PjM13_BusCorr
2026-10-05T18:20:02+0500 | NEW | kelvinch | 73290 | status=ASSIGNED | PjM16_TeamCom
2026-10-05T18:20:02+0500 | NEW | kelvinch | 73292 | status=ASSIGNED | PjM18_Analytic
2026-10-05T18:20:02+0500 | NEW | kelvinch | 73293 | status=ASSIGNED | PjM19_ProtDsgn
2026-10-05T18:20:02+0500 | NEW | kelvinch | 73294 | status=ASSIGNED | PjM20_FrontBack
2026-10-05T18:20:02+0500 | NEW | kelvinch | 73295 | status=ASSIGNED | PjM21_ITInfStruct
2026-10-05T18:20:02+0500 | NEW | kelvinch | 73297 | status=ASSIGNED | UX/UI1_Intro
2026-10-05T18:20:02+0500 | NEW | kelvinch | 73298 | status=ASSIGNED | PjM_Ex
2026-10-05T18:20:02+0500 | NEW | kelvinch | 73300 | status=ASSIGNED | DSB1_UNIX_Command_Line_Tools_DELETE
2026-10-05T18:20:02+0500 | NEW | kelvinch | 73301 | status=ASSIGNED | DSB2_Syntax&Semantics
2026-10-05T18:20:02+0500 | NEW | kelvinch | 73302 | status=ASSIGNED | DSB3_OOP skills
2026-10-05T18:20:02+0500 | NEW | kelvinch | 73303 | status=ASSIGNED | DSB4_Package management
2026-10-05T18:20:02+0500 | NEW | kelvinch | 73304 | status=ASSIGNED | DSB5_Efficient code practices
2026-10-05T18:20:02+0500 | NEW | kelvinch | 73305 | status=ASSIGNED | DSB6_MovieLens Analytics
2026-10-05T18:20:02+0500 | NEW | kelvinch | 73306 | status=ASSIGNED | DSB7_Pandas
2026-10-05T18:20:02+0500 | NEW | kelvinch | 73307 | status=ASSIGNED | DSB8_SQL&Pandas
2026-10-05T18:20:02+0500 | NEW | kelvinch | 73308 | status=ASSIGNED | DSB9_Pandas_SQL& Data Visual
2026-10-05T18:20:02+0500 | NEW | kelvinch | 73309 | status=ASSIGNED | DSB10_Intro to ML
2026-10-05T18:20:02+0500 | NEW | kelvinch | 73310 | status=ASSIGNED | DSB11_ML: Advanced
2026-10-05T18:20:02+0500 | NEW | kelvinch | 73311 | status=ASSIGNED | DSB12_Food&nutrition
2026-10-05T18:20:02+0500 | NEW | kelvinch | 73366 | status=ASSIGNED | UX/UI7_Transferring layouts
2026-10-05T18:20:02+0500 | NEW | kelvinch | 73367 | status=ASSIGNED | UX/UI8_Team processes
2026-10-05T18:20:02+0500 | NEW | kelvinch | 73368 | status=ASSIGNED | UX/UI9_Formation of requirements
2026-10-05T18:20:02+0500 | NEW | kelvinch | 73375 | status=ASSIGNED | UX/UI11_Interface creation
2026-10-05T18:20:02+0500 | NEW | kelvinch | 73376 | status=ASSIGNED | UX/UI12_Portfolio
2026-10-05T18:20:02+0500 | NEW | kelvinch | 73381 | status=ASSIGNED | PjM6_ProAnalysis
2026-10-05T18:20:02+0500 | NEW | kelvinch | 73382 | status=ASSIGNED | PjM7_UserStory
2026-10-05T18:20:02+0500 | NEW | kelvinch | 73396 | status=ASSIGNED | BInf9_HY5 StemMut
2026-10-05T18:20:02+0500 | NEW | kelvinch | 73398 | status=ASSIGNED | BInf11_SNP screen
2026-10-05T18:20:02+0500 | NEW | kelvinch | 73399 | status=ASSIGNED | BInf12_Diagnostic pipeline
2026-10-05T18:20:02+0500 | NEW | kelvinch | 73400 | status=ASSIGNED | BInf14_BRCA1 evolution
2026-10-05T18:20:02+0500 | NEW | kelvinch | 73401 | status=ASSIGNED | BInf15_ESBL Resistome
2026-10-05T18:20:02+0500 | NEW | kelvinch | 73402 | status=ASSIGNED | BInf16_CFTR genotyping
2026-10-05T18:20:02+0500 | NEW | kelvinch | 73430 | status=ASSIGNED | PjM22_CompPro
2026-10-05T18:20:02+0500 | NEW | kelvinch | 73446 | status=ASSIGNED | UX/UI_Ex
2026-10-05T18:20:02+0500 | NEW | kelvinch | 73461 | status=ASSIGNED | PjM14_EffNeg
2026-10-05T18:20:02+0500 | NEW | kelvinch | 73462 | status=ASSIGNED | PjM15_PubApp
2026-10-05T18:20:02+0500 | NEW | kelvinch | 73463 | status=ASSIGNED | PM1_PMStarterPack
2026-10-05T18:20:02+0500 | NEW | kelvinch | 73465 | status=ASSIGNED | PM2_MetricsDriven
2026-10-05T18:20:02+0500 | NEW | kelvinch | 73466 | status=ASSIGNED | PM3_UnitEconomics
2026-10-05T18:20:02+0500 | NEW | kelvinch | 73467 | status=ASSIGNED | PM4_ResearchCycle
2026-10-05T18:20:02+0500 | NEW | kelvinch | 73468 | status=ASSIGNED | PM5_DesignDriven
2026-10-05T18:20:02+0500 | NEW | kelvinch | 73473 | status=ASSIGNED | PM6_UserRetention
2026-10-05T18:20:02+0500 | NEW | kelvinch | 73474 | status=ASSIGNED | PM7_DiscoveryCycles
2026-10-05T18:20:02+0500 | NEW | kelvinch | 73475 | status=ASSIGNED | PM8_DevToProd
2026-10-05T18:20:02+0500 | NEW | kelvinch | 73476 | status=ASSIGNED | PM9_TrafficToSale
2026-10-05T18:20:02+0500 | NEW | kelvinch | 73477 | status=ASSIGNED | PM10_SoloShip
2026-10-05T18:20:02+0500 | NEW | kelvinch | 73478 | status=ASSIGNED | PjM17_TeamMng
2026-10-05T18:20:02+0500 | NEW | kelvinch | 73494 | status=ASSIGNED | Core_Strategy
2026-10-05T18:20:02+0500 | NEW | kelvinch | 73542 | status=ASSIGNED | PM_Ex
2026-10-05T18:20:02+0500 | NEW | kelvinch | 73604 | status=ASSIGNED | AIE1_Request Router
2026-10-05T18:20:02+0500 | NEW | kelvinch | 73605 | status=ASSIGNED | AIE2_JSON Logs Parser
2026-10-05T18:20:02+0500 | NEW | kelvinch | 73606 | status=ASSIGNED | AIE3_Mock API Client
2026-10-05T18:20:02+0500 | NEW | kelvinch | 73607 | status=ASSIGNED | AIE4_Docs Preprocessing
2026-10-05T18:20:02+0500 | NEW | kelvinch | 73608 | status=ASSIGNED | AIE5_Rule FAQ Bot
2026-10-05T18:20:02+0500 | NEW | kelvinch | 73609 | status=ASSIGNED | AIE6_Legacy Code Refactor
2026-10-05T18:20:02+0500 | NEW | kelvinch | 73610 | status=ASSIGNED | AIE7_Embedding Cache Service
2026-10-05T18:20:02+0500 | NEW | kelvinch | 73611 | status=ASSIGNED | AIE8_Vector Metadata Store
2026-10-05T18:20:02+0500 | NEW | kelvinch | 73613 | status=ASSIGNED | AIE10_LLM Gateway Cache
2026-10-05T18:20:02+0500 | NEW | kelvinch | 73614 | status=ASSIGNED | AIE11_Contract Alignment
2026-10-05T18:20:02+0500 | NEW | kelvinch | 73615 | status=ASSIGNED | AIE12_First Call Logging
2026-10-05T18:20:02+0500 | NEW | kelvinch | 73616 | status=ASSIGNED | AIE13_Prompt Strategies Compare
2026-10-05T18:20:02+0500 | NEW | kelvinch | 73617 | status=ASSIGNED | AIE14_BOT_Hallucination Control Bot
2026-10-05T18:20:02+0500 | NEW | kelvinch | 73618 | status=ASSIGNED | AIE15_Chunking Strategies
2026-10-05T18:20:02+0500 | NEW | kelvinch | 73619 | status=ASSIGNED | AIE16_Chroma Hybrid Search
2026-10-05T18:20:02+0500 | NEW | kelvinch | 73621 | status=ASSIGNED | AIE18_Incremental Index Update
2026-10-05T18:20:02+0500 | NEW | kelvinch | 73622 | status=ASSIGNED | AIE19_Product Analytics Suite
2026-10-05T18:20:02+0500 | NEW | kelvinch | 73623 | status=ASSIGNED | AIE20_Requirements Analysis
2026-10-05T18:20:02+0500 | NEW | kelvinch | 73624 | status=ASSIGNED | AIE21_Prompt Defence Red
2026-10-05T18:20:02+0500 | NEW | kelvinch | 73625 | status=ASSIGNED | AIE22_Enterprise Integration Map
2026-10-05T18:20:02+0500 | NEW | kelvinch | 73626 | status=ASSIGNED | AIE23_Tool Agent RAG
2026-10-05T18:20:02+0500 | NEW | kelvinch | 73628 | status=ASSIGNED | AIE25_Agents Subagents
2026-10-05T18:20:02+0500 | NEW | kelvinch | 73629 | status=ASSIGNED | AIE26_Production AI Assistant
2026-10-05T18:20:02+0500 | NEW | kelvinch | 73632 | status=ASSIGNED | AIE9_Async Text Classifier
2026-10-05T18:20:02+0500 | NEW | kelvinch | 73633 | status=ASSIGNED | AIE17_Full RAG Citations
2026-10-05T18:20:02+0500 | NEW | kelvinch | 73634 | status=ASSIGNED | AIE24_Server n8n Workflow
2026-10-05T18:20:02+0500 | NEW | kelvinch | 73636 | status=ASSIGNED | TP1_SegmentScan
2026-10-05T18:20:02+0500 | NEW | kelvinch | 73637 | status=ASSIGNED | TP2_InsightScope
2026-10-05T18:20:02+0500 | NEW | kelvinch | 73638 | status=ASSIGNED | TP3_ProductConcept
2026-10-05T18:20:02+0500 | NEW | kelvinch | 73639 | status=ASSIGNED | TP4_ModelFit
2026-10-05T18:20:02+0500 | NEW | kelvinch | 73640 | status=ASSIGNED | TP5_Unitecon
2026-10-05T18:20:02+0500 | NEW | kelvinch | 73641 | status=ASSIGNED | TP6_MVPScope
2026-10-05T18:20:02+0500 | NEW | kelvinch | 73642 | status=ASSIGNED | TP7_MVPBuild
2026-10-05T18:20:02+0500 | NEW | kelvinch | 73643 | status=ASSIGNED | TP8_MVPDeploy
2026-10-05T18:20:02+0500 | NEW | kelvinch | 73644 | status=ASSIGNED | TP9_GoToMarket
2026-10-05T18:20:02+0500 | NEW | kelvinch | 73645 | status=ASSIGNED | TP10_SupportFlow
2026-10-05T18:20:02+0500 | NEW | kelvinch | 73646 | status=ASSIGNED | TP11_DataLegal
2026-10-05T18:20:02+0500 | NEW | kelvinch | 73647 | status=ASSIGNED | TP12_Strategy
2026-10-05T18:20:02+0500 | NEW | kelvinch | 73648 | status=ASSIGNED | TP13_PitchReady
2026-10-05T18:20:02+0500 | NEW | noahreyn | 21389 | status=ASSIGNED | APP1 Bootcamp. Day00
2026-10-05T18:20:02+0500 | NEW | noahreyn | 21390 | status=ASSIGNED | APP1 Bootcamp. Day01
2026-10-05T18:20:02+0500 | NEW | noahreyn | 21412 | status=ASSIGNED | APP1 Bootcamp. Day03
2026-10-05T18:20:02+0500 | NEW | noahreyn | 21413 | status=ASSIGNED | APP1 Bootcamp. Day02
2026-10-05T18:20:02+0500 | NEW | noahreyn | 21414 | status=ASSIGNED | APP1 Bootcamp. Day04
2026-10-05T18:20:02+0500 | NEW | noahreyn | 21415 | status=ASSIGNED | APP1 Bootcamp. Team00
2026-10-05T18:20:02+0500 | NEW | noahreyn | 21416 | status=ASSIGNED | APP1 Bootcamp. Day05
2026-10-05T18:20:02+0500 | NEW | noahreyn | 21417 | status=ASSIGNED | APP1 Bootcamp. Day06
2026-10-05T18:20:02+0500 | NEW | noahreyn | 21418 | status=ASSIGNED | APP1 Bootcamp. Day07
2026-10-05T18:20:02+0500 | NEW | noahreyn | 21419 | status=ASSIGNED | APP1 Bootcamp. Day08
2026-10-05T18:20:02+0500 | NEW | noahreyn | 21420 | status=ASSIGNED | APP1 Bootcamp. Team01
2026-10-05T18:20:02+0500 | NEW | noahreyn | 26477 | status=ACCEPTED | C3_s21_stringplus
2026-10-05T18:20:02+0500 | NEW | noahreyn | 26478 | status=ACCEPTED | C2_SimpleBashUtils
2026-10-05T18:20:02+0500 | NEW | noahreyn | 26480 | status=ASSIGNED | C4_s21_math
2026-10-05T18:20:02+0500 | NEW | noahreyn | 26481 | status=ACCEPTED | C5_s21_decimal
2026-10-05T18:20:02+0500 | NEW | noahreyn | 26482 | status=ACCEPTED | C6_s21_matrix
2026-10-05T18:20:02+0500 | NEW | noahreyn | 26483 | status=ASSIGNED | SmartCalc_v1.0
2026-10-05T18:20:02+0500 | NEW | noahreyn | 26484 | status=ASSIGNED | C8_3DViewer_v1.0
2026-10-05T18:20:02+0500 | NEW | noahreyn | 26485 | status=ACCEPTED | CPP1_s21_matrix+
2026-10-05T18:20:02+0500 | NEW | noahreyn | 26486 | status=REGISTERED | CPP2_s21_containers
2026-10-05T18:20:02+0500 | NEW | noahreyn | 26487 | status=ASSIGNED | CPP3_SmartCalc_v2.0
2026-10-05T18:20:02+0500 | NEW | noahreyn | 26488 | status=ASSIGNED | CPP4_3DViewer_v2.0
2026-10-05T18:20:02+0500 | NEW | noahreyn | 26489 | status=ASSIGNED | CPP5_3DViewer_v2.1
2026-10-05T18:20:02+0500 | NEW | noahreyn | 26490 | status=ASSIGNED | CPP6_3DViewer_v2.2
2026-10-05T18:20:02+0500 | NEW | noahreyn | 26491 | status=ASSIGNED | CPP7_MLP
2026-10-05T18:20:02+0500 | NEW | noahreyn | 26492 | status=ASSIGNED | CPP8_PhotoLab_v1.0
2026-10-05T18:20:02+0500 | NEW | noahreyn | 26493 | status=ASSIGNED | CPP9_Monitoring System
2026-10-05T18:20:02+0500 | NEW | noahreyn | 26557 | status=ACCEPTED | DO1_Linux
2026-10-05T18:20:02+0500 | NEW | noahreyn | 26558 | status=ACCEPTED | DO2_Linux Network
2026-10-05T18:20:02+0500 | NEW | noahreyn | 26559 | status=ASSIGNED | RetailAnalytics_v2.0_Web_Go
2026-10-05T18:20:02+0500 | NEW | noahreyn | 26560 | status=ASSIGNED | SmartCalc_v4.0_Web_Go
2026-10-05T18:20:02+0500 | NEW | noahreyn | 26561 | status=ASSIGNED | DO3_LinuxMonitoring v1.0
2026-10-05T18:20:02+0500 | NEW | noahreyn | 26562 | status=ASSIGNED | Info21_v2.0_Web_Go
2026-10-05T18:20:02+0500 | NEW | noahreyn | 26563 | status=ASSIGNED | DO4_LinuxMonitoring v2.0
2026-10-05T18:20:02+0500 | NEW | noahreyn | 26564 | status=ASSIGNED | SimpleWebStudio_v1.0_Go
2026-10-05T18:20:02+0500 | NEW | noahreyn | 26565 | status=ACCEPTED | DO5_SimpleDocker
2026-10-05T18:20:02+0500 | NEW | noahreyn | 26566 | status=ACCEPTED | DO6_CICD
2026-10-05T18:20:02+0500 | NEW | noahreyn | 26567 | status=ASSIGNED | SmartCalc_v3.0 Desktop (Go)
2026-10-05T18:20:02+0500 | NEW | noahreyn | 26568 | status=ASSIGNED | Maze
2026-10-05T18:20:02+0500 | NEW | noahreyn | 26569 | status=ASSIGNED | SimpleNavigator v1.0
2026-10-05T18:20:02+0500 | NEW | noahreyn | 26570 | status=ASSIGNED | RetailAnalytics_v2.0_Web_Python
2026-10-05T18:20:02+0500 | NEW | noahreyn | 26571 | status=ASSIGNED | Parallels
2026-10-05T18:20:02+0500 | NEW | noahreyn | 26572 | status=ASSIGNED | Crypto
2026-10-05T18:20:02+0500 | NEW | noahreyn | 26573 | status=ASSIGNED | SmartCalc_v4.0_Web_Python
2026-10-05T18:20:02+0500 | NEW | noahreyn | 26574 | status=ASSIGNED | s21_memory
2026-10-05T18:20:02+0500 | NEW | noahreyn | 26575 | status=ASSIGNED | Info21_v2.0_Web_Python
2026-10-05T18:20:02+0500 | NEW | noahreyn | 26577 | status=ASSIGNED | DNA Analyzer
2026-10-05T18:20:02+0500 | NEW | noahreyn | 26578 | status=ASSIGNED | Algorithmic trading
2026-10-05T18:20:02+0500 | NEW | noahreyn | 26579 | status=ASSIGNED | SimpleWebStudio_v1.0_Python
2026-10-05T18:20:02+0500 | NEW | noahreyn | 26581 | status=ASSIGNED | SmartCalc_v3.0 Desktop (Python)
2026-10-05T18:20:02+0500 | NEW | noahreyn | 26583 | status=ASSIGNED | SQL2_Info21_v1.0
2026-10-05T18:20:02+0500 | NEW | noahreyn | 26584 | status=ASSIGNED | RetailAnalytics_v2.0_Web_Java
2026-10-05T18:20:02+0500 | NEW | noahreyn | 26585 | status=ASSIGNED | SQL3_RetailAnalitycs v1.0
2026-10-05T18:20:02+0500 | NEW | noahreyn | 26586 | status=ASSIGNED | SmartCalc_v4.0_Web_Java
2026-10-05T18:20:02+0500 | NEW | noahreyn | 26589 | status=ASSIGNED | Info21_v2.0_Web_Java
2026-10-05T18:20:02+0500 | NEW | noahreyn | 26590 | status=ASSIGNED | SmartCalc v3.0 Desktop (C#)
2026-10-05T18:20:02+0500 | NEW | noahreyn | 26592 | status=ASSIGNED | SimpleWebStudio v1.0 C#
2026-10-05T18:20:02+0500 | NEW | noahreyn | 26593 | status=ASSIGNED | Info21_v2.0_Web_C#
2026-10-05T18:20:02+0500 | NEW | noahreyn | 26594 | status=ASSIGNED | SmartCalc v4.0 Web C#
2026-10-05T18:20:02+0500 | NEW | noahreyn | 26595 | status=ASSIGNED | SmartCalc_v3.0 Desktop (Java)
2026-10-05T18:20:02+0500 | NEW | noahreyn | 26596 | status=ASSIGNED | RetailAnalytics_v2.0_Web_C#
2026-10-05T18:20:02+0500 | NEW | noahreyn | 27289 | status=ASSIGNED | DS Healthcare. Project 01 
2026-10-05T18:20:02+0500 | NEW | noahreyn | 27290 | status=ASSIGNED | DS Healthcare. Project 02
2026-10-05T18:20:02+0500 | NEW | noahreyn | 27292 | status=ASSIGNED | DS Healthcare. Project 03
2026-10-05T18:20:02+0500 | NEW | noahreyn | 27295 | status=ASSIGNED | DS Healthcare. Project 04
2026-10-05T18:20:02+0500 | NEW | noahreyn | 27298 | status=ASSIGNED | DS Healthcare. Project 05
2026-10-05T18:20:02+0500 | NEW | noahreyn | 27299 | status=ASSIGNED | DS Healthcare. Project 06
2026-10-05T18:20:02+0500 | NEW | noahreyn | 27364 | status=ASSIGNED | Transactions
2026-10-05T18:20:02+0500 | NEW | noahreyn | 27373 | status=ASSIGNED | SimpleWebStudio_v1.0_Java
2026-10-05T18:20:02+0500 | NEW | noahreyn | 27711 | status=ASSIGNED | APC1 Bootcamp. Day00
2026-10-05T18:20:02+0500 | NEW | noahreyn | 27714 | status=ASSIGNED | APC1 Bootcamp. Day01
2026-10-05T18:20:02+0500 | NEW | noahreyn | 27715 | status=ASSIGNED | APC1 Bootcamp. Day02
2026-10-05T18:20:02+0500 | NEW | noahreyn | 27716 | status=ASSIGNED | APC1 Bootcamp. Day03
2026-10-05T18:20:02+0500 | NEW | noahreyn | 27717 | status=ASSIGNED | APC1 Bootcamp. Day04
2026-10-05T18:20:02+0500 | NEW | noahreyn | 27718 | status=ASSIGNED | APC1 Bootcamp. Day05
2026-10-05T18:20:02+0500 | NEW | noahreyn | 27719 | status=ASSIGNED | APC1 Bootcamp. Day06
2026-10-05T18:20:02+0500 | NEW | noahreyn | 27720 | status=ASSIGNED | APC1 Bootcamp. Day07
2026-10-05T18:20:02+0500 | NEW | noahreyn | 27721 | status=ASSIGNED | APC1 Bootcamp. Day08
2026-10-05T18:20:02+0500 | NEW | noahreyn | 27723 | status=ASSIGNED | APC1 Bootcamp. Team01
2026-10-05T18:20:02+0500 | NEW | noahreyn | 28037 | status=ASSIGNED | APG1 Bootcamp. Day00
2026-10-05T18:20:02+0500 | NEW | noahreyn | 28038 | status=ASSIGNED | APG1 Bootcamp.  Day01
2026-10-05T18:20:02+0500 | NEW | noahreyn | 28039 | status=ASSIGNED | APG1 Bootcamp. Day02
2026-10-05T18:20:02+0500 | NEW | noahreyn | 28040 | status=ASSIGNED | APG1 Bootcamp. Day03
2026-10-05T18:20:02+0500 | NEW | noahreyn | 28041 | status=ASSIGNED | APG1 Bootcamp. Day04
2026-10-05T18:20:02+0500 | NEW | noahreyn | 28042 | status=ASSIGNED | APG1 Bootcamp.  Day05
2026-10-05T18:20:02+0500 | NEW | noahreyn | 28043 | status=ASSIGNED | APG1 Bootcamp.  Day06
2026-10-05T18:20:02+0500 | NEW | noahreyn | 28044 | status=ASSIGNED | APG1 Bootcamp. Day07
2026-10-05T18:20:02+0500 | NEW | noahreyn | 28045 | status=ASSIGNED | APG1 Bootcamp. Day08
2026-10-05T18:20:02+0500 | NEW | noahreyn | 28046 | status=ASSIGNED | APG1 Bootcamp. Day09
2026-10-05T18:20:02+0500 | NEW | noahreyn | 28047 | status=ASSIGNED | APG1 Bootcamp. Team00
2026-10-05T18:20:02+0500 | NEW | noahreyn | 28048 | status=ASSIGNED | APG1 Bootcamp. Team01
2026-10-05T18:20:02+0500 | NEW | noahreyn | 28350 | status=ASSIGNED | APC1 Bootcamp. Team00
2026-10-05T18:20:02+0500 | NEW | noahreyn | 40313 | status=ASSIGNED | ROSB1_Intro
2026-10-05T18:20:03+0500 | NEW | noahreyn | 40648 | status=ASSIGNED | ROSB2_Advanced node
2026-10-05T18:20:03+0500 | NEW | noahreyn | 40649 | status=ASSIGNED | ROSB3_TF library 
2026-10-05T18:20:03+0500 | NEW | noahreyn | 40650 | status=ASSIGNED | ROSB4_Robot simulation
2026-10-05T18:20:03+0500 | NEW | noahreyn | 40651 | status=ASSIGNED | ROSB5_Robot sensor 
2026-10-05T18:20:03+0500 | NEW | noahreyn | 40652 | status=ASSIGNED | ROSB7_Robot mapping
2026-10-05T18:20:03+0500 | NEW | noahreyn | 40653 | status=ASSIGNED | ROSB8_Robot navigation
2026-10-05T18:20:03+0500 | NEW | noahreyn | 40655 | status=ASSIGNED | ROSB9_MoveIt arm control
2026-10-05T18:20:03+0500 | NEW | noahreyn | 40656 | status=ASSIGNED | ROSB10_Computer vision 
2026-10-05T18:20:03+0500 | NEW | noahreyn | 40657 | status=ASSIGNED | ROSB11_Robot behaviors 
2026-10-05T18:20:03+0500 | NEW | noahreyn | 40658 | status=ASSIGNED | ROSB6_Robot programming
2026-10-05T18:20:03+0500 | NEW | noahreyn | 40659 | status=ASSIGNED | ROSB12_Robotics Pro
2026-10-05T18:20:03+0500 | NEW | noahreyn | 40886 | status=ASSIGNED | APP1 Bootcamp. Day09
2026-10-05T18:20:03+0500 | NEW | noahreyn | 40910 | status=ACCEPTED | SQLB2_Retrieving data
2026-10-05T18:20:03+0500 | NEW | noahreyn | 40911 | status=ACCEPTED | SQLB3_Retrieving data deep dive
2026-10-05T18:20:03+0500 | NEW | noahreyn | 40912 | status=ACCEPTED | SQLB4_DML
2026-10-05T18:20:03+0500 | NEW | noahreyn | 40913 | status=ACCEPTED | SQLB5_Snapshots
2026-10-05T18:20:03+0500 | NEW | noahreyn | 40914 | status=ACCEPTED | SQLB7_Database index 
2026-10-05T18:20:03+0500 | NEW | noahreyn | 40915 | status=ACCEPTED | SQLB8_Integrating features
2026-10-05T18:20:03+0500 | NEW | noahreyn | 40916 | status=ACCEPTED | SQLB9_OLAP
2026-10-05T18:20:03+0500 | NEW | noahreyn | 40918 | status=ACCEPTED | SQLB10_Isolation levels
2026-10-05T18:20:03+0500 | NEW | noahreyn | 40919 | status=ACCEPTED | SQLB11_Functions and procs
2026-10-05T18:20:03+0500 | NEW | noahreyn | 40922 | status=ACCEPTED | SQLB12_Warehouse fundamentals
2026-10-05T18:20:03+0500 | NEW | noahreyn | 40964 | status=ACCEPTED | SQLB1_Basics
2026-10-05T18:20:03+0500 | NEW | noahreyn | 41377 | status=ASSIGNED | DevOps Exam_DELETE
2026-10-05T18:20:03+0500 | NEW | noahreyn | 47708 | status=ACCEPTED | SQLB6_Salesman problem
2026-10-05T18:20:03+0500 | NEW | noahreyn | 51184 | status=ASSIGNED | FE1_Browser extensions
2026-10-05T18:20:03+0500 | NEW | noahreyn | 51185 | status=ASSIGNED | FE2_Angular framework
2026-10-05T18:20:03+0500 | NEW | noahreyn | 51186 | status=ASSIGNED | FE3_Vue framework
2026-10-05T18:20:03+0500 | NEW | noahreyn | 51187 | status=ASSIGNED | FE4_CSS and animations
2026-10-05T18:20:03+0500 | NEW | noahreyn | 51188 | status=ASSIGNED | FE5_Canvas tag 
2026-10-05T18:20:03+0500 | NEW | noahreyn | 51190 | status=ASSIGNED | FE6_WebSocket
2026-10-05T18:20:03+0500 | NEW | noahreyn | 51191 | status=ASSIGNED | FE7_Code quality
2026-10-05T18:20:03+0500 | NEW | noahreyn | 51202 | status=ACCEPTED | CT2_Dream_job
2026-10-05T18:20:03+0500 | NEW | noahreyn | 51205 | status=ACCEPTED | CT1_Self_determination
2026-10-05T18:20:03+0500 | NEW | noahreyn | 51210 | status=ASSIGNED | Проект в разработке
2026-10-05T18:20:03+0500 | NEW | noahreyn | 51262 | status=IN_PROGRESS | DB Bootcamp. Day00
2026-10-05T18:20:03+0500 | NEW | noahreyn | 51263 | status=ASSIGNED | DB Bootcamp. Day01
2026-10-05T18:20:03+0500 | NEW | noahreyn | 51264 | status=ASSIGNED | DB Bootcamp. Day02
2026-10-05T18:20:03+0500 | NEW | noahreyn | 51363 | status=ASSIGNED | FEB1_JS
2026-10-05T18:20:03+0500 | NEW | noahreyn | 51394 | status=ASSIGNED | FEB2_Native JS
2026-10-05T18:20:03+0500 | NEW | noahreyn | 51399 | status=ASSIGNED | FEB3_HTML and CSS
2026-10-05T18:20:03+0500 | NEW | noahreyn | 51409 | status=ASSIGNED | FEB4_Advanced Web
2026-10-05T18:20:03+0500 | NEW | noahreyn | 51411 | status=ASSIGNED | FEB5_Express framework
2026-10-05T18:20:03+0500 | NEW | noahreyn | 51412 | status=ASSIGNED | FEB6_HTML templating
2026-10-05T18:20:03+0500 | NEW | noahreyn | 51413 | status=ASSIGNED | DB Bootcamp. Day03
2026-10-05T18:20:03+0500 | NEW | noahreyn | 51414 | status=ASSIGNED | FEB7_SeaBattle game
2026-10-05T18:20:03+0500 | NEW | noahreyn | 51415 | status=ASSIGNED | FEB8_React
2026-10-05T18:20:03+0500 | NEW | noahreyn | 51416 | status=ASSIGNED | FEB9_Memoization
2026-10-05T18:20:03+0500 | NEW | noahreyn | 51417 | status=ASSIGNED | FEB10_Data storages
2026-10-05T18:20:03+0500 | NEW | noahreyn | 51418 | status=ASSIGNED | FEB11_Routing
2026-10-05T18:20:03+0500 | NEW | noahreyn | 51419 | status=ASSIGNED | FEB12_React Redux
2026-10-05T18:20:03+0500 | NEW | noahreyn | 51420 | status=ASSIGNED | FEB13_TypeScript
2026-10-05T18:20:03+0500 | NEW | noahreyn | 51435 | status=ASSIGNED | DB Bootcamp. Day04
2026-10-05T18:20:03+0500 | NEW | noahreyn | 51462 | status=ASSIGNED | FEB14_Web Building
2026-10-05T18:20:03+0500 | NEW | noahreyn | 51472 | status=ASSIGNED | EEB1_Basics
2026-10-05T18:20:03+0500 | NEW | noahreyn | 51473 | status=ASSIGNED | EEB2_AC circuit analysis
2026-10-05T18:20:03+0500 | NEW | noahreyn | 51474 | status=ASSIGNED | EEB3_Circuit calc
2026-10-05T18:20:03+0500 | NEW | noahreyn | 51475 | status=ASSIGNED | EEB4_Connection circuits
2026-10-05T18:20:03+0500 | NEW | noahreyn | 51476 | status=ASSIGNED | EEB5_Operational amplifiers
2026-10-05T18:20:03+0500 | NEW | noahreyn | 51477 | status=ASSIGNED | EEB6_Filters
2026-10-05T18:20:03+0500 | NEW | noahreyn | 51478 | status=ASSIGNED | EEB7_Speed control
2026-10-05T18:20:03+0500 | NEW | noahreyn | 51479 | status=ASSIGNED | EEB8_Arduino boards
2026-10-05T18:20:03+0500 | NEW | noahreyn | 51480 | status=ASSIGNED | EEB9_Module integration
2026-10-05T18:20:03+0500 | NEW | noahreyn | 51481 | status=ASSIGNED | EEB10_STM fundamentals
2026-10-05T18:20:03+0500 | NEW | noahreyn | 51482 | status=ASSIGNED | EEB11_STM code
2026-10-05T18:20:03+0500 | NEW | noahreyn | 51483 | status=ASSIGNED | EEB12_Transferring data
2026-10-05T18:20:03+0500 | NEW | noahreyn | 51484 | status=ASSIGNED | EEB13_Satellite odometer
2026-10-05T18:20:03+0500 | NEW | noahreyn | 51485 | status=ASSIGNED | DS1_Tweets
2026-10-05T18:20:03+0500 | NEW | noahreyn | 51486 | status=ASSIGNED | DS2_Churn prediction
2026-10-05T18:20:03+0500 | NEW | noahreyn | 51487 | status=ASSIGNED | DS3_My Spotify
2026-10-05T18:20:03+0500 | NEW | noahreyn | 51488 | status=ASSIGNED | DS4_Understanding customer
2026-10-05T18:20:03+0500 | NEW | noahreyn | 51489 | status=ASSIGNED | DS5_Uber
2026-10-05T18:20:03+0500 | NEW | noahreyn | 51490 | status=ASSIGNED | DS8_Fried Eggs
2026-10-05T18:20:03+0500 | NEW | noahreyn | 51491 | status=ASSIGNED | DS7_Amazon
2026-10-05T18:20:03+0500 | NEW | noahreyn | 51492 | status=ASSIGNED | DS6_City life
2026-10-05T18:20:03+0500 | NEW | noahreyn | 51496 | status=FAILED | DSB1_UNIX Command Line Tools_
2026-10-05T18:20:03+0500 | NEW | noahreyn | 51497 | status=ASSIGNED | DSB2_Syntax&Semantics_
2026-10-05T18:20:03+0500 | NEW | noahreyn | 51498 | status=ASSIGNED | DSB3_OOP skills_
2026-10-05T18:20:03+0500 | NEW | noahreyn | 51499 | status=ASSIGNED | DSB4_Package management_
2026-10-05T18:20:03+0500 | NEW | noahreyn | 51500 | status=ASSIGNED | DSB5_Efficient code practices_
2026-10-05T18:20:03+0500 | NEW | noahreyn | 51501 | status=ASSIGNED | DSB6_MovieLens Analytics_
2026-10-05T18:20:03+0500 | NEW | noahreyn | 51502 | status=ASSIGNED | DSB7_Pandas_
2026-10-05T18:20:03+0500 | NEW | noahreyn | 51503 | status=ASSIGNED | DSB8_SQL&Pandas_
2026-10-05T18:20:03+0500 | NEW | noahreyn | 51504 | status=ASSIGNED | DSB9_Pandas_SQL& Data Visual_
2026-10-05T18:20:03+0500 | NEW | noahreyn | 51505 | status=ASSIGNED | DSB10_Intro to ML_
2026-10-05T18:20:03+0500 | NEW | noahreyn | 51506 | status=ASSIGNED | DSB11_ML: Advanced_
2026-10-05T18:20:03+0500 | NEW | noahreyn | 51507 | status=ASSIGNED | DSB12_Food&nutrition_
2026-10-05T18:20:03+0500 | NEW | noahreyn | 51508 | status=REGISTERED | DB Bootcamp. Day05
2026-10-05T18:20:03+0500 | NEW | noahreyn | 51509 | status=ASSIGNED | DB Bootcamp. Day06
2026-10-05T18:20:03+0500 | NEW | noahreyn | 51510 | status=ASSIGNED | DB Bootcamp. Day07
2026-10-05T18:20:03+0500 | NEW | noahreyn | 51511 | status=ASSIGNED | DB Bootcamp. Day08
2026-10-05T18:20:03+0500 | NEW | noahreyn | 51512 | status=ASSIGNED | DB Bootcamp. Day09
2026-10-05T18:20:03+0500 | NEW | noahreyn | 51513 | status=ASSIGNED | DB Bootcamp. Team00
2026-10-05T18:20:03+0500 | NEW | noahreyn | 51517 | status=IN_PROGRESS | CT3_CV_Resume
2026-10-05T18:20:03+0500 | NEW | noahreyn | 51518 | status=ASSIGNED | CT4_Interview_
2026-10-05T18:20:03+0500 | NEW | noahreyn | 51529 | status=ASSIGNED | CT5_Teamwork_
2026-10-05T18:20:03+0500 | NEW | noahreyn | 51652 | status=ASSIGNED | DB Bootcamp. Team01
2026-10-05T18:20:03+0500 | NEW | noahreyn | 51654 | status=ASSIGNED | CT6_Corporate_culture 
2026-10-05T18:20:03+0500 | NEW | noahreyn | 51659 | status=ASSIGNED | CT7_Corporate_Communication
2026-10-05T18:20:03+0500 | NEW | noahreyn | 51660 | status=ASSIGNED | CT8_Career_planning
2026-10-05T18:20:03+0500 | NEW | noahreyn | 52870 | status=ASSIGNED | Kotlin Bootcamp. Day00
2026-10-05T18:20:03+0500 | NEW | noahreyn | 52871 | status=ASSIGNED | Kotlin Bootcamp. Day01
2026-10-05T18:20:03+0500 | NEW | noahreyn | 52872 | status=ASSIGNED | Kotlin Bootcamp. Day02
2026-10-05T18:20:03+0500 | NEW | noahreyn | 52873 | status=ASSIGNED | Kotlin Bootcamp. Day03
2026-10-05T18:20:03+0500 | NEW | noahreyn | 52878 | status=ASSIGNED | Kotlin Bootcamp. Day04
2026-10-05T18:20:03+0500 | NEW | noahreyn | 52879 | status=ASSIGNED | Kotlin Bootcamp. Team00
2026-10-05T18:20:03+0500 | NEW | noahreyn | 52880 | status=ASSIGNED | Kotlin Bootcamp. Day05
2026-10-05T18:20:03+0500 | NEW | noahreyn | 52881 | status=ASSIGNED | Kotlin Bootcamp. Day06
2026-10-05T18:20:03+0500 | NEW | noahreyn | 52882 | status=ASSIGNED | Kotlin Bootcamp. Day07
2026-10-05T18:20:03+0500 | NEW | noahreyn | 52883 | status=ASSIGNED | Kotlin Bootcamp. Day08
2026-10-05T18:20:03+0500 | NEW | noahreyn | 52884 | status=ASSIGNED | Kotlin Bootcamp. Day09
2026-10-05T18:20:03+0500 | NEW | noahreyn | 52885 | status=ASSIGNED | Kotlin Bootcamp. Team01
2026-10-05T18:20:03+0500 | NEW | noahreyn | 53016 | status=ASSIGNED | Java Bootcamp. Day00
2026-10-05T18:20:03+0500 | NEW | noahreyn | 53017 | status=ASSIGNED | Java Bootcamp. Day01
2026-10-05T18:20:03+0500 | NEW | noahreyn | 53018 | status=ASSIGNED | Java Bootcamp. Day02
2026-10-05T18:20:03+0500 | NEW | noahreyn | 53019 | status=ASSIGNED | Java Bootcamp. Day03
2026-10-05T18:20:03+0500 | NEW | noahreyn | 53020 | status=ASSIGNED | Java Bootcamp. Day04
2026-10-05T18:20:03+0500 | NEW | noahreyn | 53021 | status=ASSIGNED | Java Bootcamp. Team00
2026-10-05T18:20:03+0500 | NEW | noahreyn | 53022 | status=ASSIGNED | Java Bootcamp. Day05
2026-10-05T18:20:03+0500 | NEW | noahreyn | 53025 | status=ASSIGNED | Java Bootcamp. Day06
2026-10-05T18:20:03+0500 | NEW | noahreyn | 53026 | status=ASSIGNED | Java Bootcamp. Day07
2026-10-05T18:20:03+0500 | NEW | noahreyn | 53035 | status=ASSIGNED | Java Bootcamp. Day08
2026-10-05T18:20:03+0500 | NEW | noahreyn | 53036 | status=ASSIGNED | Java Bootcamp. Day09
2026-10-05T18:20:03+0500 | NEW | noahreyn | 53037 | status=ASSIGNED | Java Bootcamp. Team01
2026-10-05T18:20:03+0500 | NEW | noahreyn | 57572 | status=ASSIGNED | CPP Exam
2026-10-05T18:20:03+0500 | NEW | noahreyn | 57573 | status=ASSIGNED | CPPE-T
2026-10-05T18:20:03+0500 | NEW | noahreyn | 59888 | status=ASSIGNED | Core final testing
2026-10-05T18:20:03+0500 | NEW | noahreyn | 59889 | status=ASSIGNED | Core final exam
2026-10-05T18:20:03+0500 | NEW | noahreyn | 60672 | status=ASSIGNED | Swift Bootcamp. Day00
2026-10-05T18:20:03+0500 | NEW | noahreyn | 60673 | status=ASSIGNED | Swift Bootcamp. Day01
2026-10-05T18:20:03+0500 | NEW | noahreyn | 60674 | status=ASSIGNED | Swift Bootcamp. Day02
2026-10-05T18:20:03+0500 | NEW | noahreyn | 60675 | status=ASSIGNED | Swift Bootcamp. Day03
2026-10-05T18:20:03+0500 | NEW | noahreyn | 60676 | status=ASSIGNED | Swift Bootcamp. Day04
2026-10-05T18:20:03+0500 | NEW | noahreyn | 60677 | status=ASSIGNED | Swift Bootcamp. Team00
2026-10-05T18:20:03+0500 | NEW | noahreyn | 60680 | status=ASSIGNED | Swift Bootcamp. Day05
2026-10-05T18:20:03+0500 | NEW | noahreyn | 60681 | status=ASSIGNED | Swift Bootcamp. Day06
2026-10-05T18:20:03+0500 | NEW | noahreyn | 60682 | status=ASSIGNED | Swift Bootcamp. Day07
2026-10-05T18:20:03+0500 | NEW | noahreyn | 60683 | status=ASSIGNED | Swift Bootcamp. Day08
2026-10-05T18:20:03+0500 | NEW | noahreyn | 60684 | status=ASSIGNED | Swift Bootcamp. Day09
2026-10-05T18:20:03+0500 | NEW | noahreyn | 60685 | status=ASSIGNED | Swift Bootcamp. Team01
2026-10-05T18:20:03+0500 | NEW | noahreyn | 61411 | status=ASSIGNED | DO7_Docker Compose
2026-10-05T18:20:03+0500 | NEW | noahreyn | 61424 | status=ASSIGNED | DO8_AutomationTools
2026-10-05T18:20:03+0500 | NEW | noahreyn | 61425 | status=ASSIGNED | DO9_Monitoring
2026-10-05T18:20:03+0500 | NEW | noahreyn | 61426 | status=ASSIGNED | DO10_BasicK8s
2026-10-05T18:20:03+0500 | NEW | noahreyn | 61427 | status=ASSIGNED | DO11_AdvK8s
2026-10-05T18:20:03+0500 | NEW | noahreyn | 61428 | status=ASSIGNED | DO12_Helm
2026-10-05T18:20:03+0500 | NEW | noahreyn | 62392 | status=ASSIGNED | ML1_Introduction
2026-10-05T18:20:03+0500 | NEW | noahreyn | 62393 | status=ASSIGNED | ML2_Supervised learning
2026-10-05T18:20:03+0500 | NEW | noahreyn | 62394 | status=ASSIGNED | ML3_Validation
2026-10-05T18:20:03+0500 | NEW | noahreyn | 62395 | status=ASSIGNED | ML4_Classification problems
2026-10-05T18:20:03+0500 | NEW | noahreyn | 62396 | status=ASSIGNED | ML5_Decision trees
2026-10-05T18:20:03+0500 | NEW | noahreyn | 62397 | status=ASSIGNED | ML6_Unsupervised learning
2026-10-05T18:20:03+0500 | NEW | noahreyn | 62398 | status=ASSIGNED | ML7_Clustering algorithms
2026-10-05T18:20:03+0500 | NEW | noahreyn | 62399 | status=ASSIGNED | ML8_Neural networks
2026-10-05T18:20:03+0500 | NEW | noahreyn | 62400 | status=ASSIGNED | ML9_Convolutional networks 
2026-10-05T18:20:03+0500 | NEW | noahreyn | 62401 | status=ASSIGNED | ML10_RNNs
2026-10-05T18:20:03+0500 | NEW | noahreyn | 62403 | status=ASSIGNED | ML11_Attention mechanism
2026-10-05T18:20:03+0500 | NEW | noahreyn | 62404 | status=ASSIGNED | ML12_Generative ML
2026-10-05T18:20:03+0500 | NEW | noahreyn | 62813 | status=ASSIGNED | SA1_Software specs
2026-10-05T18:20:03+0500 | NEW | noahreyn | 62825 | status=ASSIGNED | SA2_Software quality
2026-10-05T18:20:03+0500 | NEW | noahreyn | 62826 | status=ASSIGNED | SA3_Requirements analysis
2026-10-05T18:20:03+0500 | NEW | noahreyn | 62827 | status=ASSIGNED | SA4_SDD
2026-10-05T18:20:03+0500 | NEW | noahreyn | 62828 | status=ASSIGNED | SA5_Complex architecture
2026-10-05T18:20:03+0500 | NEW | noahreyn | 62829 | status=ASSIGNED | SA6_TOGAF framework
2026-10-05T18:20:03+0500 | NEW | noahreyn | 62954 | status=ACCEPTED | BE1_HttpAuth
2026-10-05T18:20:03+0500 | NEW | noahreyn | 62955 | status=ACCEPTED | BE2_APIFromSpec
2026-10-05T18:20:03+0500 | NEW | noahreyn | 62957 | status=IN_PROGRESS | BE3_Nginx Pro
2026-10-05T18:20:03+0500 | NEW | noahreyn | 62958 | status=ACCEPTED | BE4_GRPCAuth
2026-10-05T18:20:03+0500 | NEW | noahreyn | 62959 | status=ASSIGNED | BE5_Message broker
2026-10-05T18:20:03+0500 | NEW | noahreyn | 62960 | status=ASSIGNED | BE6_Data sharding
2026-10-05T18:20:03+0500 | NEW | noahreyn | 62961 | status=ASSIGNED | GD1_Meeting Unity
2026-10-05T18:20:03+0500 | NEW | noahreyn | 62962 | status=ASSIGNED | GD2_Game Design
2026-10-05T18:20:03+0500 | NEW | noahreyn | 62963 | status=ASSIGNED | GD3_DOD
2026-10-05T18:20:03+0500 | NEW | noahreyn | 62964 | status=ASSIGNED | GD4_Multiplayer
2026-10-05T18:20:03+0500 | NEW | noahreyn | 62966 | status=ASSIGNED | GD5_Shaders
2026-10-05T18:20:03+0500 | NEW | noahreyn | 62967 | status=ASSIGNED | GD6_Hypercasual
2026-10-05T18:20:03+0500 | NEW | noahreyn | 62968 | status=ASSIGNED | GD7_Unreal Engine
2026-10-05T18:20:03+0500 | NEW | noahreyn | 63932 | status=ASSIGNED | DO14_Final
2026-10-05T18:20:03+0500 | NEW | noahreyn | 63934 | status=ASSIGNED | DO13_CICD Pipeline
2026-10-05T18:20:03+0500 | NEW | noahreyn | 64043 | status=ASSIGNED | Mobile Kotlin_BasicApp
2026-10-05T18:20:03+0500 | NEW | noahreyn | 64044 | status=ASSIGNED | Mobile Kotlin_AuthApp
2026-10-05T18:20:03+0500 | NEW | noahreyn | 64049 | status=ASSIGNED | Mobile Swift_BasicApp
2026-10-05T18:20:03+0500 | NEW | noahreyn | 64050 | status=ASSIGNED | Mobile Swift_AuthApp
2026-10-05T18:20:03+0500 | NEW | noahreyn | 64402 | status=ASSIGNED | FE8_Data vis
2026-10-05T18:20:03+0500 | NEW | noahreyn | 66062 | status=ASSIGNED | DevOps Exam
2026-10-05T18:20:03+0500 | NEW | noahreyn | 67412 | status=ASSIGNED | CPP_Ex-p
2026-10-05T18:20:03+0500 | NEW | noahreyn | 67417 | status=ASSIGNED | CPP_Ex-t
2026-10-05T18:20:03+0500 | NEW | noahreyn | 68823 | status=ACCEPTED | C_Ex-t
2026-10-05T18:20:03+0500 | NEW | noahreyn | 68824 | status=ACCEPTED | C_Ex-p
2026-10-05T18:20:03+0500 | NEW | noahreyn | 68883 | status=ACCEPTED | SQL_Ex-t
2026-10-05T18:20:03+0500 | NEW | noahreyn | 68901 | status=REGISTERED | SQL_Ex-p
2026-10-05T18:20:03+0500 | NEW | noahreyn | 68976 | status=ACCEPTED | DO_Ex-t
2026-10-05T18:20:03+0500 | NEW | noahreyn | 68977 | status=ACCEPTED | A_Ex-t
2026-10-05T18:20:03+0500 | NEW | noahreyn | 69039 | status=ASSIGNED | AP1-CS-T01
2026-10-05T18:20:03+0500 | NEW | noahreyn | 69040 | status=ASSIGNED | AP1-CS-T02
2026-10-05T18:20:03+0500 | NEW | noahreyn | 69041 | status=ASSIGNED | AP1-CS-P01
2026-10-05T18:20:03+0500 | NEW | noahreyn | 69042 | status=ASSIGNED | AP1-CS-T03
2026-10-05T18:20:03+0500 | NEW | noahreyn | 69043 | status=ASSIGNED | AP1-CS-T04B
2026-10-05T18:20:03+0500 | NEW | noahreyn | 69044 | status=ASSIGNED | AP1-CS-T05B
2026-10-05T18:20:03+0500 | NEW | noahreyn | 69045 | status=ASSIGNED | AP1-Go-T01
2026-10-05T18:20:03+0500 | NEW | noahreyn | 69046 | status=ASSIGNED | AP1-Go-T02
2026-10-05T18:20:03+0500 | NEW | noahreyn | 69047 | status=ASSIGNED | AP1-Go-P01
2026-10-05T18:20:03+0500 | NEW | noahreyn | 69048 | status=ASSIGNED | AP1-Go-T03
2026-10-05T18:20:03+0500 | NEW | noahreyn | 69049 | status=ASSIGNED | AP1-Go-T04B
2026-10-05T18:20:03+0500 | NEW | noahreyn | 69051 | status=ASSIGNED | AP1-Go-T05B
2026-10-05T18:20:03+0500 | NEW | noahreyn | 69052 | status=ACCEPTED | C7_BrickGame_v1.0
2026-10-05T18:20:03+0500 | NEW | noahreyn | 69053 | status=REGISTERED | CPP3_BrickGame_v2.0
2026-10-05T18:20:03+0500 | NEW | noahreyn | 69055 | status=ASSIGNED | AP2_BrickGame_v3.0_Python
2026-10-05T18:20:03+0500 | NEW | noahreyn | 69056 | status=ASSIGNED | AP2_BrickGame_v3.0_Jv
2026-10-05T18:20:03+0500 | NEW | noahreyn | 69057 | status=ASSIGNED | AP2_BrickGame v3.0_JS
2026-10-05T18:20:03+0500 | NEW | noahreyn | 69058 | status=ASSIGNED | AP2_BrickGame_v3.0_Go
2026-10-05T18:20:03+0500 | NEW | noahreyn | 69059 | status=ASSIGNED | AP2_BrickGame_v3.0_C#
2026-10-05T18:20:03+0500 | NEW | noahreyn | 69060 | status=ASSIGNED | AP2_BrickGame_v3.0_Kt
2026-10-05T18:20:03+0500 | NEW | noahreyn | 69061 | status=ASSIGNED | AP2_BrickGame_v3.0_Sw
2026-10-05T18:20:03+0500 | NEW | noahreyn | 69062 | status=ACCEPTED | AP1-Jv-T01
2026-10-05T18:20:03+0500 | NEW | noahreyn | 69063 | status=ACCEPTED | AP1-Jv-T02
2026-10-05T18:20:03+0500 | NEW | noahreyn | 69064 | status=FAILED | AP1-Jv-P01
2026-10-05T18:20:03+0500 | NEW | noahreyn | 69065 | status=ACCEPTED | AP1-Jv-T03
2026-10-05T18:20:03+0500 | NEW | noahreyn | 69066 | status=ACCEPTED | AP1-Jv-T04B
2026-10-05T18:20:03+0500 | NEW | noahreyn | 69067 | status=ACCEPTED | AP1-Jv-T05B
2026-10-05T18:20:03+0500 | NEW | noahreyn | 69068 | status=ASSIGNED | AP1-Jv-T04M
2026-10-05T18:20:03+0500 | NEW | noahreyn | 69069 | status=ASSIGNED | AP1-Jv-T05M
2026-10-05T18:20:03+0500 | NEW | noahreyn | 69070 | status=ASSIGNED | AP1-JS-T01
2026-10-05T18:20:03+0500 | NEW | noahreyn | 69071 | status=ASSIGNED | AP1-JS-T02
2026-10-05T18:20:03+0500 | NEW | noahreyn | 69072 | status=ASSIGNED | AP1-JS-P01
2026-10-05T18:20:03+0500 | NEW | noahreyn | 69073 | status=ASSIGNED | AP1-JS-T03
2026-10-05T18:20:03+0500 | NEW | noahreyn | 69074 | status=ASSIGNED | AP1-JS-T04F
2026-10-05T18:20:03+0500 | NEW | noahreyn | 69075 | status=ASSIGNED | AP1-JS-T05F
2026-10-05T18:20:03+0500 | NEW | noahreyn | 69076 | status=ASSIGNED | AP1-JS-T04B
2026-10-05T18:20:03+0500 | NEW | noahreyn | 69077 | status=ASSIGNED | AP1-JS-T05B
2026-10-05T18:20:03+0500 | NEW | noahreyn | 69078 | status=ASSIGNED | AP1-Kt-T01
2026-10-05T18:20:03+0500 | NEW | noahreyn | 69079 | status=ASSIGNED | AP1-Kt-T02
2026-10-05T18:20:03+0500 | NEW | noahreyn | 69080 | status=ASSIGNED | AP1-Kt-P01
2026-10-05T18:20:03+0500 | NEW | noahreyn | 69081 | status=ASSIGNED | AP1-Kt-T03
2026-10-05T18:20:03+0500 | NEW | noahreyn | 69082 | status=ASSIGNED | AP1-Kt-T04M
2026-10-05T18:20:03+0500 | NEW | noahreyn | 69083 | status=ASSIGNED | AP1-Kt-T05M
2026-10-05T18:20:03+0500 | NEW | noahreyn | 69084 | status=ASSIGNED | AP1-Kt-T04B
2026-10-05T18:20:03+0500 | NEW | noahreyn | 69085 | status=ASSIGNED | AP1-Kt-T05B
2026-10-05T18:20:03+0500 | NEW | noahreyn | 69086 | status=ASSIGNED | AP1-Py-T01
2026-10-05T18:20:03+0500 | NEW | noahreyn | 69087 | status=ASSIGNED | AP1-Py-T02
2026-10-05T18:20:03+0500 | NEW | noahreyn | 69088 | status=ASSIGNED | AP1-Py-P01
2026-10-05T18:20:03+0500 | NEW | noahreyn | 69089 | status=ASSIGNED | AP1-Py-T04B
2026-10-05T18:20:03+0500 | NEW | noahreyn | 69090 | status=ASSIGNED | AP1-Py-T03
2026-10-05T18:20:03+0500 | NEW | noahreyn | 69091 | status=ASSIGNED | AP1-Py-T05B
2026-10-05T18:20:03+0500 | NEW | noahreyn | 69094 | status=ASSIGNED | AP1-Sw-T01
2026-10-05T18:20:03+0500 | NEW | noahreyn | 69096 | status=ASSIGNED | AP1-Sw-T02
2026-10-05T18:20:03+0500 | NEW | noahreyn | 69097 | status=ASSIGNED | AP1-Sw-P01
2026-10-05T18:20:03+0500 | NEW | noahreyn | 69098 | status=ASSIGNED | AP1-Sw-T03
2026-10-05T18:20:03+0500 | NEW | noahreyn | 69099 | status=ASSIGNED | AP1-Sw-T04M
2026-10-05T18:20:03+0500 | NEW | noahreyn | 69100 | status=ASSIGNED | AP1-Sw-T05M
2026-10-05T18:20:03+0500 | NEW | noahreyn | 69101 | status=ASSIGNED | AP1-Sw-T04B
2026-10-05T18:20:03+0500 | NEW | noahreyn | 69102 | status=ASSIGNED | AP1-Sw-T05B
2026-10-05T18:20:03+0500 | NEW | noahreyn | 69103 | status=ASSIGNED | A1_Maze_C
2026-10-05T18:20:03+0500 | NEW | noahreyn | 69104 | status=ASSIGNED | A2_SimpleNavigator_v1.0_C
2026-10-05T18:20:03+0500 | NEW | noahreyn | 69105 | status=ASSIGNED | A3_Parallels_C
2026-10-05T18:20:03+0500 | NEW | noahreyn | 69106 | status=ASSIGNED | A4_Crypto_C
2026-10-05T18:20:03+0500 | NEW | noahreyn | 69107 | status=ASSIGNED | A5_s21_memory_C
2026-10-05T18:20:03+0500 | NEW | noahreyn | 69108 | status=ASSIGNED | A6_Transactions_C
2026-10-05T18:20:03+0500 | NEW | noahreyn | 69109 | status=ASSIGNED | A7_DNA_Analyzer_C
2026-10-05T18:20:03+0500 | NEW | noahreyn | 69110 | status=ASSIGNED | A8_Algorithmic_trading_C
2026-10-05T18:20:03+0500 | NEW | noahreyn | 69113 | status=ASSIGNED | A1_Maze_CPP
2026-10-05T18:20:03+0500 | NEW | noahreyn | 69114 | status=ASSIGNED | A1_Maze_Py
2026-10-05T18:20:03+0500 | NEW | noahreyn | 69115 | status=ASSIGNED | A1_Maze_Go
2026-10-05T18:20:03+0500 | NEW | noahreyn | 69116 | status=ACCEPTED | A1_Maze_Jv
2026-10-05T18:20:03+0500 | NEW | noahreyn | 69117 | status=ASSIGNED | A1_Maze_JS
2026-10-05T18:20:03+0500 | NEW | noahreyn | 69118 | status=ASSIGNED | A1_Maze_C#
2026-10-05T18:20:03+0500 | NEW | noahreyn | 69119 | status=ASSIGNED | A1_Maze_Kt
2026-10-05T18:20:03+0500 | NEW | noahreyn | 69120 | status=ASSIGNED | A1_Maze_Sw
2026-10-05T18:20:03+0500 | NEW | noahreyn | 69121 | status=ASSIGNED | A2_SimpleNavigator_v1.0_CPP
2026-10-05T18:20:03+0500 | NEW | noahreyn | 69122 | status=ASSIGNED | A2_SimpleNavigator_v1.0_Py
2026-10-05T18:20:03+0500 | NEW | noahreyn | 69123 | status=ASSIGNED | A2_SimpleNavigator_v1.0_Go
2026-10-05T18:20:03+0500 | NEW | noahreyn | 69124 | status=ACCEPTED | A2_SimpleNavigator_v1.0_Jv
2026-10-05T18:20:03+0500 | NEW | noahreyn | 69125 | status=ASSIGNED | A2_SimpleNavigator_v1.0_JS
2026-10-05T18:20:03+0500 | NEW | noahreyn | 69126 | status=ASSIGNED | A2_SimpleNavigator_v1.0_C#
2026-10-05T18:20:03+0500 | NEW | noahreyn | 69127 | status=ASSIGNED | A2_SimpleNavigator_v1.0_Kt
2026-10-05T18:20:03+0500 | NEW | noahreyn | 69128 | status=ASSIGNED | A2_SimpleNavigator_v1.0_Sw
2026-10-05T18:20:03+0500 | NEW | noahreyn | 69140 | status=ASSIGNED | IOS1_UIKit
2026-10-05T18:20:03+0500 | NEW | noahreyn | 69188 | status=ACCEPTED | APJ_Ex-t
2026-10-05T18:20:03+0500 | NEW | noahreyn | 69205 | status=ASSIGNED | AND1_Activity
2026-10-05T18:20:03+0500 | NEW | noahreyn | 69277 | status=ASSIGNED | APG_Ex-t
2026-10-05T18:20:03+0500 | NEW | noahreyn | 69278 | status=ASSIGNED | APCS_Ex-t
2026-10-05T18:20:03+0500 | NEW | noahreyn | 69279 | status=ASSIGNED | APP_Ex-t
2026-10-05T18:20:03+0500 | NEW | noahreyn | 69280 | status=ASSIGNED | APJS_Ex-t
2026-10-05T18:20:03+0500 | NEW | noahreyn | 69281 | status=ASSIGNED | APS_Ex-t
2026-10-05T18:20:03+0500 | NEW | noahreyn | 69282 | status=ASSIGNED | APK_Ex-t
2026-10-05T18:20:03+0500 | NEW | noahreyn | 69337 | status=ASSIGNED | PjM1_ProjPM
2026-10-05T18:20:03+0500 | NEW | noahreyn | 69372 | status=ASSIGNED | PjM2_LifeCycle
2026-10-05T18:20:03+0500 | NEW | noahreyn | 69373 | status=ASSIGNED | PjM3_BasicM
2026-10-05T18:20:03+0500 | NEW | noahreyn | 69463 | status=ASSIGNED | AND2_Async operations
2026-10-05T18:20:03+0500 | NEW | noahreyn | 69464 | status=ASSIGNED | AND3_Custom View
2026-10-05T18:20:03+0500 | NEW | noahreyn | 69465 | status=ASSIGNED | AND4_Notification
2026-10-05T18:20:03+0500 | NEW | noahreyn | 69466 | status=ASSIGNED | AND5_OpenGL
2026-10-05T18:20:03+0500 | NEW | noahreyn | 69467 | status=ASSIGNED | AND6_Test
2026-10-05T18:20:03+0500 | NEW | noahreyn | 69468 | status=ASSIGNED | AND7_Gradle
2026-10-05T18:20:03+0500 | NEW | noahreyn | 69469 | status=ASSIGNED | AND8_Compose
2026-10-05T18:20:03+0500 | NEW | noahreyn | 69478 | status=ASSIGNED | IOS2_SwiftUI
2026-10-05T18:20:03+0500 | NEW | noahreyn | 69534 | status=ASSIGNED | IOS5_Maps
2026-10-05T18:20:03+0500 | NEW | noahreyn | 69535 | status=ASSIGNED | IOS6_Additional
2026-10-05T18:20:03+0500 | NEW | noahreyn | 69538 | status=ASSIGNED | IOS3_Network
2026-10-05T18:20:03+0500 | NEW | noahreyn | 69539 | status=ASSIGNED | IOS4_DataStorage
2026-10-05T18:20:03+0500 | NEW | noahreyn | 69540 | status=ASSIGNED | BSA00_Decomposition
2026-10-05T18:20:03+0500 | NEW | noahreyn | 69541 | status=ASSIGNED | BSA1_Stakeholders
2026-10-05T18:20:03+0500 | NEW | noahreyn | 69542 | status=ASSIGNED | BSA2_Requirements
2026-10-05T18:20:03+0500 | NEW | noahreyn | 69543 | status=ASSIGNED | BSA3_HowToRequirements
2026-10-05T18:20:03+0500 | NEW | noahreyn | 69544 | status=ASSIGNED | BSA4_Domains
2026-10-05T18:20:03+0500 | NEW | noahreyn | 69545 | status=ASSIGNED | BSA5_Diagrams
2026-10-05T18:20:03+0500 | NEW | noahreyn | 69546 | status=ASSIGNED | BSA6_BPMN
2026-10-05T18:20:03+0500 | NEW | noahreyn | 69547 | status=ASSIGNED | BSA7_UserStory
2026-10-05T18:20:03+0500 | NEW | noahreyn | 69548 | status=ASSIGNED | BSA8_UseCase
2026-10-05T18:20:03+0500 | NEW | noahreyn | 69549 | status=ASSIGNED | BSA9_Objects and Roles
2026-10-05T18:20:03+0500 | NEW | noahreyn | 69550 | status=ASSIGNED | BSA10_FR Design
2026-10-05T18:20:03+0500 | NEW | noahreyn | 69551 | status=ASSIGNED | BSA11_UserInterfaces
2026-10-05T18:20:03+0500 | NEW | noahreyn | 69552 | status=ASSIGNED | BSA12_NFRs
2026-10-05T18:20:03+0500 | NEW | noahreyn | 69553 | status=ASSIGNED | BSA13_ReqMgmt
2026-10-05T18:20:03+0500 | NEW | noahreyn | 69554 | status=ASSIGNED | BSA14_SystemIntegration
2026-10-05T18:20:03+0500 | NEW | noahreyn | 69555 | status=ASSIGNED | BSA15_REST
2026-10-05T18:20:03+0500 | NEW | noahreyn | 69556 | status=ASSIGNED | BSA16_SOAP
2026-10-05T18:20:03+0500 | NEW | noahreyn | 69627 | status=ACCEPTED | CT9_Educational way
2026-10-05T18:20:03+0500 | NEW | noahreyn | 69676 | status=ASSIGNED | IOS7_Test
2026-10-05T18:20:03+0500 | NEW | noahreyn | 70735 | status=ASSIGNED | A3_Parallels_CPP
2026-10-05T18:20:03+0500 | NEW | noahreyn | 70736 | status=ASSIGNED | A3_Parallels_Py
2026-10-05T18:20:03+0500 | NEW | noahreyn | 70737 | status=ASSIGNED | A3_Parallels_Go
2026-10-05T18:20:03+0500 | NEW | noahreyn | 70738 | status=ASSIGNED | A3_Parallels_Jv
2026-10-05T18:20:03+0500 | NEW | noahreyn | 70739 | status=ASSIGNED | A3_Parallels_JS
2026-10-05T18:20:03+0500 | NEW | noahreyn | 70740 | status=ASSIGNED | A3_Parallels_C#
2026-10-05T18:20:03+0500 | NEW | noahreyn | 70741 | status=ASSIGNED | A3_Parallels_Kt
2026-10-05T18:20:03+0500 | NEW | noahreyn | 70742 | status=ASSIGNED | A3_Parallels_Sw
2026-10-05T18:20:03+0500 | NEW | noahreyn | 70756 | status=ASSIGNED | A5_s21_memory_CPP
2026-10-05T18:20:03+0500 | NEW | noahreyn | 70757 | status=ASSIGNED | A4_Crypto_CPP
2026-10-05T18:20:03+0500 | NEW | noahreyn | 70758 | status=ASSIGNED | A4_Crypto_Py
2026-10-05T18:20:03+0500 | NEW | noahreyn | 70759 | status=ASSIGNED | A4_Crypto_Go
2026-10-05T18:20:03+0500 | NEW | noahreyn | 70760 | status=ASSIGNED | A4_Crypto_Jv
2026-10-05T18:20:03+0500 | NEW | noahreyn | 70761 | status=ASSIGNED | A4_Crypto_JS
2026-10-05T18:20:03+0500 | NEW | noahreyn | 70762 | status=ASSIGNED | A4_Crypto_C#
2026-10-05T18:20:03+0500 | NEW | noahreyn | 70763 | status=ASSIGNED | A4_Crypto_Kt
2026-10-05T18:20:03+0500 | NEW | noahreyn | 70764 | status=ASSIGNED | A4_Crypto_Sw
2026-10-05T18:20:03+0500 | NEW | noahreyn | 70767 | status=ASSIGNED | A6_Transactions_CPP
2026-10-05T18:20:03+0500 | NEW | noahreyn | 70768 | status=ASSIGNED | A6_Transactions_Py
2026-10-05T18:20:03+0500 | NEW | noahreyn | 70769 | status=ASSIGNED | A6_Transactions_Go
2026-10-05T18:20:03+0500 | NEW | noahreyn | 70770 | status=ASSIGNED | A6_Transactions_Jv
2026-10-05T18:20:03+0500 | NEW | noahreyn | 70771 | status=ASSIGNED | A6_Transactions_JS
2026-10-05T18:20:03+0500 | NEW | noahreyn | 70772 | status=ASSIGNED | A6_Transactions_C#
2026-10-05T18:20:03+0500 | NEW | noahreyn | 70773 | status=ASSIGNED | A6_Transactions_Kt
2026-10-05T18:20:03+0500 | NEW | noahreyn | 70774 | status=ASSIGNED | A6_Transactions_Sw
2026-10-05T18:20:03+0500 | NEW | noahreyn | 70781 | status=ASSIGNED | A7_DNA_Analyzer_CPP
2026-10-05T18:20:03+0500 | NEW | noahreyn | 70782 | status=ASSIGNED | A7_DNA Analyzer_Py
2026-10-05T18:20:03+0500 | NEW | noahreyn | 70783 | status=ASSIGNED | A7_DNA_Analyzer_Go
2026-10-05T18:20:03+0500 | NEW | noahreyn | 70784 | status=ASSIGNED | A7_DNA Analyzer_Jv
2026-10-05T18:20:03+0500 | NEW | noahreyn | 70785 | status=ASSIGNED | A7_DNA Analyzer_JS
2026-10-05T18:20:03+0500 | NEW | noahreyn | 70786 | status=ASSIGNED | A7_DNA_Analyzer_C#
2026-10-05T18:20:03+0500 | NEW | noahreyn | 70787 | status=ASSIGNED | A7_DNA_Analyzer_Kt
2026-10-05T18:20:03+0500 | NEW | noahreyn | 70788 | status=ASSIGNED | A7_DNA_Analyzer_Sw
2026-10-05T18:20:03+0500 | NEW | noahreyn | 70795 | status=ASSIGNED | A8_Algorithmic_trading_CPP
2026-10-05T18:20:03+0500 | NEW | noahreyn | 70796 | status=ASSIGNED | A8_Algorithmic trading_Py
2026-10-05T18:20:03+0500 | NEW | noahreyn | 70797 | status=ASSIGNED | A8_Algorithmic_trading_Go
2026-10-05T18:20:03+0500 | NEW | noahreyn | 70798 | status=ASSIGNED | A8_Algorithmic trading_Jv
2026-10-05T18:20:03+0500 | NEW | noahreyn | 70799 | status=ASSIGNED | A8_Algorithmic trading_JS
2026-10-05T18:20:03+0500 | NEW | noahreyn | 70800 | status=ASSIGNED | A8_Algorithmic_trading_C#
2026-10-05T18:20:03+0500 | NEW | noahreyn | 70801 | status=ASSIGNED | A8_Algorithmic_trading_Kt
2026-10-05T18:20:03+0500 | NEW | noahreyn | 70802 | status=ASSIGNED | A8_Algorithmic_trading_Sw
2026-10-05T18:20:03+0500 | NEW | noahreyn | 70843 | status=ASSIGNED | AP5_BrickGame_v4.0_Python
2026-10-05T18:20:03+0500 | NEW | noahreyn | 70844 | status=ASSIGNED | AP5_BrickGame_v4.0_C#
2026-10-05T18:20:03+0500 | NEW | noahreyn | 70845 | status=ASSIGNED | AP5_BrickGame_v4.0_Jv
2026-10-05T18:20:03+0500 | NEW | noahreyn | 70846 | status=ASSIGNED | AP5_BrickGame_v4.0_JS
2026-10-05T18:20:03+0500 | NEW | noahreyn | 70847 | status=ASSIGNED | AP5_BrickGame_v4.0_Go
2026-10-05T18:20:03+0500 | NEW | noahreyn | 70848 | status=ASSIGNED | AP5_BrickGame_v4.0_Kt
2026-10-05T18:20:03+0500 | NEW | noahreyn | 70849 | status=ASSIGNED | AP5_BrickGame_v4.0_Sw
2026-10-05T18:20:03+0500 | NEW | noahreyn | 70922 | status=IN_PROGRESS | PG1_Pangolin
2026-10-05T18:20:03+0500 | NEW | noahreyn | 71028 | status=ASSIGNED | CbS1_Networking_basics_Part 1
2026-10-05T18:20:03+0500 | NEW | noahreyn | 71029 | status=ASSIGNED | CbS2_Networking_basics_Part 2
2026-10-05T18:20:03+0500 | NEW | noahreyn | 71030 | status=ASSIGNED | CbS3_Networking_basics_Part 3
2026-10-05T18:20:03+0500 | NEW | noahreyn | 71031 | status=ASSIGNED | CbS4_Networking_basics_Part 4
2026-10-05T18:20:03+0500 | NEW | noahreyn | 71032 | status=ASSIGNED | CbS5_Linux_basics
2026-10-05T18:20:03+0500 | NEW | noahreyn | 71033 | status=ASSIGNED | CbS6_Windows_basics
2026-10-05T18:20:03+0500 | NEW | noahreyn | 71034 | status=ASSIGNED | CbS8_Crypto_symmetric
2026-10-05T18:20:03+0500 | NEW | noahreyn | 71035 | status=ASSIGNED | CbS7_Crypto_intro
2026-10-05T18:20:03+0500 | NEW | noahreyn | 71036 | status=ASSIGNED | CbS9_Crypto_asymmetric
2026-10-05T18:20:03+0500 | NEW | noahreyn | 71037 | status=ASSIGNED | CbS10_Data_channel_protection
2026-10-05T18:20:03+0500 | NEW | noahreyn | 71039 | status=ASSIGNED | CbS12_Network_attacks
2026-10-05T18:20:03+0500 | NEW | noahreyn | 71040 | status=ASSIGNED | CbS13_Threat_detection_principles
2026-10-05T18:20:03+0500 | NEW | noahreyn | 71041 | status=ASSIGNED | CbS14_Designing_secure_networks
2026-10-05T18:20:03+0500 | NEW | noahreyn | 71042 | status=ASSIGNED | CbS15_IS_legislation
2026-10-05T18:20:03+0500 | NEW | noahreyn | 71043 | status=ASSIGNED | CbS16_Project_lifecycle
2026-10-05T18:20:03+0500 | NEW | noahreyn | 71044 | status=ASSIGNED | CbS17_Physical_security
2026-10-05T18:20:03+0500 | NEW | noahreyn | 71045 | status=ASSIGNED | CbS18_Social_engineering
2026-10-05T18:20:03+0500 | NEW | noahreyn | 71963 | status=ASSIGNED | QA1_Foundation
2026-10-05T18:20:03+0500 | NEW | noahreyn | 71971 | status=ASSIGNED | QA2_Test artifacts
2026-10-05T18:20:03+0500 | NEW | noahreyn | 72004 | status=ASSIGNED | AP4_Info21 v2.0 Web_Python 
2026-10-05T18:20:03+0500 | NEW | noahreyn | 72005 | status=ASSIGNED | AP4_Info21 v2.0 Web_Jv
2026-10-05T18:20:03+0500 | NEW | noahreyn | 72006 | status=ASSIGNED | AP4_Info21 v2.0 Web_JS
2026-10-05T18:20:03+0500 | NEW | noahreyn | 72007 | status=ASSIGNED | AP4_Info21 v2.0 Web_Go
2026-10-05T18:20:03+0500 | NEW | noahreyn | 72008 | status=ASSIGNED | AP4_Info21 v2.0 Web_C#
2026-10-05T18:20:03+0500 | NEW | noahreyn | 72009 | status=ASSIGNED | AP4_Info21 v2.0 Web_Kt
2026-10-05T18:20:03+0500 | NEW | noahreyn | 72010 | status=ASSIGNED | AP4_Info21 v2.0 Web_Sw
2026-10-05T18:20:03+0500 | NEW | noahreyn | 72011 | status=ASSIGNED | AP6_RetailAnalitycs v2.0 Web_Jv
2026-10-05T18:20:04+0500 | NEW | noahreyn | 72012 | status=ASSIGNED | AP6_RetailAnalitycs v2.0 Web_Python
2026-10-05T18:20:04+0500 | NEW | noahreyn | 72013 | status=ASSIGNED | AP6_RetailAnalitycs v2.0 Web_JS
2026-10-05T18:20:04+0500 | NEW | noahreyn | 72015 | status=ASSIGNED | AP6_RetailAnalitycs v2.0 Web_Go
2026-10-05T18:20:04+0500 | NEW | noahreyn | 72016 | status=ASSIGNED | AP6_RetailAnalitycs v2.0 Web_C#
2026-10-05T18:20:04+0500 | NEW | noahreyn | 72026 | status=ASSIGNED | AP6_RetailAnalitycs v2.0 Web_Kt
2026-10-05T18:20:04+0500 | NEW | noahreyn | 72027 | status=ASSIGNED | AP6_RetailAnalitycs v2.0 Web_Sw
2026-10-05T18:20:04+0500 | NEW | noahreyn | 72160 | status=ASSIGNED | AP3_SpecialtyCoffee_Python
2026-10-05T18:20:04+0500 | NEW | noahreyn | 72161 | status=ASSIGNED | AP3_SpecialtyCoffee_Jv
2026-10-05T18:20:04+0500 | NEW | noahreyn | 72164 | status=ASSIGNED | AP3_SpecialtyCoffee_JS
2026-10-05T18:20:04+0500 | NEW | noahreyn | 72165 | status=ASSIGNED | AP3_SpecialtyCoffee_Go
2026-10-05T18:20:04+0500 | NEW | noahreyn | 72166 | status=ASSIGNED | AP3_SpecialtyCoffee_C#
2026-10-05T18:20:04+0500 | NEW | noahreyn | 72167 | status=ASSIGNED | AP3_SpecialtyCoffee_Kt
2026-10-05T18:20:04+0500 | NEW | noahreyn | 72168 | status=ASSIGNED | AP3_SpecialtyCoffee_Sw
2026-10-05T18:20:04+0500 | NEW | noahreyn | 72454 | status=ASSIGNED | BSA_Ex
2026-10-05T18:20:04+0500 | NEW | noahreyn | 72687 | status=ASSIGNED | AQA1_Basics
2026-10-05T18:20:04+0500 | NEW | noahreyn | 72791 | status=ASSIGNED | CbS11_Enterprise_IT_landscape
2026-10-05T18:20:04+0500 | NEW | noahreyn | 72880 | status=ASSIGNED | QA3_Test design and test analysis
2026-10-05T18:20:04+0500 | NEW | noahreyn | 72911 | status=ASSIGNED | CT_Part3
2026-10-05T18:20:04+0500 | NEW | noahreyn | 72919 | status=ASSIGNED | AQA2_API testing
2026-10-05T18:20:04+0500 | NEW | noahreyn | 72920 | status=ASSIGNED | AQA3_UI Web testing
2026-10-05T18:20:04+0500 | NEW | noahreyn | 72935 | status=ASSIGNED | QA4_Types and levels of testing
2026-10-05T18:20:04+0500 | NEW | noahreyn | 72939 | status=ASSIGNED | QA5_Defects
2026-10-05T18:20:04+0500 | NEW | noahreyn | 72944 | status=ASSIGNED | QA6_Web testing
2026-10-05T18:20:04+0500 | NEW | noahreyn | 72946 | status=ASSIGNED | QA7_Backend testing
2026-10-05T18:20:04+0500 | NEW | noahreyn | 72957 | status=ASSIGNED | QA8_Mobile testing
2026-10-05T18:20:04+0500 | NEW | noahreyn | 72958 | status=ASSIGNED | QA9_Basics of Web Security
2026-10-05T18:20:04+0500 | NEW | noahreyn | 72998 | status=ASSIGNED | AQA4_Mobile testing
2026-10-05T18:20:04+0500 | NEW | noahreyn | 73030 | status=ASSIGNED | CT1_Self-determination
2026-10-05T18:20:04+0500 | NEW | noahreyn | 73031 | status=ASSIGNED | CT2_Dream job
2026-10-05T18:20:04+0500 | NEW | noahreyn | 73032 | status=ASSIGNED | CT3_CV Resume
2026-10-05T18:20:04+0500 | NEW | noahreyn | 73033 | status=ASSIGNED | CT4_Interview
2026-10-05T18:20:04+0500 | NEW | noahreyn | 73034 | status=ASSIGNED | CT5_Teamwork
2026-10-05T18:20:04+0500 | NEW | noahreyn | 73035 | status=ASSIGNED | CT6_Corporate culture
2026-10-05T18:20:04+0500 | NEW | noahreyn | 73036 | status=ASSIGNED | CT7_Corporate Communication
2026-10-05T18:20:04+0500 | NEW | noahreyn | 73037 | status=ASSIGNED | CT8_Career planning
2026-10-05T18:20:04+0500 | NEW | noahreyn | 73202 | status=ACCEPTED | SberJv1_Team Git workflow
2026-10-05T18:20:04+0500 | NEW | noahreyn | 73204 | status=ACCEPTED | SberJv2_Setup
2026-10-05T18:20:04+0500 | NEW | noahreyn | 73205 | status=ASSIGNED | QA_Ex
2026-10-05T18:20:04+0500 | NEW | noahreyn | 73206 | status=IN_REVIEWS | SberJv3_Clean code
2026-10-05T18:20:04+0500 | NEW | noahreyn | 73207 | status=ASSIGNED | SberJv5_Observability
2026-10-05T18:20:04+0500 | NEW | noahreyn | 73209 | status=ASSIGNED | SberJv6_DB Performance
2026-10-05T18:20:04+0500 | NEW | noahreyn | 73210 | status=ASSIGNED | BInf1_PlasmidQC
2026-10-05T18:20:04+0500 | NEW | noahreyn | 73212 | status=ASSIGNED | BInf2_HBBScan
2026-10-05T18:20:04+0500 | NEW | noahreyn | 73216 | status=ASSIGNED | BInf3_GenomeMatch
2026-10-05T18:20:04+0500 | NEW | noahreyn | 73226 | status=ASSIGNED | BInf4_FLM splice
2026-10-05T18:20:04+0500 | NEW | noahreyn | 73227 | status=ASSIGNED | BInf5_Soma align
2026-10-05T18:20:04+0500 | NEW | noahreyn | 73228 | status=ASSIGNED | BInf6_BlaNDM1 resist
2026-10-05T18:20:04+0500 | NEW | noahreyn | 73229 | status=ASSIGNED | BInf7_RbcL evolution
2026-10-05T18:20:04+0500 | NEW | noahreyn | 73230 | status=ASSIGNED | BInf8_SNP SUC2 Osm
2026-10-05T18:20:04+0500 | NEW | noahreyn | 73232 | status=ASSIGNED | BInf10_Plasmid Resist
2026-10-05T18:20:04+0500 | NEW | noahreyn | 73235 | status=ASSIGNED | BInf13_EcoliPhylo
2026-10-05T18:20:04+0500 | NEW | noahreyn | 73243 | status=ASSIGNED | UX/UI2_UX Design 
2026-10-05T18:20:04+0500 | NEW | noahreyn | 73244 | status=ASSIGNED | UX/UI3_UI Design 
2026-10-05T18:20:04+0500 | NEW | noahreyn | 73245 | status=ASSIGNED | UX/UI4_Design&UI kit
2026-10-05T18:20:04+0500 | NEW | noahreyn | 73246 | status=ASSIGNED | UX/UI5_Prototyp&test
2026-10-05T18:20:04+0500 | NEW | noahreyn | 73247 | status=ASSIGNED | UX/UI6_Website builder
2026-10-05T18:20:04+0500 | NEW | noahreyn | 73254 | status=ASSIGNED | UX/UI10_Mobile application
2026-10-05T18:20:04+0500 | NEW | noahreyn | 73260 | status=ASSIGNED | AI1_Agent 
2026-10-05T18:20:04+0500 | NEW | noahreyn | 73277 | status=ASSIGNED | PjM5_ReqGather
2026-10-05T18:20:04+0500 | NEW | noahreyn | 73278 | status=ASSIGNED | PjM4_PjMTools
2026-10-05T18:20:04+0500 | NEW | noahreyn | 73279 | status=REGISTERED | SberJv4_Reliability
2026-10-05T18:20:04+0500 | NEW | noahreyn | 73282 | status=ASSIGNED | PjM8_RisksMng
2026-10-05T18:20:04+0500 | NEW | noahreyn | 73283 | status=ASSIGNED | PjM9_PlanStr
2026-10-05T18:20:04+0500 | NEW | noahreyn | 73284 | status=ASSIGNED | PjM10_EffPlan
2026-10-05T18:20:04+0500 | NEW | noahreyn | 73285 | status=ASSIGNED | PjM11_Backlog
2026-10-05T18:20:04+0500 | NEW | noahreyn | 73286 | status=ASSIGNED | PjM12_Budget
2026-10-05T18:20:04+0500 | NEW | noahreyn | 73287 | status=ASSIGNED | PjM13_BusCorr
2026-10-05T18:20:04+0500 | NEW | noahreyn | 73290 | status=ASSIGNED | PjM16_TeamCom
2026-10-05T18:20:04+0500 | NEW | noahreyn | 73292 | status=ASSIGNED | PjM18_Analytic
2026-10-05T18:20:04+0500 | NEW | noahreyn | 73293 | status=ASSIGNED | PjM19_ProtDsgn
2026-10-05T18:20:04+0500 | NEW | noahreyn | 73294 | status=ASSIGNED | PjM20_FrontBack
2026-10-05T18:20:04+0500 | NEW | noahreyn | 73295 | status=ASSIGNED | PjM21_ITInfStruct
2026-10-05T18:20:04+0500 | NEW | noahreyn | 73297 | status=ASSIGNED | UX/UI1_Intro
2026-10-05T18:20:04+0500 | NEW | noahreyn | 73298 | status=ASSIGNED | PjM_Ex
2026-10-05T18:20:04+0500 | NEW | noahreyn | 73300 | status=ASSIGNED | DSB1_UNIX_Command_Line_Tools_DELETE
2026-10-05T18:20:04+0500 | NEW | noahreyn | 73301 | status=ASSIGNED | DSB2_Syntax&Semantics
2026-10-05T18:20:04+0500 | NEW | noahreyn | 73302 | status=ASSIGNED | DSB3_OOP skills
2026-10-05T18:20:04+0500 | NEW | noahreyn | 73303 | status=ASSIGNED | DSB4_Package management
2026-10-05T18:20:04+0500 | NEW | noahreyn | 73304 | status=ASSIGNED | DSB5_Efficient code practices
2026-10-05T18:20:04+0500 | NEW | noahreyn | 73305 | status=ASSIGNED | DSB6_MovieLens Analytics
2026-10-05T18:20:04+0500 | NEW | noahreyn | 73306 | status=ASSIGNED | DSB7_Pandas
2026-10-05T18:20:04+0500 | NEW | noahreyn | 73307 | status=ASSIGNED | DSB8_SQL&Pandas
2026-10-05T18:20:04+0500 | NEW | noahreyn | 73308 | status=ASSIGNED | DSB9_Pandas_SQL& Data Visual
2026-10-05T18:20:04+0500 | NEW | noahreyn | 73309 | status=ASSIGNED | DSB10_Intro to ML
2026-10-05T18:20:04+0500 | NEW | noahreyn | 73310 | status=ASSIGNED | DSB11_ML: Advanced
2026-10-05T18:20:04+0500 | NEW | noahreyn | 73311 | status=ASSIGNED | DSB12_Food&nutrition
2026-10-05T18:20:04+0500 | NEW | noahreyn | 73366 | status=ASSIGNED | UX/UI7_Transferring layouts
2026-10-05T18:20:04+0500 | NEW | noahreyn | 73367 | status=ASSIGNED | UX/UI8_Team processes
2026-10-05T18:20:04+0500 | NEW | noahreyn | 73368 | status=ASSIGNED | UX/UI9_Formation of requirements
2026-10-05T18:20:04+0500 | NEW | noahreyn | 73375 | status=ASSIGNED | UX/UI11_Interface creation
2026-10-05T18:20:04+0500 | NEW | noahreyn | 73376 | status=ASSIGNED | UX/UI12_Portfolio
2026-10-05T18:20:04+0500 | NEW | noahreyn | 73381 | status=ASSIGNED | PjM6_ProAnalysis
2026-10-05T18:20:04+0500 | NEW | noahreyn | 73382 | status=ASSIGNED | PjM7_UserStory
2026-10-05T18:20:04+0500 | NEW | noahreyn | 73396 | status=ASSIGNED | BInf9_HY5 StemMut
2026-10-05T18:20:04+0500 | NEW | noahreyn | 73398 | status=ASSIGNED | BInf11_SNP screen
2026-10-05T18:20:04+0500 | NEW | noahreyn | 73399 | status=ASSIGNED | BInf12_Diagnostic pipeline
2026-10-05T18:20:04+0500 | NEW | noahreyn | 73400 | status=ASSIGNED | BInf14_BRCA1 evolution
2026-10-05T18:20:04+0500 | NEW | noahreyn | 73401 | status=ASSIGNED | BInf15_ESBL Resistome
2026-10-05T18:20:04+0500 | NEW | noahreyn | 73402 | status=ASSIGNED | BInf16_CFTR genotyping
2026-10-05T18:20:04+0500 | NEW | noahreyn | 73430 | status=ASSIGNED | PjM22_CompPro
2026-10-05T18:20:04+0500 | NEW | noahreyn | 73446 | status=ASSIGNED | UX/UI_Ex
2026-10-05T18:20:04+0500 | NEW | noahreyn | 73461 | status=ASSIGNED | PjM14_EffNeg
2026-10-05T18:20:04+0500 | NEW | noahreyn | 73462 | status=ASSIGNED | PjM15_PubApp
2026-10-05T18:20:04+0500 | NEW | noahreyn | 73463 | status=ASSIGNED | PM1_PMStarterPack
2026-10-05T18:20:04+0500 | NEW | noahreyn | 73465 | status=ASSIGNED | PM2_MetricsDriven
2026-10-05T18:20:04+0500 | NEW | noahreyn | 73466 | status=ASSIGNED | PM3_UnitEconomics
2026-10-05T18:20:04+0500 | NEW | noahreyn | 73467 | status=ASSIGNED | PM4_ResearchCycle
2026-10-05T18:20:04+0500 | NEW | noahreyn | 73468 | status=ASSIGNED | PM5_DesignDriven
2026-10-05T18:20:04+0500 | NEW | noahreyn | 73473 | status=ASSIGNED | PM6_UserRetention
2026-10-05T18:20:04+0500 | NEW | noahreyn | 73474 | status=ASSIGNED | PM7_DiscoveryCycles
2026-10-05T18:20:04+0500 | NEW | noahreyn | 73475 | status=ASSIGNED | PM8_DevToProd
2026-10-05T18:20:04+0500 | NEW | noahreyn | 73476 | status=ASSIGNED | PM9_TrafficToSale
2026-10-05T18:20:04+0500 | NEW | noahreyn | 73477 | status=ASSIGNED | PM10_SoloShip
2026-10-05T18:20:04+0500 | NEW | noahreyn | 73478 | status=ASSIGNED | PjM17_TeamMng
2026-10-05T18:20:04+0500 | NEW | noahreyn | 73494 | status=ASSIGNED | Core_Strategy
2026-10-05T18:20:04+0500 | NEW | noahreyn | 73542 | status=ASSIGNED | PM_Ex
2026-10-05T18:20:04+0500 | NEW | noahreyn | 73604 | status=ASSIGNED | AIE1_Request Router
2026-10-05T18:20:04+0500 | NEW | noahreyn | 73605 | status=ASSIGNED | AIE2_JSON Logs Parser
2026-10-05T18:20:04+0500 | NEW | noahreyn | 73606 | status=ASSIGNED | AIE3_Mock API Client
2026-10-05T18:20:04+0500 | NEW | noahreyn | 73607 | status=ASSIGNED | AIE4_Docs Preprocessing
2026-10-05T18:20:04+0500 | NEW | noahreyn | 73608 | status=ASSIGNED | AIE5_Rule FAQ Bot
2026-10-05T18:20:04+0500 | NEW | noahreyn | 73609 | status=ASSIGNED | AIE6_Legacy Code Refactor
2026-10-05T18:20:04+0500 | NEW | noahreyn | 73610 | status=ASSIGNED | AIE7_Embedding Cache Service
2026-10-05T18:20:04+0500 | NEW | noahreyn | 73611 | status=ASSIGNED | AIE8_Vector Metadata Store
2026-10-05T18:20:04+0500 | NEW | noahreyn | 73613 | status=ASSIGNED | AIE10_LLM Gateway Cache
2026-10-05T18:20:04+0500 | NEW | noahreyn | 73614 | status=ASSIGNED | AIE11_Contract Alignment
2026-10-05T18:20:04+0500 | NEW | noahreyn | 73615 | status=ASSIGNED | AIE12_First Call Logging
2026-10-05T18:20:04+0500 | NEW | noahreyn | 73616 | status=ASSIGNED | AIE13_Prompt Strategies Compare
2026-10-05T18:20:04+0500 | NEW | noahreyn | 73617 | status=ASSIGNED | AIE14_BOT_Hallucination Control Bot
2026-10-05T18:20:04+0500 | NEW | noahreyn | 73618 | status=ASSIGNED | AIE15_Chunking Strategies
2026-10-05T18:20:04+0500 | NEW | noahreyn | 73619 | status=ASSIGNED | AIE16_Chroma Hybrid Search
2026-10-05T18:20:04+0500 | NEW | noahreyn | 73621 | status=ASSIGNED | AIE18_Incremental Index Update
2026-10-05T18:20:04+0500 | NEW | noahreyn | 73622 | status=ASSIGNED | AIE19_Product Analytics Suite
2026-10-05T18:20:04+0500 | NEW | noahreyn | 73623 | status=ASSIGNED | AIE20_Requirements Analysis
2026-10-05T18:20:04+0500 | NEW | noahreyn | 73624 | status=ASSIGNED | AIE21_Prompt Defence Red
2026-10-05T18:20:04+0500 | NEW | noahreyn | 73625 | status=ASSIGNED | AIE22_Enterprise Integration Map
2026-10-05T18:20:04+0500 | NEW | noahreyn | 73626 | status=ASSIGNED | AIE23_Tool Agent RAG
2026-10-05T18:20:04+0500 | NEW | noahreyn | 73628 | status=ASSIGNED | AIE25_Agents Subagents
2026-10-05T18:20:04+0500 | NEW | noahreyn | 73629 | status=ASSIGNED | AIE26_Production AI Assistant
2026-10-05T18:20:04+0500 | NEW | noahreyn | 73632 | status=ASSIGNED | AIE9_Async Text Classifier
2026-10-05T18:20:04+0500 | NEW | noahreyn | 73633 | status=ASSIGNED | AIE17_Full RAG Citations
2026-10-05T18:20:04+0500 | NEW | noahreyn | 73634 | status=ASSIGNED | AIE24_Server n8n Workflow
2026-10-05T18:20:04+0500 | NEW | noahreyn | 73636 | status=ASSIGNED | TP1_SegmentScan
2026-10-05T18:20:04+0500 | NEW | noahreyn | 73637 | status=ASSIGNED | TP2_InsightScope
2026-10-05T18:20:04+0500 | NEW | noahreyn | 73638 | status=ASSIGNED | TP3_ProductConcept
2026-10-05T18:20:04+0500 | NEW | noahreyn | 73639 | status=ASSIGNED | TP4_ModelFit
2026-10-05T18:20:04+0500 | NEW | noahreyn | 73640 | status=ASSIGNED | TP5_Unitecon
2026-10-05T18:20:04+0500 | NEW | noahreyn | 73641 | status=ASSIGNED | TP6_MVPScope
2026-10-05T18:20:04+0500 | NEW | noahreyn | 73642 | status=ASSIGNED | TP7_MVPBuild
2026-10-05T18:20:04+0500 | NEW | noahreyn | 73643 | status=ASSIGNED | TP8_MVPDeploy
2026-10-05T18:20:04+0500 | NEW | noahreyn | 73644 | status=ASSIGNED | TP9_GoToMarket
2026-10-05T18:20:04+0500 | NEW | noahreyn | 73645 | status=ASSIGNED | TP10_SupportFlow
2026-10-05T18:20:04+0500 | NEW | noahreyn | 73646 | status=ASSIGNED | TP11_DataLegal
2026-10-05T18:20:04+0500 | NEW | noahreyn | 73647 | status=ASSIGNED | TP12_Strategy
2026-10-05T18:20:04+0500 | NEW | noahreyn | 73648 | status=ASSIGNED | TP13_PitchReady
2026-10-05T18:25:12+0500 | PEER_ADDED | kelvinch | - | новый пир: 643 проектов (baseline)
2026-10-05T18:25:12+0500 | PEER_ADDED | noahreyn | - | новый пир: 643 проектов (baseline)
2026-10-05T19:13:59+0500 | CHANGED | noahreyn | 73206 | IN_REVIEWS -> ACCEPTED | SberJv3_Clean code
2026-10-05T19:13:59+0500 | PEER_ADDED | wilfords | - | новый пир: 643 проектов (baseline)
2026-10-05T19:24:59+0500 | CHANGED | wilfords | 26557 | REGISTERED -> IN_PROGRESS | DO1_Linux
2026-10-05T19:35:59+0500 | PEER_REMOVED | wilfords | - | удалён из peers.txt
2026-10-05T19:46:52+0500 | CHANGED | noahreyn | 73279 | REGISTERED -> IN_PROGRESS | SberJv4_Reliability
2026-10-05T21:05:44+0500 | CHANGED | namorjer | 73207 | IN_REVIEWS -> ACCEPTED | SberJv5_Observability
2026-10-08T12:39:31+0500 | CHANGED | alaskank | 70922 | IN_PROGRESS -> ACCEPTED | PG1_Pangolin
2026-10-08T12:39:31+0500 | CHANGED | alaskank | 73209 | ASSIGNED -> IN_PROGRESS | SberJv6_DB Performance
2026-10-08T12:39:31+0500 | CHANGED | almedamo | 69115 | REGISTERED -> IN_PROGRESS | A1_Maze_Go
2026-10-08T12:39:31+0500 | CHANGED | almedamo | 73207 | IN_REVIEWS -> ACCEPTED | SberJv5_Observability
2026-10-08T12:39:31+0500 | CHANGED | almedamo | 73209 | ASSIGNED -> IN_PROGRESS | SberJv6_DB Performance
2026-10-08T12:39:31+0500 | CHANGED | kelvinch | 73206 | IN_REVIEWS -> ACCEPTED | SberJv3_Clean code
2026-10-08T14:29:24+0500 | CHANGED | almedamo | 69277 | REGISTERED -> ACCEPTED | APG_Ex-t
