alaskank	21389	ASSIGNED	APP1 Bootcamp. Day00	2026-10-08T16:41:06+0500
alaskank	21390	ASSIGNED	APP1 Bootcamp. Day01	2026-10-08T16:41:06+0500
alaskank	21412	ASSIGNED	APP1 Bootcamp. Day03	2026-10-08T16:41:06+0500
alaskank	21413	ASSIGNED	APP1 Bootcamp. Day02	2026-10-08T16:41:06+0500
alaskank	21414	ASSIGNED	APP1 Bootcamp. Day04	2026-10-08T16:41:06+0500
alaskank	21415	ASSIGNED	APP1 Bootcamp. Team00	2026-10-08T16:41:06+0500
alaskank	21416	ASSIGNED	APP1 Bootcamp. Day05	2026-10-08T16:41:06+0500
alaskank	21417	ASSIGNED	APP1 Bootcamp. Day06	2026-10-08T16:41:06+0500
alaskank	21418	ASSIGNED	APP1 Bootcamp. Day07	2026-10-08T16:41:06+0500
alaskank	21419	ASSIGNED	APP1 Bootcamp. Day08	2026-10-08T16:41:06+0500
alaskank	21420	ASSIGNED	APP1 Bootcamp. Team01	2026-10-08T16:41:06+0500
alaskank	26477	ACCEPTED	C3_s21_stringplus	2026-10-08T16:41:06+0500
alaskank	26478	ACCEPTED	C2_SimpleBashUtils	2026-10-08T16:41:06+0500
alaskank	26480	ACCEPTED	C4_s21_math	2026-10-08T16:41:06+0500
alaskank	26481	ACCEPTED	C5_s21_decimal	2026-10-08T16:41:06+0500
alaskank	26482	ACCEPTED	C6_s21_matrix	2026-10-08T16:41:06+0500
alaskank	26483	ACCEPTED	SmartCalc_v1.0	2026-10-08T16:41:06+0500
alaskank	26484	ACCEPTED	C8_3DViewer_v1.0	2026-10-08T16:41:06+0500
alaskank	26485	ACCEPTED	CPP1_s21_matrix+	2026-10-08T16:41:06+0500
alaskank	26486	ACCEPTED	CPP2_s21_containers	2026-10-08T16:41:06+0500
alaskank	26487	ACCEPTED	CPP3_SmartCalc_v2.0	2026-10-08T16:41:06+0500
alaskank	26488	ACCEPTED	CPP4_3DViewer_v2.0	2026-10-08T16:41:06+0500
alaskank	26489	ASSIGNED	CPP5_3DViewer_v2.1	2026-10-08T16:41:06+0500
alaskank	26490	ASSIGNED	CPP6_3DViewer_v2.2	2026-10-08T16:41:06+0500
alaskank	26491	ASSIGNED	CPP7_MLP	2026-10-08T16:41:06+0500
alaskank	26492	ASSIGNED	CPP8_PhotoLab_v1.0	2026-10-08T16:41:06+0500
alaskank	26493	ASSIGNED	CPP9_Monitoring System	2026-10-08T16:41:06+0500
alaskank	26557	ACCEPTED	DO1_Linux	2026-10-08T16:41:06+0500
alaskank	26558	ACCEPTED	DO2_Linux Network	2026-10-08T16:41:06+0500
alaskank	26559	ASSIGNED	RetailAnalytics_v2.0_Web_Go	2026-10-08T16:41:06+0500
alaskank	26560	ASSIGNED	SmartCalc_v4.0_Web_Go	2026-10-08T16:41:06+0500
alaskank	26561	ACCEPTED	DO3_LinuxMonitoring v1.0	2026-10-08T16:41:06+0500
alaskank	26562	ASSIGNED	Info21_v2.0_Web_Go	2026-10-08T16:41:06+0500
alaskank	26563	ACCEPTED	DO4_LinuxMonitoring v2.0	2026-10-08T16:41:06+0500
alaskank	26564	ASSIGNED	SimpleWebStudio_v1.0_Go	2026-10-08T16:41:06+0500
alaskank	26565	ACCEPTED	DO5_SimpleDocker	2026-10-08T16:41:06+0500
alaskank	26566	ACCEPTED	DO6_CICD	2026-10-08T16:41:06+0500
alaskank	26567	ASSIGNED	SmartCalc_v3.0 Desktop (Go)	2026-10-08T16:41:06+0500
alaskank	26568	FAILED	Maze	2026-10-08T16:41:06+0500
alaskank	26569	ASSIGNED	SimpleNavigator v1.0	2026-10-08T16:41:06+0500
alaskank	26570	ASSIGNED	RetailAnalytics_v2.0_Web_Python	2026-10-08T16:41:06+0500
alaskank	26571	ASSIGNED	Parallels	2026-10-08T16:41:06+0500
alaskank	26572	ASSIGNED	Crypto	2026-10-08T16:41:06+0500
alaskank	26573	ASSIGNED	SmartCalc_v4.0_Web_Python	2026-10-08T16:41:06+0500
alaskank	26574	ASSIGNED	s21_memory	2026-10-08T16:41:06+0500
alaskank	26575	ASSIGNED	Info21_v2.0_Web_Python	2026-10-08T16:41:06+0500
alaskank	26577	ASSIGNED	DNA Analyzer	2026-10-08T16:41:06+0500
alaskank	26578	ASSIGNED	Algorithmic trading	2026-10-08T16:41:06+0500
alaskank	26579	ASSIGNED	SimpleWebStudio_v1.0_Python	2026-10-08T16:41:06+0500
alaskank	26581	ASSIGNED	SmartCalc_v3.0 Desktop (Python)	2026-10-08T16:41:06+0500
alaskank	26583	ACCEPTED	SQL2_Info21_v1.0	2026-10-08T16:41:06+0500
alaskank	26584	ASSIGNED	RetailAnalytics_v2.0_Web_Java	2026-10-08T16:41:06+0500
alaskank	26585	REGISTERED	SQL3_RetailAnalitycs v1.0	2026-10-08T16:41:06+0500
alaskank	26586	ASSIGNED	SmartCalc_v4.0_Web_Java	2026-10-08T16:41:06+0500
alaskank	26589	ASSIGNED	Info21_v2.0_Web_Java	2026-10-08T16:41:06+0500
alaskank	26590	ASSIGNED	SmartCalc v3.0 Desktop (C#)	2026-10-08T16:41:06+0500
alaskank	26592	ASSIGNED	SimpleWebStudio v1.0 C#	2026-10-08T16:41:06+0500
alaskank	26593	ASSIGNED	Info21_v2.0_Web_C#	2026-10-08T16:41:06+0500
alaskank	26594	ASSIGNED	SmartCalc v4.0 Web C#	2026-10-08T16:41:06+0500
alaskank	26595	ACCEPTED	SmartCalc_v3.0 Desktop (Java)	2026-10-08T16:41:06+0500
alaskank	26596	ASSIGNED	RetailAnalytics_v2.0_Web_C#	2026-10-08T16:41:06+0500
alaskank	27289	ASSIGNED	DS Healthcare. Project 01 	2026-10-08T16:41:06+0500
alaskank	27290	ASSIGNED	DS Healthcare. Project 02	2026-10-08T16:41:06+0500
alaskank	27292	ASSIGNED	DS Healthcare. Project 03	2026-10-08T16:41:06+0500
alaskank	27295	ASSIGNED	DS Healthcare. Project 04	2026-10-08T16:41:06+0500
alaskank	27298	ASSIGNED	DS Healthcare. Project 05	2026-10-08T16:41:06+0500
alaskank	27299	ASSIGNED	DS Healthcare. Project 06	2026-10-08T16:41:06+0500
alaskank	27364	ASSIGNED	Transactions	2026-10-08T16:41:06+0500
alaskank	27373	ASSIGNED	SimpleWebStudio_v1.0_Java	2026-10-08T16:41:06+0500
alaskank	27711	ASSIGNED	APC1 Bootcamp. Day00	2026-10-08T16:41:06+0500
alaskank	27714	ASSIGNED	APC1 Bootcamp. Day01	2026-10-08T16:41:06+0500
alaskank	27715	ASSIGNED	APC1 Bootcamp. Day02	2026-10-08T16:41:06+0500
alaskank	27716	ASSIGNED	APC1 Bootcamp. Day03	2026-10-08T16:41:06+0500
alaskank	27717	ASSIGNED	APC1 Bootcamp. Day04	2026-10-08T16:41:06+0500
alaskank	27718	ASSIGNED	APC1 Bootcamp. Day05	2026-10-08T16:41:06+0500
alaskank	27719	ASSIGNED	APC1 Bootcamp. Day06	2026-10-08T16:41:06+0500
alaskank	27720	ASSIGNED	APC1 Bootcamp. Day07	2026-10-08T16:41:06+0500
alaskank	27721	ASSIGNED	APC1 Bootcamp. Day08	2026-10-08T16:41:06+0500
alaskank	27723	ASSIGNED	APC1 Bootcamp. Team01	2026-10-08T16:41:06+0500
alaskank	28037	ASSIGNED	APG1 Bootcamp. Day00	2026-10-08T16:41:06+0500
alaskank	28038	ASSIGNED	APG1 Bootcamp.  Day01	2026-10-08T16:41:06+0500
alaskank	28039	ASSIGNED	APG1 Bootcamp. Day02	2026-10-08T16:41:06+0500
alaskank	28040	ASSIGNED	APG1 Bootcamp. Day03	2026-10-08T16:41:06+0500
alaskank	28041	ASSIGNED	APG1 Bootcamp. Day04	2026-10-08T16:41:06+0500
alaskank	28042	ASSIGNED	APG1 Bootcamp.  Day05	2026-10-08T16:41:06+0500
alaskank	28043	ASSIGNED	APG1 Bootcamp.  Day06	2026-10-08T16:41:06+0500
alaskank	28044	ASSIGNED	APG1 Bootcamp. Day07	2026-10-08T16:41:06+0500
alaskank	28045	ASSIGNED	APG1 Bootcamp. Day08	2026-10-08T16:41:06+0500
alaskank	28046	ASSIGNED	APG1 Bootcamp. Day09	2026-10-08T16:41:06+0500
alaskank	28047	ASSIGNED	APG1 Bootcamp. Team00	2026-10-08T16:41:06+0500
alaskank	28048	ASSIGNED	APG1 Bootcamp. Team01	2026-10-08T16:41:06+0500
alaskank	28350	ASSIGNED	APC1 Bootcamp. Team00	2026-10-08T16:41:06+0500
alaskank	40313	ASSIGNED	ROSB1_Intro	2026-10-08T16:41:06+0500
alaskank	40648	ASSIGNED	ROSB2_Advanced node	2026-10-08T16:41:06+0500
alaskank	40649	ASSIGNED	ROSB3_TF library 	2026-10-08T16:41:06+0500
alaskank	40650	ASSIGNED	ROSB4_Robot simulation	2026-10-08T16:41:06+0500
alaskank	40651	ASSIGNED	ROSB5_Robot sensor 	2026-10-08T16:41:06+0500
alaskank	40652	ASSIGNED	ROSB7_Robot mapping	2026-10-08T16:41:06+0500
alaskank	40653	ASSIGNED	ROSB8_Robot navigation	2026-10-08T16:41:06+0500
alaskank	40655	ASSIGNED	ROSB9_MoveIt arm control	2026-10-08T16:41:06+0500
alaskank	40656	ASSIGNED	ROSB10_Computer vision 	2026-10-08T16:41:06+0500
alaskank	40657	ASSIGNED	ROSB11_Robot behaviors 	2026-10-08T16:41:06+0500
alaskank	40658	ASSIGNED	ROSB6_Robot programming	2026-10-08T16:41:06+0500
alaskank	40659	ASSIGNED	ROSB12_Robotics Pro	2026-10-08T16:41:06+0500
alaskank	40886	ASSIGNED	APP1 Bootcamp. Day09	2026-10-08T16:41:06+0500
alaskank	40910	ACCEPTED	SQLB2_Retrieving data	2026-10-08T16:41:06+0500
alaskank	40911	ACCEPTED	SQLB3_Retrieving data deep dive	2026-10-08T16:41:06+0500
alaskank	40912	ACCEPTED	SQLB4_DML	2026-10-08T16:41:06+0500
alaskank	40913	ACCEPTED	SQLB5_Snapshots	2026-10-08T16:41:06+0500
alaskank	40914	ACCEPTED	SQLB7_Database index 	2026-10-08T16:41:06+0500
alaskank	40915	ACCEPTED	SQLB8_Integrating features	2026-10-08T16:41:06+0500
alaskank	40916	ACCEPTED	SQLB9_OLAP	2026-10-08T16:41:06+0500
alaskank	40918	ACCEPTED	SQLB10_Isolation levels	2026-10-08T16:41:06+0500
alaskank	40919	ACCEPTED	SQLB11_Functions and procs	2026-10-08T16:41:06+0500
alaskank	40922	ACCEPTED	SQLB12_Warehouse fundamentals	2026-10-08T16:41:06+0500
alaskank	40964	ACCEPTED	SQLB1_Basics	2026-10-08T16:41:06+0500
alaskank	41377	REGISTERED	DevOps Exam_DELETE	2026-10-08T16:41:06+0500
alaskank	47708	ACCEPTED	SQLB6_Salesman problem	2026-10-08T16:41:06+0500
alaskank	51184	ASSIGNED	FE1_Browser extensions	2026-10-08T16:41:06+0500
alaskank	51185	ASSIGNED	FE2_Angular framework	2026-10-08T16:41:06+0500
alaskank	51186	ASSIGNED	FE3_Vue framework	2026-10-08T16:41:06+0500
alaskank	51187	ASSIGNED	FE4_CSS and animations	2026-10-08T16:41:06+0500
alaskank	51188	ASSIGNED	FE5_Canvas tag 	2026-10-08T16:41:06+0500
alaskank	51190	ASSIGNED	FE6_WebSocket	2026-10-08T16:41:06+0500
alaskank	51191	ASSIGNED	FE7_Code quality	2026-10-08T16:41:06+0500
alaskank	51202	ACCEPTED	CT2_Dream_job	2026-10-08T16:41:06+0500
alaskank	51205	ACCEPTED	CT1_Self_determination	2026-10-08T16:41:06+0500
alaskank	51210	ASSIGNED	Проект в разработке	2026-10-08T16:41:06+0500
alaskank	51262	IN_PROGRESS	DB Bootcamp. Day00	2026-10-08T16:41:06+0500
alaskank	51263	ASSIGNED	DB Bootcamp. Day01	2026-10-08T16:41:06+0500
alaskank	51264	ASSIGNED	DB Bootcamp. Day02	2026-10-08T16:41:06+0500
alaskank	51363	ASSIGNED	FEB1_JS	2026-10-08T16:41:06+0500
alaskank	51394	ASSIGNED	FEB2_Native JS	2026-10-08T16:41:06+0500
alaskank	51399	ASSIGNED	FEB3_HTML and CSS	2026-10-08T16:41:06+0500
alaskank	51409	ASSIGNED	FEB4_Advanced Web	2026-10-08T16:41:06+0500
alaskank	51411	ASSIGNED	FEB5_Express framework	2026-10-08T16:41:06+0500
alaskank	51412	ASSIGNED	FEB6_HTML templating	2026-10-08T16:41:06+0500
alaskank	51413	ASSIGNED	DB Bootcamp. Day03	2026-10-08T16:41:06+0500
alaskank	51414	ASSIGNED	FEB7_SeaBattle game	2026-10-08T16:41:06+0500
alaskank	51415	ASSIGNED	FEB8_React	2026-10-08T16:41:06+0500
alaskank	51416	ASSIGNED	FEB9_Memoization	2026-10-08T16:41:06+0500
alaskank	51417	ASSIGNED	FEB10_Data storages	2026-10-08T16:41:06+0500
alaskank	51418	ASSIGNED	FEB11_Routing	2026-10-08T16:41:06+0500
alaskank	51419	ASSIGNED	FEB12_React Redux	2026-10-08T16:41:06+0500
alaskank	51420	ASSIGNED	FEB13_TypeScript	2026-10-08T16:41:06+0500
alaskank	51435	ASSIGNED	DB Bootcamp. Day04	2026-10-08T16:41:06+0500
alaskank	51462	ASSIGNED	FEB14_Web Building	2026-10-08T16:41:06+0500
alaskank	51472	ASSIGNED	EEB1_Basics	2026-10-08T16:41:06+0500
alaskank	51473	ASSIGNED	EEB2_AC circuit analysis	2026-10-08T16:41:06+0500
alaskank	51474	ASSIGNED	EEB3_Circuit calc	2026-10-08T16:41:06+0500
alaskank	51475	ASSIGNED	EEB4_Connection circuits	2026-10-08T16:41:06+0500
alaskank	51476	ASSIGNED	EEB5_Operational amplifiers	2026-10-08T16:41:06+0500
alaskank	51477	ASSIGNED	EEB6_Filters	2026-10-08T16:41:06+0500
alaskank	51478	ASSIGNED	EEB7_Speed control	2026-10-08T16:41:06+0500
alaskank	51479	ASSIGNED	EEB8_Arduino boards	2026-10-08T16:41:06+0500
alaskank	51480	ASSIGNED	EEB9_Module integration	2026-10-08T16:41:06+0500
alaskank	51481	ASSIGNED	EEB10_STM fundamentals	2026-10-08T16:41:06+0500
alaskank	51482	ASSIGNED	EEB11_STM code	2026-10-08T16:41:06+0500
alaskank	51483	ASSIGNED	EEB12_Transferring data	2026-10-08T16:41:06+0500
alaskank	51484	ASSIGNED	EEB13_Satellite odometer	2026-10-08T16:41:06+0500
alaskank	51485	ASSIGNED	DS1_Tweets	2026-10-08T16:41:06+0500
alaskank	51486	ASSIGNED	DS2_Churn prediction	2026-10-08T16:41:06+0500
alaskank	51487	ASSIGNED	DS3_My Spotify	2026-10-08T16:41:06+0500
alaskank	51488	ASSIGNED	DS4_Understanding customer	2026-10-08T16:41:06+0500
alaskank	51489	ASSIGNED	DS5_Uber	2026-10-08T16:41:06+0500
alaskank	51490	ASSIGNED	DS8_Fried Eggs	2026-10-08T16:41:06+0500
alaskank	51491	ASSIGNED	DS7_Amazon	2026-10-08T16:41:06+0500
alaskank	51492	ASSIGNED	DS6_City life	2026-10-08T16:41:06+0500
alaskank	51496	ASSIGNED	DSB1_UNIX Command Line Tools_	2026-10-08T16:41:06+0500
alaskank	51497	ASSIGNED	DSB2_Syntax&Semantics_	2026-10-08T16:41:06+0500
alaskank	51498	ASSIGNED	DSB3_OOP skills_	2026-10-08T16:41:06+0500
alaskank	51499	ASSIGNED	DSB4_Package management_	2026-10-08T16:41:06+0500
alaskank	51500	ASSIGNED	DSB5_Efficient code practices_	2026-10-08T16:41:06+0500
alaskank	51501	ASSIGNED	DSB6_MovieLens Analytics_	2026-10-08T16:41:06+0500
alaskank	51502	ASSIGNED	DSB7_Pandas_	2026-10-08T16:41:06+0500
alaskank	51503	ASSIGNED	DSB8_SQL&Pandas_	2026-10-08T16:41:06+0500
alaskank	51504	ASSIGNED	DSB9_Pandas_SQL& Data Visual_	2026-10-08T16:41:06+0500
alaskank	51505	ASSIGNED	DSB10_Intro to ML_	2026-10-08T16:41:06+0500
alaskank	51506	ASSIGNED	DSB11_ML: Advanced_	2026-10-08T16:41:06+0500
alaskank	51507	ASSIGNED	DSB12_Food&nutrition_	2026-10-08T16:41:06+0500
alaskank	51508	ASSIGNED	DB Bootcamp. Day05	2026-10-08T16:41:06+0500
alaskank	51509	ASSIGNED	DB Bootcamp. Day06	2026-10-08T16:41:06+0500
alaskank	51510	ASSIGNED	DB Bootcamp. Day07	2026-10-08T16:41:06+0500
alaskank	51511	ASSIGNED	DB Bootcamp. Day08	2026-10-08T16:41:06+0500
alaskank	51512	ASSIGNED	DB Bootcamp. Day09	2026-10-08T16:41:06+0500
alaskank	51513	ASSIGNED	DB Bootcamp. Team00	2026-10-08T16:41:06+0500
alaskank	51517	ACCEPTED	CT3_CV_Resume	2026-10-08T16:41:06+0500
alaskank	51518	ACCEPTED	CT4_Interview_	2026-10-08T16:41:06+0500
alaskank	51529	ACCEPTED	CT5_Teamwork_	2026-10-08T16:41:06+0500
alaskank	51652	ASSIGNED	DB Bootcamp. Team01	2026-10-08T16:41:06+0500
alaskank	51654	ACCEPTED	CT6_Corporate_culture 	2026-10-08T16:41:06+0500
alaskank	51659	ACCEPTED	CT7_Corporate_Communication	2026-10-08T16:41:06+0500
alaskank	51660	ACCEPTED	CT8_Career_planning	2026-10-08T16:41:06+0500
alaskank	52870	ASSIGNED	Kotlin Bootcamp. Day00	2026-10-08T16:41:06+0500
alaskank	52871	ASSIGNED	Kotlin Bootcamp. Day01	2026-10-08T16:41:06+0500
alaskank	52872	ASSIGNED	Kotlin Bootcamp. Day02	2026-10-08T16:41:06+0500
alaskank	52873	ASSIGNED	Kotlin Bootcamp. Day03	2026-10-08T16:41:06+0500
alaskank	52878	ASSIGNED	Kotlin Bootcamp. Day04	2026-10-08T16:41:06+0500
alaskank	52879	ASSIGNED	Kotlin Bootcamp. Team00	2026-10-08T16:41:06+0500
alaskank	52880	ASSIGNED	Kotlin Bootcamp. Day05	2026-10-08T16:41:06+0500
alaskank	52881	ASSIGNED	Kotlin Bootcamp. Day06	2026-10-08T16:41:06+0500
alaskank	52882	ASSIGNED	Kotlin Bootcamp. Day07	2026-10-08T16:41:06+0500
alaskank	52883	ASSIGNED	Kotlin Bootcamp. Day08	2026-10-08T16:41:06+0500
alaskank	52884	ASSIGNED	Kotlin Bootcamp. Day09	2026-10-08T16:41:06+0500
alaskank	52885	ASSIGNED	Kotlin Bootcamp. Team01	2026-10-08T16:41:06+0500
alaskank	53016	ACCEPTED	Java Bootcamp. Day00	2026-10-08T16:41:06+0500
alaskank	53017	ACCEPTED	Java Bootcamp. Day01	2026-10-08T16:41:06+0500
alaskank	53018	ACCEPTED	Java Bootcamp. Day02	2026-10-08T16:41:06+0500
alaskank	53019	ACCEPTED	Java Bootcamp. Day03	2026-10-08T16:41:06+0500
alaskank	53020	ACCEPTED	Java Bootcamp. Day04	2026-10-08T16:41:06+0500
alaskank	53021	ACCEPTED	Java Bootcamp. Team00	2026-10-08T16:41:06+0500
alaskank	53022	ACCEPTED	Java Bootcamp. Day05	2026-10-08T16:41:06+0500
alaskank	53025	ACCEPTED	Java Bootcamp. Day06	2026-10-08T16:41:06+0500
alaskank	53026	ACCEPTED	Java Bootcamp. Day07	2026-10-08T16:41:06+0500
alaskank	53035	ACCEPTED	Java Bootcamp. Day08	2026-10-08T16:41:06+0500
alaskank	53036	ACCEPTED	Java Bootcamp. Day09	2026-10-08T16:41:06+0500
alaskank	53037	FAILED	Java Bootcamp. Team01	2026-10-08T16:41:06+0500
alaskank	57572	ASSIGNED	CPP Exam	2026-10-08T16:41:06+0500
alaskank	57573	ASSIGNED	CPPE-T	2026-10-08T16:41:06+0500
alaskank	59888	ASSIGNED	Core final testing	2026-10-08T16:41:06+0500
alaskank	59889	ASSIGNED	Core final exam	2026-10-08T16:41:06+0500
alaskank	60672	ASSIGNED	Swift Bootcamp. Day00	2026-10-08T16:41:06+0500
alaskank	60673	ASSIGNED	Swift Bootcamp. Day01	2026-10-08T16:41:06+0500
alaskank	60674	ASSIGNED	Swift Bootcamp. Day02	2026-10-08T16:41:06+0500
alaskank	60675	ASSIGNED	Swift Bootcamp. Day03	2026-10-08T16:41:06+0500
alaskank	60676	ASSIGNED	Swift Bootcamp. Day04	2026-10-08T16:41:06+0500
alaskank	60677	ASSIGNED	Swift Bootcamp. Team00	2026-10-08T16:41:06+0500
alaskank	60680	ASSIGNED	Swift Bootcamp. Day05	2026-10-08T16:41:06+0500
alaskank	60681	ASSIGNED	Swift Bootcamp. Day06	2026-10-08T16:41:06+0500
alaskank	60682	ASSIGNED	Swift Bootcamp. Day07	2026-10-08T16:41:06+0500
alaskank	60683	ASSIGNED	Swift Bootcamp. Day08	2026-10-08T16:41:06+0500
alaskank	60684	ASSIGNED	Swift Bootcamp. Day09	2026-10-08T16:41:06+0500
alaskank	60685	ASSIGNED	Swift Bootcamp. Team01	2026-10-08T16:41:06+0500
alaskank	61411	IN_PROGRESS	DO7_Docker Compose	2026-10-08T16:41:06+0500
alaskank	61424	ASSIGNED	DO8_AutomationTools	2026-10-08T16:41:06+0500
alaskank	61425	ASSIGNED	DO9_Monitoring	2026-10-08T16:41:06+0500
alaskank	61426	ASSIGNED	DO10_BasicK8s	2026-10-08T16:41:06+0500
alaskank	61427	ASSIGNED	DO11_AdvK8s	2026-10-08T16:41:06+0500
alaskank	61428	ASSIGNED	DO12_Helm	2026-10-08T16:41:06+0500
alaskank	62392	ASSIGNED	ML1_Introduction	2026-10-08T16:41:06+0500
alaskank	62393	ASSIGNED	ML2_Supervised learning	2026-10-08T16:41:06+0500
alaskank	62394	ASSIGNED	ML3_Validation	2026-10-08T16:41:06+0500
alaskank	62395	ASSIGNED	ML4_Classification problems	2026-10-08T16:41:06+0500
alaskank	62396	ASSIGNED	ML5_Decision trees	2026-10-08T16:41:06+0500
alaskank	62397	ASSIGNED	ML6_Unsupervised learning	2026-10-08T16:41:06+0500
alaskank	62398	ASSIGNED	ML7_Clustering algorithms	2026-10-08T16:41:06+0500
alaskank	62399	ASSIGNED	ML8_Neural networks	2026-10-08T16:41:06+0500
alaskank	62400	ASSIGNED	ML9_Convolutional networks 	2026-10-08T16:41:06+0500
alaskank	62401	ASSIGNED	ML10_RNNs	2026-10-08T16:41:06+0500
alaskank	62403	ASSIGNED	ML11_Attention mechanism	2026-10-08T16:41:06+0500
alaskank	62404	ASSIGNED	ML12_Generative ML	2026-10-08T16:41:06+0500
alaskank	62813	IN_PROGRESS	SA1_Software specs	2026-10-08T16:41:06+0500
alaskank	62825	ASSIGNED	SA2_Software quality	2026-10-08T16:41:06+0500
alaskank	62826	ASSIGNED	SA3_Requirements analysis	2026-10-08T16:41:06+0500
alaskank	62827	ASSIGNED	SA4_SDD	2026-10-08T16:41:06+0500
alaskank	62828	ASSIGNED	SA5_Complex architecture	2026-10-08T16:41:06+0500
alaskank	62829	ASSIGNED	SA6_TOGAF framework	2026-10-08T16:41:06+0500
alaskank	62954	ACCEPTED	BE1_HttpAuth	2026-10-08T16:41:06+0500
alaskank	62955	ACCEPTED	BE2_APIFromSpec	2026-10-08T16:41:06+0500
alaskank	62957	ACCEPTED	BE3_Nginx Pro	2026-10-08T16:41:06+0500
alaskank	62958	REGISTERED	BE4_GRPCAuth	2026-10-08T16:41:06+0500
alaskank	62959	REGISTERED	BE5_Message broker	2026-10-08T16:41:06+0500
alaskank	62960	REGISTERED	BE6_Data sharding	2026-10-08T16:41:06+0500
alaskank	62961	ASSIGNED	GD1_Meeting Unity	2026-10-08T16:41:06+0500
alaskank	62962	ASSIGNED	GD2_Game Design	2026-10-08T16:41:06+0500
alaskank	62963	ASSIGNED	GD3_DOD	2026-10-08T16:41:06+0500
alaskank	62964	ASSIGNED	GD4_Multiplayer	2026-10-08T16:41:06+0500
alaskank	62966	ASSIGNED	GD5_Shaders	2026-10-08T16:41:06+0500
alaskank	62967	ASSIGNED	GD6_Hypercasual	2026-10-08T16:41:06+0500
alaskank	62968	ASSIGNED	GD7_Unreal Engine	2026-10-08T16:41:06+0500
alaskank	63932	ASSIGNED	DO14_Final	2026-10-08T16:41:06+0500
alaskank	63934	ASSIGNED	DO13_CICD Pipeline	2026-10-08T16:41:06+0500
alaskank	64043	ASSIGNED	Mobile Kotlin_BasicApp	2026-10-08T16:41:06+0500
alaskank	64044	ASSIGNED	Mobile Kotlin_AuthApp	2026-10-08T16:41:06+0500
alaskank	64049	ASSIGNED	Mobile Swift_BasicApp	2026-10-08T16:41:06+0500
alaskank	64050	ASSIGNED	Mobile Swift_AuthApp	2026-10-08T16:41:06+0500
alaskank	64402	ASSIGNED	FE8_Data vis	2026-10-08T16:41:06+0500
alaskank	66062	ACCEPTED	DevOps Exam	2026-10-08T16:41:06+0500
alaskank	67412	ASSIGNED	CPP_Ex-p	2026-10-08T16:41:06+0500
alaskank	67417	ASSIGNED	CPP_Ex-t	2026-10-08T16:41:06+0500
alaskank	68823	ASSIGNED	C_Ex-t	2026-10-08T16:41:06+0500
alaskank	68824	ASSIGNED	C_Ex-p	2026-10-08T16:41:06+0500
alaskank	68883	REGISTERED	SQL_Ex-t	2026-10-08T16:41:06+0500
alaskank	68901	ASSIGNED	SQL_Ex-p	2026-10-08T16:41:06+0500
alaskank	68976	REGISTERED	DO_Ex-t	2026-10-08T16:41:06+0500
alaskank	68977	ASSIGNED	A_Ex-t	2026-10-08T16:41:06+0500
alaskank	69039	ASSIGNED	AP1-CS-T01	2026-10-08T16:41:06+0500
alaskank	69040	ASSIGNED	AP1-CS-T02	2026-10-08T16:41:06+0500
alaskank	69041	ASSIGNED	AP1-CS-P01	2026-10-08T16:41:06+0500
alaskank	69042	ASSIGNED	AP1-CS-T03	2026-10-08T16:41:06+0500
alaskank	69043	ASSIGNED	AP1-CS-T04B	2026-10-08T16:41:06+0500
alaskank	69044	ASSIGNED	AP1-CS-T05B	2026-10-08T16:41:06+0500
alaskank	69045	ASSIGNED	AP1-Go-T01	2026-10-08T16:41:06+0500
alaskank	69046	ASSIGNED	AP1-Go-T02	2026-10-08T16:41:06+0500
alaskank	69047	ASSIGNED	AP1-Go-P01	2026-10-08T16:41:06+0500
alaskank	69048	ASSIGNED	AP1-Go-T03	2026-10-08T16:41:06+0500
alaskank	69049	ASSIGNED	AP1-Go-T04B	2026-10-08T16:41:06+0500
alaskank	69051	ASSIGNED	AP1-Go-T05B	2026-10-08T16:41:06+0500
alaskank	69052	ASSIGNED	C7_BrickGame_v1.0	2026-10-08T16:41:06+0500
alaskank	69053	ASSIGNED	CPP3_BrickGame_v2.0	2026-10-08T16:41:06+0500
alaskank	69055	ASSIGNED	AP2_BrickGame_v3.0_Python	2026-10-08T16:41:06+0500
alaskank	69056	ASSIGNED	AP2_BrickGame_v3.0_Jv	2026-10-08T16:41:06+0500
alaskank	69057	ASSIGNED	AP2_BrickGame v3.0_JS	2026-10-08T16:41:06+0500
alaskank	69058	ASSIGNED	AP2_BrickGame_v3.0_Go	2026-10-08T16:41:06+0500
alaskank	69059	ASSIGNED	AP2_BrickGame_v3.0_C#	2026-10-08T16:41:06+0500
alaskank	69060	ASSIGNED	AP2_BrickGame_v3.0_Kt	2026-10-08T16:41:06+0500
alaskank	69061	ASSIGNED	AP2_BrickGame_v3.0_Sw	2026-10-08T16:41:06+0500
alaskank	69062	ACCEPTED	AP1-Jv-T01	2026-10-08T16:41:06+0500
alaskank	69063	ACCEPTED	AP1-Jv-T02	2026-10-08T16:41:06+0500
alaskank	69064	FAILED	AP1-Jv-P01	2026-10-08T16:41:06+0500
alaskank	69065	IN_PROGRESS	AP1-Jv-T03	2026-10-08T16:41:06+0500
alaskank	69066	ASSIGNED	AP1-Jv-T04B	2026-10-08T16:41:06+0500
alaskank	69067	ASSIGNED	AP1-Jv-T05B	2026-10-08T16:41:06+0500
alaskank	69068	ASSIGNED	AP1-Jv-T04M	2026-10-08T16:41:06+0500
alaskank	69069	ASSIGNED	AP1-Jv-T05M	2026-10-08T16:41:06+0500
alaskank	69070	ASSIGNED	AP1-JS-T01	2026-10-08T16:41:06+0500
alaskank	69071	ASSIGNED	AP1-JS-T02	2026-10-08T16:41:06+0500
alaskank	69072	ASSIGNED	AP1-JS-P01	2026-10-08T16:41:06+0500
alaskank	69073	ASSIGNED	AP1-JS-T03	2026-10-08T16:41:06+0500
alaskank	69074	ASSIGNED	AP1-JS-T04F	2026-10-08T16:41:06+0500
alaskank	69075	ASSIGNED	AP1-JS-T05F	2026-10-08T16:41:06+0500
alaskank	69076	ASSIGNED	AP1-JS-T04B	2026-10-08T16:41:06+0500
alaskank	69077	ASSIGNED	AP1-JS-T05B	2026-10-08T16:41:06+0500
alaskank	69078	IN_PROGRESS	AP1-Kt-T01	2026-10-08T16:41:06+0500
alaskank	69079	ASSIGNED	AP1-Kt-T02	2026-10-08T16:41:06+0500
alaskank	69080	ASSIGNED	AP1-Kt-P01	2026-10-08T16:41:06+0500
alaskank	69081	ASSIGNED	AP1-Kt-T03	2026-10-08T16:41:06+0500
alaskank	69082	ASSIGNED	AP1-Kt-T04M	2026-10-08T16:41:06+0500
alaskank	69083	ASSIGNED	AP1-Kt-T05M	2026-10-08T16:41:06+0500
alaskank	69084	ASSIGNED	AP1-Kt-T04B	2026-10-08T16:41:06+0500
alaskank	69085	ASSIGNED	AP1-Kt-T05B	2026-10-08T16:41:06+0500
alaskank	69086	ASSIGNED	AP1-Py-T01	2026-10-08T16:41:06+0500
alaskank	69087	ASSIGNED	AP1-Py-T02	2026-10-08T16:41:06+0500
alaskank	69088	ASSIGNED	AP1-Py-P01	2026-10-08T16:41:06+0500
alaskank	69089	ASSIGNED	AP1-Py-T04B	2026-10-08T16:41:06+0500
alaskank	69090	ASSIGNED	AP1-Py-T03	2026-10-08T16:41:06+0500
alaskank	69091	ASSIGNED	AP1-Py-T05B	2026-10-08T16:41:06+0500
alaskank	69094	ASSIGNED	AP1-Sw-T01	2026-10-08T16:41:06+0500
alaskank	69096	ASSIGNED	AP1-Sw-T02	2026-10-08T16:41:06+0500
alaskank	69097	ASSIGNED	AP1-Sw-P01	2026-10-08T16:41:06+0500
alaskank	69098	ASSIGNED	AP1-Sw-T03	2026-10-08T16:41:06+0500
alaskank	69099	ASSIGNED	AP1-Sw-T04M	2026-10-08T16:41:06+0500
alaskank	69100	ASSIGNED	AP1-Sw-T05M	2026-10-08T16:41:06+0500
alaskank	69101	ASSIGNED	AP1-Sw-T04B	2026-10-08T16:41:06+0500
alaskank	69102	ASSIGNED	AP1-Sw-T05B	2026-10-08T16:41:06+0500
alaskank	69103	ASSIGNED	A1_Maze_C	2026-10-08T16:41:06+0500
alaskank	69104	ASSIGNED	A2_SimpleNavigator_v1.0_C	2026-10-08T16:41:06+0500
alaskank	69105	ASSIGNED	A3_Parallels_C	2026-10-08T16:41:06+0500
alaskank	69106	ASSIGNED	A4_Crypto_C	2026-10-08T16:41:06+0500
alaskank	69107	ASSIGNED	A5_s21_memory_C	2026-10-08T16:41:06+0500
alaskank	69108	ASSIGNED	A6_Transactions_C	2026-10-08T16:41:06+0500
alaskank	69109	ASSIGNED	A7_DNA_Analyzer_C	2026-10-08T16:41:06+0500
alaskank	69110	ASSIGNED	A8_Algorithmic_trading_C	2026-10-08T16:41:06+0500
alaskank	69113	ASSIGNED	A1_Maze_CPP	2026-10-08T16:41:06+0500
alaskank	69114	ASSIGNED	A1_Maze_Py	2026-10-08T16:41:06+0500
alaskank	69115	ASSIGNED	A1_Maze_Go	2026-10-08T16:41:06+0500
alaskank	69116	ACCEPTED	A1_Maze_Jv	2026-10-08T16:41:06+0500
alaskank	69117	ASSIGNED	A1_Maze_JS	2026-10-08T16:41:06+0500
alaskank	69118	ASSIGNED	A1_Maze_C#	2026-10-08T16:41:06+0500
alaskank	69119	ASSIGNED	A1_Maze_Kt	2026-10-08T16:41:06+0500
alaskank	69120	ASSIGNED	A1_Maze_Sw	2026-10-08T16:41:06+0500
alaskank	69121	ASSIGNED	A2_SimpleNavigator_v1.0_CPP	2026-10-08T16:41:06+0500
alaskank	69122	ASSIGNED	A2_SimpleNavigator_v1.0_Py	2026-10-08T16:41:06+0500
alaskank	69123	ASSIGNED	A2_SimpleNavigator_v1.0_Go	2026-10-08T16:41:06+0500
alaskank	69124	REGISTERED	A2_SimpleNavigator_v1.0_Jv	2026-10-08T16:41:06+0500
alaskank	69125	ASSIGNED	A2_SimpleNavigator_v1.0_JS	2026-10-08T16:41:06+0500
alaskank	69126	ASSIGNED	A2_SimpleNavigator_v1.0_C#	2026-10-08T16:41:06+0500
alaskank	69127	ASSIGNED	A2_SimpleNavigator_v1.0_Kt	2026-10-08T16:41:06+0500
alaskank	69128	ASSIGNED	A2_SimpleNavigator_v1.0_Sw	2026-10-08T16:41:06+0500
alaskank	69140	ASSIGNED	IOS1_UIKit	2026-10-08T16:41:06+0500
alaskank	69188	ACCEPTED	APJ_Ex-t	2026-10-08T16:41:06+0500
alaskank	69205	ASSIGNED	AND1_Activity	2026-10-08T16:41:06+0500
alaskank	69277	ASSIGNED	APG_Ex-t	2026-10-08T16:41:06+0500
alaskank	69278	ASSIGNED	APCS_Ex-t	2026-10-08T16:41:06+0500
alaskank	69279	ASSIGNED	APP_Ex-t	2026-10-08T16:41:06+0500
alaskank	69280	ASSIGNED	APJS_Ex-t	2026-10-08T16:41:06+0500
alaskank	69281	ASSIGNED	APS_Ex-t	2026-10-08T16:41:06+0500
alaskank	69282	ASSIGNED	APK_Ex-t	2026-10-08T16:41:06+0500
alaskank	69337	ASSIGNED	PjM1_ProjPM	2026-10-08T16:41:06+0500
alaskank	69372	ASSIGNED	PjM2_LifeCycle	2026-10-08T16:41:06+0500
alaskank	69373	ASSIGNED	PjM3_BasicM	2026-10-08T16:41:06+0500
alaskank	69463	ASSIGNED	AND2_Async operations	2026-10-08T16:41:06+0500
alaskank	69464	ASSIGNED	AND3_Custom View	2026-10-08T16:41:06+0500
alaskank	69465	ASSIGNED	AND4_Notification	2026-10-08T16:41:06+0500
alaskank	69466	ASSIGNED	AND5_OpenGL	2026-10-08T16:41:06+0500
alaskank	69467	ASSIGNED	AND6_Test	2026-10-08T16:41:06+0500
alaskank	69468	ASSIGNED	AND7_Gradle	2026-10-08T16:41:06+0500
alaskank	69469	ASSIGNED	AND8_Compose	2026-10-08T16:41:06+0500
alaskank	69478	ASSIGNED	IOS2_SwiftUI	2026-10-08T16:41:06+0500
alaskank	69534	ASSIGNED	IOS5_Maps	2026-10-08T16:41:06+0500
alaskank	69535	ASSIGNED	IOS6_Additional	2026-10-08T16:41:06+0500
alaskank	69538	ASSIGNED	IOS3_Network	2026-10-08T16:41:06+0500
alaskank	69539	ASSIGNED	IOS4_DataStorage	2026-10-08T16:41:06+0500
alaskank	69540	REGISTERED	BSA00_Decomposition	2026-10-08T16:41:06+0500
alaskank	69541	ASSIGNED	BSA1_Stakeholders	2026-10-08T16:41:06+0500
alaskank	69542	ASSIGNED	BSA2_Requirements	2026-10-08T16:41:06+0500
alaskank	69543	ASSIGNED	BSA3_HowToRequirements	2026-10-08T16:41:06+0500
alaskank	69544	ASSIGNED	BSA4_Domains	2026-10-08T16:41:06+0500
alaskank	69545	ASSIGNED	BSA5_Diagrams	2026-10-08T16:41:06+0500
alaskank	69546	ASSIGNED	BSA6_BPMN	2026-10-08T16:41:06+0500
alaskank	69547	ASSIGNED	BSA7_UserStory	2026-10-08T16:41:06+0500
alaskank	69548	ASSIGNED	BSA8_UseCase	2026-10-08T16:41:06+0500
alaskank	69549	ASSIGNED	BSA9_Objects and Roles	2026-10-08T16:41:06+0500
alaskank	69550	ASSIGNED	BSA10_FR Design	2026-10-08T16:41:06+0500
alaskank	69551	ASSIGNED	BSA11_UserInterfaces	2026-10-08T16:41:06+0500
alaskank	69552	ASSIGNED	BSA12_NFRs	2026-10-08T16:41:06+0500
alaskank	69553	ASSIGNED	BSA13_ReqMgmt	2026-10-08T16:41:06+0500
alaskank	69554	ASSIGNED	BSA14_SystemIntegration	2026-10-08T16:41:06+0500
alaskank	69555	ASSIGNED	BSA15_REST	2026-10-08T16:41:06+0500
alaskank	69556	ASSIGNED	BSA16_SOAP	2026-10-08T16:41:06+0500
alaskank	69627	ACCEPTED	CT9_Educational way	2026-10-08T16:41:06+0500
alaskank	69676	ASSIGNED	IOS7_Test	2026-10-08T16:41:06+0500
alaskank	70735	ASSIGNED	A3_Parallels_CPP	2026-10-08T16:41:06+0500
alaskank	70736	ASSIGNED	A3_Parallels_Py	2026-10-08T16:41:06+0500
alaskank	70737	ASSIGNED	A3_Parallels_Go	2026-10-08T16:41:06+0500
alaskank	70738	ASSIGNED	A3_Parallels_Jv	2026-10-08T16:41:06+0500
alaskank	70739	ASSIGNED	A3_Parallels_JS	2026-10-08T16:41:06+0500
alaskank	70740	ASSIGNED	A3_Parallels_C#	2026-10-08T16:41:06+0500
alaskank	70741	ASSIGNED	A3_Parallels_Kt	2026-10-08T16:41:06+0500
alaskank	70742	ASSIGNED	A3_Parallels_Sw	2026-10-08T16:41:06+0500
alaskank	70756	ASSIGNED	A5_s21_memory_CPP	2026-10-08T16:41:06+0500
alaskank	70757	ASSIGNED	A4_Crypto_CPP	2026-10-08T16:41:06+0500
alaskank	70758	ASSIGNED	A4_Crypto_Py	2026-10-08T16:41:06+0500
alaskank	70759	ASSIGNED	A4_Crypto_Go	2026-10-08T16:41:06+0500
alaskank	70760	ASSIGNED	A4_Crypto_Jv	2026-10-08T16:41:06+0500
alaskank	70761	ASSIGNED	A4_Crypto_JS	2026-10-08T16:41:06+0500
alaskank	70762	ASSIGNED	A4_Crypto_C#	2026-10-08T16:41:06+0500
alaskank	70763	ASSIGNED	A4_Crypto_Kt	2026-10-08T16:41:06+0500
alaskank	70764	ASSIGNED	A4_Crypto_Sw	2026-10-08T16:41:06+0500
alaskank	70767	ASSIGNED	A6_Transactions_CPP	2026-10-08T16:41:06+0500
alaskank	70768	ASSIGNED	A6_Transactions_Py	2026-10-08T16:41:06+0500
alaskank	70769	ASSIGNED	A6_Transactions_Go	2026-10-08T16:41:06+0500
alaskank	70770	ASSIGNED	A6_Transactions_Jv	2026-10-08T16:41:06+0500
alaskank	70771	ASSIGNED	A6_Transactions_JS	2026-10-08T16:41:06+0500
alaskank	70772	ASSIGNED	A6_Transactions_C#	2026-10-08T16:41:06+0500
alaskank	70773	ASSIGNED	A6_Transactions_Kt	2026-10-08T16:41:06+0500
alaskank	70774	ASSIGNED	A6_Transactions_Sw	2026-10-08T16:41:06+0500
alaskank	70781	ASSIGNED	A7_DNA_Analyzer_CPP	2026-10-08T16:41:06+0500
alaskank	70782	ASSIGNED	A7_DNA Analyzer_Py	2026-10-08T16:41:06+0500
alaskank	70783	ASSIGNED	A7_DNA_Analyzer_Go	2026-10-08T16:41:06+0500
alaskank	70784	ASSIGNED	A7_DNA Analyzer_Jv	2026-10-08T16:41:06+0500
alaskank	70785	ASSIGNED	A7_DNA Analyzer_JS	2026-10-08T16:41:06+0500
alaskank	70786	ASSIGNED	A7_DNA_Analyzer_C#	2026-10-08T16:41:06+0500
alaskank	70787	ASSIGNED	A7_DNA_Analyzer_Kt	2026-10-08T16:41:06+0500
alaskank	70788	ASSIGNED	A7_DNA_Analyzer_Sw	2026-10-08T16:41:06+0500
alaskank	70795	ASSIGNED	A8_Algorithmic_trading_CPP	2026-10-08T16:41:06+0500
alaskank	70796	ASSIGNED	A8_Algorithmic trading_Py	2026-10-08T16:41:06+0500
alaskank	70797	ASSIGNED	A8_Algorithmic_trading_Go	2026-10-08T16:41:06+0500
alaskank	70798	ASSIGNED	A8_Algorithmic trading_Jv	2026-10-08T16:41:06+0500
alaskank	70799	ASSIGNED	A8_Algorithmic trading_JS	2026-10-08T16:41:06+0500
alaskank	70800	ASSIGNED	A8_Algorithmic_trading_C#	2026-10-08T16:41:06+0500
alaskank	70801	ASSIGNED	A8_Algorithmic_trading_Kt	2026-10-08T16:41:06+0500
alaskank	70802	ASSIGNED	A8_Algorithmic_trading_Sw	2026-10-08T16:41:06+0500
alaskank	70843	ASSIGNED	AP5_BrickGame_v4.0_Python	2026-10-08T16:41:06+0500
alaskank	70844	ASSIGNED	AP5_BrickGame_v4.0_C#	2026-10-08T16:41:06+0500
alaskank	70845	ASSIGNED	AP5_BrickGame_v4.0_Jv	2026-10-08T16:41:06+0500
alaskank	70846	ASSIGNED	AP5_BrickGame_v4.0_JS	2026-10-08T16:41:06+0500
alaskank	70847	ASSIGNED	AP5_BrickGame_v4.0_Go	2026-10-08T16:41:06+0500
alaskank	70848	ASSIGNED	AP5_BrickGame_v4.0_Kt	2026-10-08T16:41:06+0500
alaskank	70849	ASSIGNED	AP5_BrickGame_v4.0_Sw	2026-10-08T16:41:06+0500
alaskank	70922	ACCEPTED	PG1_Pangolin	2026-10-08T16:41:06+0500
alaskank	71028	ASSIGNED	CbS1_Networking_basics_Part 1	2026-10-08T16:41:06+0500
alaskank	71029	ASSIGNED	CbS2_Networking_basics_Part 2	2026-10-08T16:41:06+0500
alaskank	71030	ASSIGNED	CbS3_Networking_basics_Part 3	2026-10-08T16:41:06+0500
alaskank	71031	ASSIGNED	CbS4_Networking_basics_Part 4	2026-10-08T16:41:06+0500
alaskank	71032	ASSIGNED	CbS5_Linux_basics	2026-10-08T16:41:06+0500
alaskank	71033	ASSIGNED	CbS6_Windows_basics	2026-10-08T16:41:06+0500
alaskank	71034	ASSIGNED	CbS8_Crypto_symmetric	2026-10-08T16:41:06+0500
alaskank	71035	ASSIGNED	CbS7_Crypto_intro	2026-10-08T16:41:06+0500
alaskank	71036	ASSIGNED	CbS9_Crypto_asymmetric	2026-10-08T16:41:06+0500
alaskank	71037	ASSIGNED	CbS10_Data_channel_protection	2026-10-08T16:41:06+0500
alaskank	71039	ASSIGNED	CbS12_Network_attacks	2026-10-08T16:41:06+0500
alaskank	71040	ASSIGNED	CbS13_Threat_detection_principles	2026-10-08T16:41:06+0500
alaskank	71041	ASSIGNED	CbS14_Designing_secure_networks	2026-10-08T16:41:06+0500
alaskank	71042	ASSIGNED	CbS15_IS_legislation	2026-10-08T16:41:06+0500
alaskank	71043	ASSIGNED	CbS16_Project_lifecycle	2026-10-08T16:41:06+0500
alaskank	71044	ASSIGNED	CbS17_Physical_security	2026-10-08T16:41:06+0500
alaskank	71045	ASSIGNED	CbS18_Social_engineering	2026-10-08T16:41:06+0500
alaskank	71963	ASSIGNED	QA1_Foundation	2026-10-08T16:41:06+0500
alaskank	71971	ASSIGNED	QA2_Test artifacts	2026-10-08T16:41:06+0500
alaskank	72004	ASSIGNED	AP4_Info21 v2.0 Web_Python 	2026-10-08T16:41:06+0500
alaskank	72005	ASSIGNED	AP4_Info21 v2.0 Web_Jv	2026-10-08T16:41:06+0500
alaskank	72006	ASSIGNED	AP4_Info21 v2.0 Web_JS	2026-10-08T16:41:06+0500
alaskank	72007	ASSIGNED	AP4_Info21 v2.0 Web_Go	2026-10-08T16:41:06+0500
alaskank	72008	ASSIGNED	AP4_Info21 v2.0 Web_C#	2026-10-08T16:41:06+0500
alaskank	72009	ASSIGNED	AP4_Info21 v2.0 Web_Kt	2026-10-08T16:41:06+0500
alaskank	72010	ASSIGNED	AP4_Info21 v2.0 Web_Sw	2026-10-08T16:41:06+0500
alaskank	72011	ASSIGNED	AP6_RetailAnalitycs v2.0 Web_Jv	2026-10-08T16:41:06+0500
alaskank	72012	ASSIGNED	AP6_RetailAnalitycs v2.0 Web_Python	2026-10-08T16:41:06+0500
alaskank	72013	ASSIGNED	AP6_RetailAnalitycs v2.0 Web_JS	2026-10-08T16:41:06+0500
alaskank	72015	ASSIGNED	AP6_RetailAnalitycs v2.0 Web_Go	2026-10-08T16:41:06+0500
alaskank	72016	ASSIGNED	AP6_RetailAnalitycs v2.0 Web_C#	2026-10-08T16:41:06+0500
alaskank	72026	ASSIGNED	AP6_RetailAnalitycs v2.0 Web_Kt	2026-10-08T16:41:06+0500
alaskank	72027	ASSIGNED	AP6_RetailAnalitycs v2.0 Web_Sw	2026-10-08T16:41:06+0500
alaskank	72160	ASSIGNED	AP3_SpecialtyCoffee_Python	2026-10-08T16:41:06+0500
alaskank	72161	ACCEPTED	AP3_SpecialtyCoffee_Jv	2026-10-08T16:41:06+0500
alaskank	72164	ASSIGNED	AP3_SpecialtyCoffee_JS	2026-10-08T16:41:06+0500
alaskank	72165	ASSIGNED	AP3_SpecialtyCoffee_Go	2026-10-08T16:41:06+0500
alaskank	72166	ASSIGNED	AP3_SpecialtyCoffee_C#	2026-10-08T16:41:06+0500
alaskank	72167	ASSIGNED	AP3_SpecialtyCoffee_Kt	2026-10-08T16:41:06+0500
alaskank	72168	ASSIGNED	AP3_SpecialtyCoffee_Sw	2026-10-08T16:41:06+0500
alaskank	72454	ASSIGNED	BSA_Ex	2026-10-08T16:41:06+0500
alaskank	72687	ASSIGNED	AQA1_Basics	2026-10-08T16:41:06+0500
alaskank	72791	ASSIGNED	CbS11_Enterprise_IT_landscape	2026-10-08T16:41:06+0500
alaskank	72880	ASSIGNED	QA3_Test design and test analysis	2026-10-08T16:41:06+0500
alaskank	72911	ASSIGNED	CT_Part3	2026-10-08T16:41:06+0500
alaskank	72919	ASSIGNED	AQA2_API testing	2026-10-08T16:41:06+0500
alaskank	72920	ASSIGNED	AQA3_UI Web testing	2026-10-08T16:41:06+0500
alaskank	72935	ASSIGNED	QA4_Types and levels of testing	2026-10-08T16:41:06+0500
alaskank	72939	ASSIGNED	QA5_Defects	2026-10-08T16:41:06+0500
alaskank	72944	ASSIGNED	QA6_Web testing	2026-10-08T16:41:06+0500
alaskank	72946	ASSIGNED	QA7_Backend testing	2026-10-08T16:41:06+0500
alaskank	72957	ASSIGNED	QA8_Mobile testing	2026-10-08T16:41:06+0500
alaskank	72958	ASSIGNED	QA9_Basics of Web Security	2026-10-08T16:41:06+0500
alaskank	72998	ASSIGNED	AQA4_Mobile testing	2026-10-08T16:41:06+0500
alaskank	73030	ASSIGNED	CT1_Self-determination	2026-10-08T16:41:06+0500
alaskank	73031	ASSIGNED	CT2_Dream job	2026-10-08T16:41:06+0500
alaskank	73032	ASSIGNED	CT3_CV Resume	2026-10-08T16:41:06+0500
alaskank	73033	ASSIGNED	CT4_Interview	2026-10-08T16:41:06+0500
alaskank	73034	ASSIGNED	CT5_Teamwork	2026-10-08T16:41:06+0500
alaskank	73035	ASSIGNED	CT6_Corporate culture	2026-10-08T16:41:06+0500
alaskank	73036	ASSIGNED	CT7_Corporate Communication	2026-10-08T16:41:06+0500
alaskank	73037	ASSIGNED	CT8_Career planning	2026-10-08T16:41:06+0500
alaskank	73202	ACCEPTED	SberJv1_Team Git workflow	2026-10-08T16:41:06+0500
alaskank	73204	ACCEPTED	SberJv2_Setup	2026-10-08T16:41:06+0500
alaskank	73205	ASSIGNED	QA_Ex	2026-10-08T16:41:06+0500
alaskank	73206	ACCEPTED	SberJv3_Clean code	2026-10-08T16:41:06+0500
alaskank	73207	ACCEPTED	SberJv5_Observability	2026-10-08T16:41:06+0500
alaskank	73209	IN_PROGRESS	SberJv6_DB Performance	2026-10-08T16:41:06+0500
alaskank	73210	ASSIGNED	BInf1_PlasmidQC	2026-10-08T16:41:06+0500
alaskank	73212	ASSIGNED	BInf2_HBBScan	2026-10-08T16:41:06+0500
alaskank	73216	ASSIGNED	BInf3_GenomeMatch	2026-10-08T16:41:06+0500
alaskank	73226	ASSIGNED	BInf4_FLM splice	2026-10-08T16:41:06+0500
alaskank	73227	ASSIGNED	BInf5_Soma align	2026-10-08T16:41:06+0500
alaskank	73228	ASSIGNED	BInf6_BlaNDM1 resist	2026-10-08T16:41:06+0500
alaskank	73229	ASSIGNED	BInf7_RbcL evolution	2026-10-08T16:41:06+0500
alaskank	73230	ASSIGNED	BInf8_SNP SUC2 Osm	2026-10-08T16:41:06+0500
alaskank	73232	ASSIGNED	BInf10_Plasmid Resist	2026-10-08T16:41:06+0500
alaskank	73235	ASSIGNED	BInf13_EcoliPhylo	2026-10-08T16:41:06+0500
alaskank	73243	ASSIGNED	UX/UI2_UX Design 	2026-10-08T16:41:06+0500
alaskank	73244	ASSIGNED	UX/UI3_UI Design 	2026-10-08T16:41:06+0500
alaskank	73245	ASSIGNED	UX/UI4_Design&UI kit	2026-10-08T16:41:06+0500
alaskank	73246	ASSIGNED	UX/UI5_Prototyp&test	2026-10-08T16:41:06+0500
alaskank	73247	ASSIGNED	UX/UI6_Website builder	2026-10-08T16:41:06+0500
alaskank	73254	ASSIGNED	UX/UI10_Mobile application	2026-10-08T16:41:06+0500
alaskank	73260	ASSIGNED	AI1_Agent 	2026-10-08T16:41:06+0500
alaskank	73277	ASSIGNED	PjM5_ReqGather	2026-10-08T16:41:06+0500
alaskank	73278	ASSIGNED	PjM4_PjMTools	2026-10-08T16:41:06+0500
alaskank	73279	ACCEPTED	SberJv4_Reliability	2026-10-08T16:41:06+0500
alaskank	73282	ASSIGNED	PjM8_RisksMng	2026-10-08T16:41:06+0500
alaskank	73283	ASSIGNED	PjM9_PlanStr	2026-10-08T16:41:06+0500
alaskank	73284	ASSIGNED	PjM10_EffPlan	2026-10-08T16:41:06+0500
alaskank	73285	ASSIGNED	PjM11_Backlog	2026-10-08T16:41:06+0500
alaskank	73286	ASSIGNED	PjM12_Budget	2026-10-08T16:41:06+0500
alaskank	73287	ASSIGNED	PjM13_BusCorr	2026-10-08T16:41:06+0500
alaskank	73290	ASSIGNED	PjM16_TeamCom	2026-10-08T16:41:06+0500
alaskank	73292	ASSIGNED	PjM18_Analytic	2026-10-08T16:41:06+0500
alaskank	73293	ASSIGNED	PjM19_ProtDsgn	2026-10-08T16:41:06+0500
alaskank	73294	ASSIGNED	PjM20_FrontBack	2026-10-08T16:41:06+0500
alaskank	73295	ASSIGNED	PjM21_ITInfStruct	2026-10-08T16:41:06+0500
alaskank	73297	ASSIGNED	UX/UI1_Intro	2026-10-08T16:41:06+0500
alaskank	73298	ASSIGNED	PjM_Ex	2026-10-08T16:41:06+0500
alaskank	73300	ASSIGNED	DSB1_UNIX_Command_Line_Tools_DELETE	2026-10-08T16:41:06+0500
alaskank	73301	ASSIGNED	DSB2_Syntax&Semantics	2026-10-08T16:41:06+0500
alaskank	73302	ASSIGNED	DSB3_OOP skills	2026-10-08T16:41:06+0500
alaskank	73303	ASSIGNED	DSB4_Package management	2026-10-08T16:41:06+0500
alaskank	73304	ASSIGNED	DSB5_Efficient code practices	2026-10-08T16:41:06+0500
alaskank	73305	ASSIGNED	DSB6_MovieLens Analytics	2026-10-08T16:41:06+0500
alaskank	73306	ASSIGNED	DSB7_Pandas	2026-10-08T16:41:06+0500
alaskank	73307	ASSIGNED	DSB8_SQL&Pandas	2026-10-08T16:41:06+0500
alaskank	73308	ASSIGNED	DSB9_Pandas_SQL& Data Visual	2026-10-08T16:41:06+0500
alaskank	73309	ASSIGNED	DSB10_Intro to ML	2026-10-08T16:41:06+0500
alaskank	73310	ASSIGNED	DSB11_ML: Advanced	2026-10-08T16:41:06+0500
alaskank	73311	ASSIGNED	DSB12_Food&nutrition	2026-10-08T16:41:06+0500
alaskank	73366	ASSIGNED	UX/UI7_Transferring layouts	2026-10-08T16:41:06+0500
alaskank	73367	ASSIGNED	UX/UI8_Team processes	2026-10-08T16:41:06+0500
alaskank	73368	ASSIGNED	UX/UI9_Formation of requirements	2026-10-08T16:41:06+0500
alaskank	73375	ASSIGNED	UX/UI11_Interface creation	2026-10-08T16:41:06+0500
alaskank	73376	ASSIGNED	UX/UI12_Portfolio	2026-10-08T16:41:06+0500
alaskank	73381	ASSIGNED	PjM6_ProAnalysis	2026-10-08T16:41:06+0500
alaskank	73382	ASSIGNED	PjM7_UserStory	2026-10-08T16:41:06+0500
alaskank	73396	ASSIGNED	BInf9_HY5 StemMut	2026-10-08T16:41:06+0500
alaskank	73398	ASSIGNED	BInf11_SNP screen	2026-10-08T16:41:06+0500
alaskank	73399	ASSIGNED	BInf12_Diagnostic pipeline	2026-10-08T16:41:06+0500
alaskank	73400	ASSIGNED	BInf14_BRCA1 evolution	2026-10-08T16:41:06+0500
alaskank	73401	ASSIGNED	BInf15_ESBL Resistome	2026-10-08T16:41:06+0500
alaskank	73402	ASSIGNED	BInf16_CFTR genotyping	2026-10-08T16:41:06+0500
alaskank	73430	ASSIGNED	PjM22_CompPro	2026-10-08T16:41:06+0500
alaskank	73446	ASSIGNED	UX/UI_Ex	2026-10-08T16:41:06+0500
alaskank	73461	ASSIGNED	PjM14_EffNeg	2026-10-08T16:41:06+0500
alaskank	73462	ASSIGNED	PjM15_PubApp	2026-10-08T16:41:06+0500
alaskank	73463	ASSIGNED	PM1_PMStarterPack	2026-10-08T16:41:06+0500
alaskank	73465	ASSIGNED	PM2_MetricsDriven	2026-10-08T16:41:06+0500
alaskank	73466	ASSIGNED	PM3_UnitEconomics	2026-10-08T16:41:06+0500
alaskank	73467	ASSIGNED	PM4_ResearchCycle	2026-10-08T16:41:06+0500
alaskank	73468	ASSIGNED	PM5_DesignDriven	2026-10-08T16:41:06+0500
alaskank	73473	ASSIGNED	PM6_UserRetention	2026-10-08T16:41:06+0500
alaskank	73474	ASSIGNED	PM7_DiscoveryCycles	2026-10-08T16:41:06+0500
alaskank	73475	ASSIGNED	PM8_DevToProd	2026-10-08T16:41:06+0500
alaskank	73476	ASSIGNED	PM9_TrafficToSale	2026-10-08T16:41:06+0500
alaskank	73477	ASSIGNED	PM10_SoloShip	2026-10-08T16:41:06+0500
alaskank	73478	ASSIGNED	PjM17_TeamMng	2026-10-08T16:41:06+0500
alaskank	73494	ASSIGNED	Core_Strategy	2026-10-08T16:41:06+0500
alaskank	73542	ASSIGNED	PM_Ex	2026-10-08T16:41:06+0500
alaskank	73604	IN_PROGRESS	AIE1_Request Router	2026-10-08T16:41:06+0500
alaskank	73605	ASSIGNED	AIE2_JSON Logs Parser	2026-10-08T16:41:06+0500
alaskank	73606	ASSIGNED	AIE3_Mock API Client	2026-10-08T16:41:06+0500
alaskank	73607	ASSIGNED	AIE4_Docs Preprocessing	2026-10-08T16:41:06+0500
alaskank	73608	ASSIGNED	AIE5_Rule FAQ Bot	2026-10-08T16:41:06+0500
alaskank	73609	ASSIGNED	AIE6_Legacy Code Refactor	2026-10-08T16:41:06+0500
alaskank	73610	ASSIGNED	AIE7_Embedding Cache Service	2026-10-08T16:41:06+0500
alaskank	73611	ASSIGNED	AIE8_Vector Metadata Store	2026-10-08T16:41:06+0500
alaskank	73613	ASSIGNED	AIE10_LLM Gateway Cache	2026-10-08T16:41:06+0500
alaskank	73614	ASSIGNED	AIE11_Contract Alignment	2026-10-08T16:41:06+0500
alaskank	73615	ASSIGNED	AIE12_First Call Logging	2026-10-08T16:41:06+0500
alaskank	73616	ASSIGNED	AIE13_Prompt Strategies Compare	2026-10-08T16:41:06+0500
alaskank	73617	ASSIGNED	AIE14_BOT_Hallucination Control Bot	2026-10-08T16:41:06+0500
alaskank	73618	ASSIGNED	AIE15_Chunking Strategies	2026-10-08T16:41:06+0500
alaskank	73619	ASSIGNED	AIE16_Chroma Hybrid Search	2026-10-08T16:41:06+0500
alaskank	73621	ASSIGNED	AIE18_Incremental Index Update	2026-10-08T16:41:06+0500
alaskank	73622	ASSIGNED	AIE19_Product Analytics Suite	2026-10-08T16:41:06+0500
alaskank	73623	ASSIGNED	AIE20_Requirements Analysis	2026-10-08T16:41:06+0500
alaskank	73624	ASSIGNED	AIE21_Prompt Defence Red	2026-10-08T16:41:06+0500
alaskank	73625	ASSIGNED	AIE22_Enterprise Integration Map	2026-10-08T16:41:06+0500
alaskank	73626	ASSIGNED	AIE23_Tool Agent RAG	2026-10-08T16:41:06+0500
alaskank	73628	ASSIGNED	AIE25_Agents Subagents	2026-10-08T16:41:06+0500
alaskank	73629	ASSIGNED	AIE26_Production AI Assistant	2026-10-08T16:41:06+0500
alaskank	73632	ASSIGNED	AIE9_Async Text Classifier	2026-10-08T16:41:06+0500
alaskank	73633	ASSIGNED	AIE17_Full RAG Citations	2026-10-08T16:41:06+0500
alaskank	73634	ASSIGNED	AIE24_Server n8n Workflow	2026-10-08T16:41:06+0500
alaskank	73636	ASSIGNED	TP1_SegmentScan	2026-10-08T16:41:06+0500
alaskank	73637	ASSIGNED	TP2_InsightScope	2026-10-08T16:41:06+0500
alaskank	73638	ASSIGNED	TP3_ProductConcept	2026-10-08T16:41:06+0500
alaskank	73639	ASSIGNED	TP4_ModelFit	2026-10-08T16:41:06+0500
alaskank	73640	ASSIGNED	TP5_Unitecon	2026-10-08T16:41:06+0500
alaskank	73641	ASSIGNED	TP6_MVPScope	2026-10-08T16:41:06+0500
alaskank	73642	ASSIGNED	TP7_MVPBuild	2026-10-08T16:41:06+0500
alaskank	73643	ASSIGNED	TP8_MVPDeploy	2026-10-08T16:41:06+0500
alaskank	73644	ASSIGNED	TP9_GoToMarket	2026-10-08T16:41:06+0500
alaskank	73645	ASSIGNED	TP10_SupportFlow	2026-10-08T16:41:06+0500
alaskank	73646	ASSIGNED	TP11_DataLegal	2026-10-08T16:41:06+0500
alaskank	73647	ASSIGNED	TP12_Strategy	2026-10-08T16:41:06+0500
alaskank	73648	ASSIGNED	TP13_PitchReady	2026-10-08T16:41:06+0500
almedamo	21389	ASSIGNED	APP1 Bootcamp. Day00	2026-10-08T16:41:09+0500
almedamo	21390	ASSIGNED	APP1 Bootcamp. Day01	2026-10-08T16:41:09+0500
almedamo	21412	ASSIGNED	APP1 Bootcamp. Day03	2026-10-08T16:41:09+0500
almedamo	21413	ASSIGNED	APP1 Bootcamp. Day02	2026-10-08T16:41:09+0500
almedamo	21414	ASSIGNED	APP1 Bootcamp. Day04	2026-10-08T16:41:09+0500
almedamo	21415	ASSIGNED	APP1 Bootcamp. Team00	2026-10-08T16:41:09+0500
almedamo	21416	ASSIGNED	APP1 Bootcamp. Day05	2026-10-08T16:41:09+0500
almedamo	21417	ASSIGNED	APP1 Bootcamp. Day06	2026-10-08T16:41:09+0500
almedamo	21418	ASSIGNED	APP1 Bootcamp. Day07	2026-10-08T16:41:09+0500
almedamo	21419	ASSIGNED	APP1 Bootcamp. Day08	2026-10-08T16:41:09+0500
almedamo	21420	ASSIGNED	APP1 Bootcamp. Team01	2026-10-08T16:41:09+0500
almedamo	26477	ACCEPTED	C3_s21_stringplus	2026-10-08T16:41:09+0500
almedamo	26478	ACCEPTED	C2_SimpleBashUtils	2026-10-08T16:41:09+0500
almedamo	26480	ASSIGNED	C4_s21_math	2026-10-08T16:41:09+0500
almedamo	26481	ACCEPTED	C5_s21_decimal	2026-10-08T16:41:09+0500
almedamo	26482	ACCEPTED	C6_s21_matrix	2026-10-08T16:41:09+0500
almedamo	26483	ASSIGNED	SmartCalc_v1.0	2026-10-08T16:41:09+0500
almedamo	26484	ASSIGNED	C8_3DViewer_v1.0	2026-10-08T16:41:09+0500
almedamo	26485	ACCEPTED	CPP1_s21_matrix+	2026-10-08T16:41:09+0500
almedamo	26486	ACCEPTED	CPP2_s21_containers	2026-10-08T16:41:09+0500
almedamo	26487	ASSIGNED	CPP3_SmartCalc_v2.0	2026-10-08T16:41:09+0500
almedamo	26488	IN_PROGRESS	CPP4_3DViewer_v2.0	2026-10-08T16:41:09+0500
almedamo	26489	ASSIGNED	CPP5_3DViewer_v2.1	2026-10-08T16:41:09+0500
almedamo	26490	ASSIGNED	CPP6_3DViewer_v2.2	2026-10-08T16:41:09+0500
almedamo	26491	ASSIGNED	CPP7_MLP	2026-10-08T16:41:09+0500
almedamo	26492	ASSIGNED	CPP8_PhotoLab_v1.0	2026-10-08T16:41:09+0500
almedamo	26493	ASSIGNED	CPP9_Monitoring System	2026-10-08T16:41:09+0500
almedamo	26557	ACCEPTED	DO1_Linux	2026-10-08T16:41:09+0500
almedamo	26558	ACCEPTED	DO2_Linux Network	2026-10-08T16:41:09+0500
almedamo	26559	ASSIGNED	RetailAnalytics_v2.0_Web_Go	2026-10-08T16:41:09+0500
almedamo	26560	ASSIGNED	SmartCalc_v4.0_Web_Go	2026-10-08T16:41:09+0500
almedamo	26561	ACCEPTED	DO3_LinuxMonitoring v1.0	2026-10-08T16:41:09+0500
almedamo	26562	ASSIGNED	Info21_v2.0_Web_Go	2026-10-08T16:41:09+0500
almedamo	26563	ACCEPTED	DO4_LinuxMonitoring v2.0	2026-10-08T16:41:09+0500
almedamo	26564	ASSIGNED	SimpleWebStudio_v1.0_Go	2026-10-08T16:41:09+0500
almedamo	26565	ACCEPTED	DO5_SimpleDocker	2026-10-08T16:41:09+0500
almedamo	26566	ACCEPTED	DO6_CICD	2026-10-08T16:41:09+0500
almedamo	26567	ASSIGNED	SmartCalc_v3.0 Desktop (Go)	2026-10-08T16:41:09+0500
almedamo	26568	ASSIGNED	Maze	2026-10-08T16:41:09+0500
almedamo	26569	ASSIGNED	SimpleNavigator v1.0	2026-10-08T16:41:09+0500
almedamo	26570	ASSIGNED	RetailAnalytics_v2.0_Web_Python	2026-10-08T16:41:09+0500
almedamo	26571	ASSIGNED	Parallels	2026-10-08T16:41:09+0500
almedamo	26572	ASSIGNED	Crypto	2026-10-08T16:41:09+0500
almedamo	26573	ASSIGNED	SmartCalc_v4.0_Web_Python	2026-10-08T16:41:09+0500
almedamo	26574	ASSIGNED	s21_memory	2026-10-08T16:41:09+0500
almedamo	26575	ASSIGNED	Info21_v2.0_Web_Python	2026-10-08T16:41:09+0500
almedamo	26577	ASSIGNED	DNA Analyzer	2026-10-08T16:41:09+0500
almedamo	26578	ASSIGNED	Algorithmic trading	2026-10-08T16:41:09+0500
almedamo	26579	ASSIGNED	SimpleWebStudio_v1.0_Python	2026-10-08T16:41:09+0500
almedamo	26581	ASSIGNED	SmartCalc_v3.0 Desktop (Python)	2026-10-08T16:41:09+0500
almedamo	26583	ASSIGNED	SQL2_Info21_v1.0	2026-10-08T16:41:09+0500
almedamo	26584	ASSIGNED	RetailAnalytics_v2.0_Web_Java	2026-10-08T16:41:09+0500
almedamo	26585	ASSIGNED	SQL3_RetailAnalitycs v1.0	2026-10-08T16:41:09+0500
almedamo	26586	ASSIGNED	SmartCalc_v4.0_Web_Java	2026-10-08T16:41:09+0500
almedamo	26589	ASSIGNED	Info21_v2.0_Web_Java	2026-10-08T16:41:09+0500
almedamo	26590	ASSIGNED	SmartCalc v3.0 Desktop (C#)	2026-10-08T16:41:09+0500
almedamo	26592	ASSIGNED	SimpleWebStudio v1.0 C#	2026-10-08T16:41:09+0500
almedamo	26593	ASSIGNED	Info21_v2.0_Web_C#	2026-10-08T16:41:09+0500
almedamo	26594	ASSIGNED	SmartCalc v4.0 Web C#	2026-10-08T16:41:09+0500
almedamo	26595	ASSIGNED	SmartCalc_v3.0 Desktop (Java)	2026-10-08T16:41:09+0500
almedamo	26596	ASSIGNED	RetailAnalytics_v2.0_Web_C#	2026-10-08T16:41:09+0500
almedamo	27289	ASSIGNED	DS Healthcare. Project 01 	2026-10-08T16:41:09+0500
almedamo	27290	ASSIGNED	DS Healthcare. Project 02	2026-10-08T16:41:09+0500
almedamo	27292	ASSIGNED	DS Healthcare. Project 03	2026-10-08T16:41:09+0500
almedamo	27295	ASSIGNED	DS Healthcare. Project 04	2026-10-08T16:41:09+0500
almedamo	27298	ASSIGNED	DS Healthcare. Project 05	2026-10-08T16:41:09+0500
almedamo	27299	ASSIGNED	DS Healthcare. Project 06	2026-10-08T16:41:09+0500
almedamo	27364	ASSIGNED	Transactions	2026-10-08T16:41:09+0500
almedamo	27373	ASSIGNED	SimpleWebStudio_v1.0_Java	2026-10-08T16:41:09+0500
almedamo	27711	ASSIGNED	APC1 Bootcamp. Day00	2026-10-08T16:41:09+0500
almedamo	27714	ASSIGNED	APC1 Bootcamp. Day01	2026-10-08T16:41:09+0500
almedamo	27715	ASSIGNED	APC1 Bootcamp. Day02	2026-10-08T16:41:09+0500
almedamo	27716	ASSIGNED	APC1 Bootcamp. Day03	2026-10-08T16:41:09+0500
almedamo	27717	ASSIGNED	APC1 Bootcamp. Day04	2026-10-08T16:41:09+0500
almedamo	27718	ASSIGNED	APC1 Bootcamp. Day05	2026-10-08T16:41:09+0500
almedamo	27719	ASSIGNED	APC1 Bootcamp. Day06	2026-10-08T16:41:09+0500
almedamo	27720	ASSIGNED	APC1 Bootcamp. Day07	2026-10-08T16:41:09+0500
almedamo	27721	ASSIGNED	APC1 Bootcamp. Day08	2026-10-08T16:41:09+0500
almedamo	27723	ASSIGNED	APC1 Bootcamp. Team01	2026-10-08T16:41:09+0500
almedamo	28037	ASSIGNED	APG1 Bootcamp. Day00	2026-10-08T16:41:09+0500
almedamo	28038	ASSIGNED	APG1 Bootcamp.  Day01	2026-10-08T16:41:09+0500
almedamo	28039	ASSIGNED	APG1 Bootcamp. Day02	2026-10-08T16:41:09+0500
almedamo	28040	ASSIGNED	APG1 Bootcamp. Day03	2026-10-08T16:41:09+0500
almedamo	28041	ASSIGNED	APG1 Bootcamp. Day04	2026-10-08T16:41:09+0500
almedamo	28042	ASSIGNED	APG1 Bootcamp.  Day05	2026-10-08T16:41:09+0500
almedamo	28043	ASSIGNED	APG1 Bootcamp.  Day06	2026-10-08T16:41:09+0500
almedamo	28044	ASSIGNED	APG1 Bootcamp. Day07	2026-10-08T16:41:09+0500
almedamo	28045	ASSIGNED	APG1 Bootcamp. Day08	2026-10-08T16:41:09+0500
almedamo	28046	ASSIGNED	APG1 Bootcamp. Day09	2026-10-08T16:41:09+0500
almedamo	28047	ASSIGNED	APG1 Bootcamp. Team00	2026-10-08T16:41:09+0500
almedamo	28048	ASSIGNED	APG1 Bootcamp. Team01	2026-10-08T16:41:09+0500
almedamo	28350	ASSIGNED	APC1 Bootcamp. Team00	2026-10-08T16:41:09+0500
almedamo	40313	ASSIGNED	ROSB1_Intro	2026-10-08T16:41:09+0500
almedamo	40648	ASSIGNED	ROSB2_Advanced node	2026-10-08T16:41:09+0500
almedamo	40649	ASSIGNED	ROSB3_TF library 	2026-10-08T16:41:09+0500
almedamo	40650	ASSIGNED	ROSB4_Robot simulation	2026-10-08T16:41:09+0500
almedamo	40651	ASSIGNED	ROSB5_Robot sensor 	2026-10-08T16:41:09+0500
almedamo	40652	ASSIGNED	ROSB7_Robot mapping	2026-10-08T16:41:09+0500
almedamo	40653	ASSIGNED	ROSB8_Robot navigation	2026-10-08T16:41:09+0500
almedamo	40655	ASSIGNED	ROSB9_MoveIt arm control	2026-10-08T16:41:09+0500
almedamo	40656	ASSIGNED	ROSB10_Computer vision 	2026-10-08T16:41:09+0500
almedamo	40657	ASSIGNED	ROSB11_Robot behaviors 	2026-10-08T16:41:09+0500
almedamo	40658	ASSIGNED	ROSB6_Robot programming	2026-10-08T16:41:09+0500
almedamo	40659	ASSIGNED	ROSB12_Robotics Pro	2026-10-08T16:41:09+0500
almedamo	40886	ASSIGNED	APP1 Bootcamp. Day09	2026-10-08T16:41:09+0500
almedamo	40910	ACCEPTED	SQLB2_Retrieving data	2026-10-08T16:41:09+0500
almedamo	40911	ACCEPTED	SQLB3_Retrieving data deep dive	2026-10-08T16:41:09+0500
almedamo	40912	ACCEPTED	SQLB4_DML	2026-10-08T16:41:09+0500
almedamo	40913	ACCEPTED	SQLB5_Snapshots	2026-10-08T16:41:09+0500
almedamo	40914	ACCEPTED	SQLB7_Database index 	2026-10-08T16:41:09+0500
almedamo	40915	ACCEPTED	SQLB8_Integrating features	2026-10-08T16:41:09+0500
almedamo	40916	ACCEPTED	SQLB9_OLAP	2026-10-08T16:41:09+0500
almedamo	40918	ACCEPTED	SQLB10_Isolation levels	2026-10-08T16:41:09+0500
almedamo	40919	ACCEPTED	SQLB11_Functions and procs	2026-10-08T16:41:09+0500
almedamo	40922	ACCEPTED	SQLB12_Warehouse fundamentals	2026-10-08T16:41:09+0500
almedamo	40964	ACCEPTED	SQLB1_Basics	2026-10-08T16:41:09+0500
almedamo	41377	ASSIGNED	DevOps Exam_DELETE	2026-10-08T16:41:09+0500
almedamo	47708	ACCEPTED	SQLB6_Salesman problem	2026-10-08T16:41:09+0500
almedamo	51184	ASSIGNED	FE1_Browser extensions	2026-10-08T16:41:09+0500
almedamo	51185	ASSIGNED	FE2_Angular framework	2026-10-08T16:41:09+0500
almedamo	51186	ASSIGNED	FE3_Vue framework	2026-10-08T16:41:09+0500
almedamo	51187	ASSIGNED	FE4_CSS and animations	2026-10-08T16:41:09+0500
almedamo	51188	ASSIGNED	FE5_Canvas tag 	2026-10-08T16:41:09+0500
almedamo	51190	ASSIGNED	FE6_WebSocket	2026-10-08T16:41:09+0500
almedamo	51191	ASSIGNED	FE7_Code quality	2026-10-08T16:41:09+0500
almedamo	51202	ASSIGNED	CT2_Dream_job	2026-10-08T16:41:09+0500
almedamo	51205	ASSIGNED	CT1_Self_determination	2026-10-08T16:41:09+0500
almedamo	51210	ASSIGNED	Проект в разработке	2026-10-08T16:41:09+0500
almedamo	51262	ASSIGNED	DB Bootcamp. Day00	2026-10-08T16:41:09+0500
almedamo	51263	ASSIGNED	DB Bootcamp. Day01	2026-10-08T16:41:09+0500
almedamo	51264	ASSIGNED	DB Bootcamp. Day02	2026-10-08T16:41:09+0500
almedamo	51363	REGISTERED	FEB1_JS	2026-10-08T16:41:09+0500
almedamo	51394	ASSIGNED	FEB2_Native JS	2026-10-08T16:41:09+0500
almedamo	51399	ASSIGNED	FEB3_HTML and CSS	2026-10-08T16:41:09+0500
almedamo	51409	ASSIGNED	FEB4_Advanced Web	2026-10-08T16:41:09+0500
almedamo	51411	ASSIGNED	FEB5_Express framework	2026-10-08T16:41:09+0500
almedamo	51412	ASSIGNED	FEB6_HTML templating	2026-10-08T16:41:09+0500
almedamo	51413	ASSIGNED	DB Bootcamp. Day03	2026-10-08T16:41:09+0500
almedamo	51414	ASSIGNED	FEB7_SeaBattle game	2026-10-08T16:41:09+0500
almedamo	51415	ASSIGNED	FEB8_React	2026-10-08T16:41:09+0500
almedamo	51416	ASSIGNED	FEB9_Memoization	2026-10-08T16:41:09+0500
almedamo	51417	ASSIGNED	FEB10_Data storages	2026-10-08T16:41:09+0500
almedamo	51418	ASSIGNED	FEB11_Routing	2026-10-08T16:41:09+0500
almedamo	51419	ASSIGNED	FEB12_React Redux	2026-10-08T16:41:09+0500
almedamo	51420	ASSIGNED	FEB13_TypeScript	2026-10-08T16:41:09+0500
almedamo	51435	ASSIGNED	DB Bootcamp. Day04	2026-10-08T16:41:09+0500
almedamo	51462	ASSIGNED	FEB14_Web Building	2026-10-08T16:41:09+0500
almedamo	51472	ASSIGNED	EEB1_Basics	2026-10-08T16:41:09+0500
almedamo	51473	ASSIGNED	EEB2_AC circuit analysis	2026-10-08T16:41:09+0500
almedamo	51474	ASSIGNED	EEB3_Circuit calc	2026-10-08T16:41:09+0500
almedamo	51475	ASSIGNED	EEB4_Connection circuits	2026-10-08T16:41:09+0500
almedamo	51476	ASSIGNED	EEB5_Operational amplifiers	2026-10-08T16:41:09+0500
almedamo	51477	ASSIGNED	EEB6_Filters	2026-10-08T16:41:09+0500
almedamo	51478	ASSIGNED	EEB7_Speed control	2026-10-08T16:41:09+0500
almedamo	51479	ASSIGNED	EEB8_Arduino boards	2026-10-08T16:41:09+0500
almedamo	51480	ASSIGNED	EEB9_Module integration	2026-10-08T16:41:09+0500
almedamo	51481	ASSIGNED	EEB10_STM fundamentals	2026-10-08T16:41:09+0500
almedamo	51482	ASSIGNED	EEB11_STM code	2026-10-08T16:41:09+0500
almedamo	51483	ASSIGNED	EEB12_Transferring data	2026-10-08T16:41:09+0500
almedamo	51484	ASSIGNED	EEB13_Satellite odometer	2026-10-08T16:41:09+0500
almedamo	51485	ASSIGNED	DS1_Tweets	2026-10-08T16:41:09+0500
almedamo	51486	ASSIGNED	DS2_Churn prediction	2026-10-08T16:41:09+0500
almedamo	51487	ASSIGNED	DS3_My Spotify	2026-10-08T16:41:09+0500
almedamo	51488	ASSIGNED	DS4_Understanding customer	2026-10-08T16:41:09+0500
almedamo	51489	ASSIGNED	DS5_Uber	2026-10-08T16:41:09+0500
almedamo	51490	ASSIGNED	DS8_Fried Eggs	2026-10-08T16:41:09+0500
almedamo	51491	ASSIGNED	DS7_Amazon	2026-10-08T16:41:09+0500
almedamo	51492	ASSIGNED	DS6_City life	2026-10-08T16:41:09+0500
almedamo	51496	ASSIGNED	DSB1_UNIX Command Line Tools_	2026-10-08T16:41:09+0500
almedamo	51497	ASSIGNED	DSB2_Syntax&Semantics_	2026-10-08T16:41:09+0500
almedamo	51498	ASSIGNED	DSB3_OOP skills_	2026-10-08T16:41:09+0500
almedamo	51499	ASSIGNED	DSB4_Package management_	2026-10-08T16:41:09+0500
almedamo	51500	ASSIGNED	DSB5_Efficient code practices_	2026-10-08T16:41:09+0500
almedamo	51501	ASSIGNED	DSB6_MovieLens Analytics_	2026-10-08T16:41:09+0500
almedamo	51502	ASSIGNED	DSB7_Pandas_	2026-10-08T16:41:09+0500
almedamo	51503	ASSIGNED	DSB8_SQL&Pandas_	2026-10-08T16:41:09+0500
almedamo	51504	ASSIGNED	DSB9_Pandas_SQL& Data Visual_	2026-10-08T16:41:09+0500
almedamo	51505	ASSIGNED	DSB10_Intro to ML_	2026-10-08T16:41:09+0500
almedamo	51506	ASSIGNED	DSB11_ML: Advanced_	2026-10-08T16:41:09+0500
almedamo	51507	ASSIGNED	DSB12_Food&nutrition_	2026-10-08T16:41:09+0500
almedamo	51508	ASSIGNED	DB Bootcamp. Day05	2026-10-08T16:41:09+0500
almedamo	51509	ASSIGNED	DB Bootcamp. Day06	2026-10-08T16:41:09+0500
almedamo	51510	ASSIGNED	DB Bootcamp. Day07	2026-10-08T16:41:09+0500
almedamo	51511	ASSIGNED	DB Bootcamp. Day08	2026-10-08T16:41:09+0500
almedamo	51512	ASSIGNED	DB Bootcamp. Day09	2026-10-08T16:41:09+0500
almedamo	51513	ASSIGNED	DB Bootcamp. Team00	2026-10-08T16:41:09+0500
almedamo	51517	ASSIGNED	CT3_CV_Resume	2026-10-08T16:41:09+0500
almedamo	51518	ASSIGNED	CT4_Interview_	2026-10-08T16:41:09+0500
almedamo	51529	ASSIGNED	CT5_Teamwork_	2026-10-08T16:41:09+0500
almedamo	51652	ASSIGNED	DB Bootcamp. Team01	2026-10-08T16:41:09+0500
almedamo	51654	ASSIGNED	CT6_Corporate_culture 	2026-10-08T16:41:09+0500
almedamo	51659	ASSIGNED	CT7_Corporate_Communication	2026-10-08T16:41:09+0500
almedamo	51660	ASSIGNED	CT8_Career_planning	2026-10-08T16:41:09+0500
almedamo	52870	ASSIGNED	Kotlin Bootcamp. Day00	2026-10-08T16:41:09+0500
almedamo	52871	ASSIGNED	Kotlin Bootcamp. Day01	2026-10-08T16:41:09+0500
almedamo	52872	ASSIGNED	Kotlin Bootcamp. Day02	2026-10-08T16:41:09+0500
almedamo	52873	ASSIGNED	Kotlin Bootcamp. Day03	2026-10-08T16:41:09+0500
almedamo	52878	ASSIGNED	Kotlin Bootcamp. Day04	2026-10-08T16:41:09+0500
almedamo	52879	ASSIGNED	Kotlin Bootcamp. Team00	2026-10-08T16:41:09+0500
almedamo	52880	ASSIGNED	Kotlin Bootcamp. Day05	2026-10-08T16:41:09+0500
almedamo	52881	ASSIGNED	Kotlin Bootcamp. Day06	2026-10-08T16:41:09+0500
almedamo	52882	ASSIGNED	Kotlin Bootcamp. Day07	2026-10-08T16:41:09+0500
almedamo	52883	ASSIGNED	Kotlin Bootcamp. Day08	2026-10-08T16:41:09+0500
almedamo	52884	ASSIGNED	Kotlin Bootcamp. Day09	2026-10-08T16:41:09+0500
almedamo	52885	ASSIGNED	Kotlin Bootcamp. Team01	2026-10-08T16:41:09+0500
almedamo	53016	ASSIGNED	Java Bootcamp. Day00	2026-10-08T16:41:09+0500
almedamo	53017	ASSIGNED	Java Bootcamp. Day01	2026-10-08T16:41:09+0500
almedamo	53018	ASSIGNED	Java Bootcamp. Day02	2026-10-08T16:41:09+0500
almedamo	53019	ASSIGNED	Java Bootcamp. Day03	2026-10-08T16:41:09+0500
almedamo	53020	ASSIGNED	Java Bootcamp. Day04	2026-10-08T16:41:09+0500
almedamo	53021	ASSIGNED	Java Bootcamp. Team00	2026-10-08T16:41:09+0500
almedamo	53022	ASSIGNED	Java Bootcamp. Day05	2026-10-08T16:41:09+0500
almedamo	53025	ASSIGNED	Java Bootcamp. Day06	2026-10-08T16:41:09+0500
almedamo	53026	ASSIGNED	Java Bootcamp. Day07	2026-10-08T16:41:09+0500
almedamo	53035	ASSIGNED	Java Bootcamp. Day08	2026-10-08T16:41:09+0500
almedamo	53036	ASSIGNED	Java Bootcamp. Day09	2026-10-08T16:41:09+0500
almedamo	53037	ASSIGNED	Java Bootcamp. Team01	2026-10-08T16:41:09+0500
almedamo	57572	ASSIGNED	CPP Exam	2026-10-08T16:41:09+0500
almedamo	57573	ASSIGNED	CPPE-T	2026-10-08T16:41:09+0500
almedamo	59888	ASSIGNED	Core final testing	2026-10-08T16:41:09+0500
almedamo	59889	ASSIGNED	Core final exam	2026-10-08T16:41:09+0500
almedamo	60672	ASSIGNED	Swift Bootcamp. Day00	2026-10-08T16:41:09+0500
almedamo	60673	ASSIGNED	Swift Bootcamp. Day01	2026-10-08T16:41:09+0500
almedamo	60674	ASSIGNED	Swift Bootcamp. Day02	2026-10-08T16:41:09+0500
almedamo	60675	ASSIGNED	Swift Bootcamp. Day03	2026-10-08T16:41:09+0500
almedamo	60676	ASSIGNED	Swift Bootcamp. Day04	2026-10-08T16:41:09+0500
almedamo	60677	ASSIGNED	Swift Bootcamp. Team00	2026-10-08T16:41:09+0500
almedamo	60680	ASSIGNED	Swift Bootcamp. Day05	2026-10-08T16:41:09+0500
almedamo	60681	ASSIGNED	Swift Bootcamp. Day06	2026-10-08T16:41:09+0500
almedamo	60682	ASSIGNED	Swift Bootcamp. Day07	2026-10-08T16:41:09+0500
almedamo	60683	ASSIGNED	Swift Bootcamp. Day08	2026-10-08T16:41:09+0500
almedamo	60684	ASSIGNED	Swift Bootcamp. Day09	2026-10-08T16:41:09+0500
almedamo	60685	ASSIGNED	Swift Bootcamp. Team01	2026-10-08T16:41:09+0500
almedamo	61411	ACCEPTED	DO7_Docker Compose	2026-10-08T16:41:09+0500
almedamo	61424	ACCEPTED	DO8_AutomationTools	2026-10-08T16:41:09+0500
almedamo	61425	ACCEPTED	DO9_Monitoring	2026-10-08T16:41:09+0500
almedamo	61426	ACCEPTED	DO10_BasicK8s	2026-10-08T16:41:09+0500
almedamo	61427	ACCEPTED	DO11_AdvK8s	2026-10-08T16:41:09+0500
almedamo	61428	ACCEPTED	DO12_Helm	2026-10-08T16:41:09+0500
almedamo	62392	ACCEPTED	ML1_Introduction	2026-10-08T16:41:09+0500
almedamo	62393	REGISTERED	ML2_Supervised learning	2026-10-08T16:41:09+0500
almedamo	62394	FAILED	ML3_Validation	2026-10-08T16:41:09+0500
almedamo	62395	ASSIGNED	ML4_Classification problems	2026-10-08T16:41:09+0500
almedamo	62396	ASSIGNED	ML5_Decision trees	2026-10-08T16:41:09+0500
almedamo	62397	ASSIGNED	ML6_Unsupervised learning	2026-10-08T16:41:09+0500
almedamo	62398	ASSIGNED	ML7_Clustering algorithms	2026-10-08T16:41:09+0500
almedamo	62399	ASSIGNED	ML8_Neural networks	2026-10-08T16:41:09+0500
almedamo	62400	ASSIGNED	ML9_Convolutional networks 	2026-10-08T16:41:09+0500
almedamo	62401	ASSIGNED	ML10_RNNs	2026-10-08T16:41:09+0500
almedamo	62403	ASSIGNED	ML11_Attention mechanism	2026-10-08T16:41:09+0500
almedamo	62404	ASSIGNED	ML12_Generative ML	2026-10-08T16:41:09+0500
almedamo	62813	ACCEPTED	SA1_Software specs	2026-10-08T16:41:09+0500
almedamo	62825	ACCEPTED	SA2_Software quality	2026-10-08T16:41:09+0500
almedamo	62826	ACCEPTED	SA3_Requirements analysis	2026-10-08T16:41:09+0500
almedamo	62827	ACCEPTED	SA4_SDD	2026-10-08T16:41:09+0500
almedamo	62828	ACCEPTED	SA5_Complex architecture	2026-10-08T16:41:09+0500
almedamo	62829	ACCEPTED	SA6_TOGAF framework	2026-10-08T16:41:09+0500
almedamo	62954	ACCEPTED	BE1_HttpAuth	2026-10-08T16:41:09+0500
almedamo	62955	ACCEPTED	BE2_APIFromSpec	2026-10-08T16:41:09+0500
almedamo	62957	ACCEPTED	BE3_Nginx Pro	2026-10-08T16:41:09+0500
almedamo	62958	ACCEPTED	BE4_GRPCAuth	2026-10-08T16:41:09+0500
almedamo	62959	ACCEPTED	BE5_Message broker	2026-10-08T16:41:09+0500
almedamo	62960	ACCEPTED	BE6_Data sharding	2026-10-08T16:41:09+0500
almedamo	62961	REGISTERED	GD1_Meeting Unity	2026-10-08T16:41:09+0500
almedamo	62962	ASSIGNED	GD2_Game Design	2026-10-08T16:41:09+0500
almedamo	62963	ASSIGNED	GD3_DOD	2026-10-08T16:41:09+0500
almedamo	62964	ASSIGNED	GD4_Multiplayer	2026-10-08T16:41:09+0500
almedamo	62966	ASSIGNED	GD5_Shaders	2026-10-08T16:41:09+0500
almedamo	62967	ASSIGNED	GD6_Hypercasual	2026-10-08T16:41:09+0500
almedamo	62968	ASSIGNED	GD7_Unreal Engine	2026-10-08T16:41:09+0500
almedamo	63932	ACCEPTED	DO14_Final	2026-10-08T16:41:09+0500
almedamo	63934	ACCEPTED	DO13_CICD Pipeline	2026-10-08T16:41:09+0500
almedamo	64043	ASSIGNED	Mobile Kotlin_BasicApp	2026-10-08T16:41:09+0500
almedamo	64044	ASSIGNED	Mobile Kotlin_AuthApp	2026-10-08T16:41:09+0500
almedamo	64049	ASSIGNED	Mobile Swift_BasicApp	2026-10-08T16:41:09+0500
almedamo	64050	ASSIGNED	Mobile Swift_AuthApp	2026-10-08T16:41:09+0500
almedamo	64402	ASSIGNED	FE8_Data vis	2026-10-08T16:41:09+0500
almedamo	66062	ASSIGNED	DevOps Exam	2026-10-08T16:41:09+0500
almedamo	67412	ASSIGNED	CPP_Ex-p	2026-10-08T16:41:09+0500
almedamo	67417	ASSIGNED	CPP_Ex-t	2026-10-08T16:41:09+0500
almedamo	68823	ACCEPTED	C_Ex-t	2026-10-08T16:41:09+0500
almedamo	68824	ACCEPTED	C_Ex-p	2026-10-08T16:41:09+0500
almedamo	68883	ACCEPTED	SQL_Ex-t	2026-10-08T16:41:09+0500
almedamo	68901	ACCEPTED	SQL_Ex-p	2026-10-08T16:41:09+0500
almedamo	68976	ACCEPTED	DO_Ex-t	2026-10-08T16:41:09+0500
almedamo	68977	ACCEPTED	A_Ex-t	2026-10-08T16:41:09+0500
almedamo	69039	ACCEPTED	AP1-CS-T01	2026-10-08T16:41:09+0500
almedamo	69040	ACCEPTED	AP1-CS-T02	2026-10-08T16:41:09+0500
almedamo	69041	FAILED	AP1-CS-P01	2026-10-08T16:41:09+0500
almedamo	69042	ACCEPTED	AP1-CS-T03	2026-10-08T16:41:09+0500
almedamo	69043	ACCEPTED	AP1-CS-T04B	2026-10-08T16:41:09+0500
almedamo	69044	FAILED	AP1-CS-T05B	2026-10-08T16:41:09+0500
almedamo	69045	ACCEPTED	AP1-Go-T01	2026-10-08T16:41:09+0500
almedamo	69046	ACCEPTED	AP1-Go-T02	2026-10-08T16:41:09+0500
almedamo	69047	FAILED	AP1-Go-P01	2026-10-08T16:41:09+0500
almedamo	69048	ACCEPTED	AP1-Go-T03	2026-10-08T16:41:09+0500
almedamo	69049	ACCEPTED	AP1-Go-T04B	2026-10-08T16:41:09+0500
almedamo	69051	FAILED	AP1-Go-T05B	2026-10-08T16:41:09+0500
almedamo	69052	ACCEPTED	C7_BrickGame_v1.0	2026-10-08T16:41:09+0500
almedamo	69053	ACCEPTED	CPP3_BrickGame_v2.0	2026-10-08T16:41:09+0500
almedamo	69055	ASSIGNED	AP2_BrickGame_v3.0_Python	2026-10-08T16:41:09+0500
almedamo	69056	ASSIGNED	AP2_BrickGame_v3.0_Jv	2026-10-08T16:41:09+0500
almedamo	69057	ASSIGNED	AP2_BrickGame v3.0_JS	2026-10-08T16:41:09+0500
almedamo	69058	ASSIGNED	AP2_BrickGame_v3.0_Go	2026-10-08T16:41:09+0500
almedamo	69059	ASSIGNED	AP2_BrickGame_v3.0_C#	2026-10-08T16:41:09+0500
almedamo	69060	ASSIGNED	AP2_BrickGame_v3.0_Kt	2026-10-08T16:41:09+0500
almedamo	69061	ASSIGNED	AP2_BrickGame_v3.0_Sw	2026-10-08T16:41:09+0500
almedamo	69062	ACCEPTED	AP1-Jv-T01	2026-10-08T16:41:09+0500
almedamo	69063	ACCEPTED	AP1-Jv-T02	2026-10-08T16:41:09+0500
almedamo	69064	FAILED	AP1-Jv-P01	2026-10-08T16:41:09+0500
almedamo	69065	ACCEPTED	AP1-Jv-T03	2026-10-08T16:41:09+0500
almedamo	69066	ACCEPTED	AP1-Jv-T04B	2026-10-08T16:41:09+0500
almedamo	69067	FAILED	AP1-Jv-T05B	2026-10-08T16:41:09+0500
almedamo	69068	ACCEPTED	AP1-Jv-T04M	2026-10-08T16:41:09+0500
almedamo	69069	FAILED	AP1-Jv-T05M	2026-10-08T16:41:09+0500
almedamo	69070	ACCEPTED	AP1-JS-T01	2026-10-08T16:41:09+0500
almedamo	69071	ACCEPTED	AP1-JS-T02	2026-10-08T16:41:09+0500
almedamo	69072	FAILED	AP1-JS-P01	2026-10-08T16:41:09+0500
almedamo	69073	ACCEPTED	AP1-JS-T03	2026-10-08T16:41:09+0500
almedamo	69074	ACCEPTED	AP1-JS-T04F	2026-10-08T16:41:09+0500
almedamo	69075	FAILED	AP1-JS-T05F	2026-10-08T16:41:09+0500
almedamo	69076	ACCEPTED	AP1-JS-T04B	2026-10-08T16:41:09+0500
almedamo	69077	FAILED	AP1-JS-T05B	2026-10-08T16:41:09+0500
almedamo	69078	FAILED	AP1-Kt-T01	2026-10-08T16:41:09+0500
almedamo	69079	FAILED	AP1-Kt-T02	2026-10-08T16:41:09+0500
almedamo	69080	FAILED	AP1-Kt-P01	2026-10-08T16:41:09+0500
almedamo	69081	ACCEPTED	AP1-Kt-T03	2026-10-08T16:41:09+0500
almedamo	69082	ACCEPTED	AP1-Kt-T04M	2026-10-08T16:41:09+0500
almedamo	69083	FAILED	AP1-Kt-T05M	2026-10-08T16:41:09+0500
almedamo	69084	ACCEPTED	AP1-Kt-T04B	2026-10-08T16:41:09+0500
almedamo	69085	FAILED	AP1-Kt-T05B	2026-10-08T16:41:09+0500
almedamo	69086	ACCEPTED	AP1-Py-T01	2026-10-08T16:41:09+0500
almedamo	69087	ACCEPTED	AP1-Py-T02	2026-10-08T16:41:09+0500
almedamo	69088	ACCEPTED	AP1-Py-P01	2026-10-08T16:41:09+0500
almedamo	69089	ACCEPTED	AP1-Py-T04B	2026-10-08T16:41:09+0500
almedamo	69090	ACCEPTED	AP1-Py-T03	2026-10-08T16:41:09+0500
almedamo	69091	ACCEPTED	AP1-Py-T05B	2026-10-08T16:41:09+0500
almedamo	69094	REGISTERED	AP1-Sw-T01	2026-10-08T16:41:09+0500
almedamo	69096	ASSIGNED	AP1-Sw-T02	2026-10-08T16:41:09+0500
almedamo	69097	ASSIGNED	AP1-Sw-P01	2026-10-08T16:41:09+0500
almedamo	69098	ASSIGNED	AP1-Sw-T03	2026-10-08T16:41:09+0500
almedamo	69099	ASSIGNED	AP1-Sw-T04M	2026-10-08T16:41:09+0500
almedamo	69100	ASSIGNED	AP1-Sw-T05M	2026-10-08T16:41:09+0500
almedamo	69101	ASSIGNED	AP1-Sw-T04B	2026-10-08T16:41:09+0500
almedamo	69102	ASSIGNED	AP1-Sw-T05B	2026-10-08T16:41:09+0500
almedamo	69103	ACCEPTED	A1_Maze_C	2026-10-08T16:41:09+0500
almedamo	69104	ACCEPTED	A2_SimpleNavigator_v1.0_C	2026-10-08T16:41:09+0500
almedamo	69105	ASSIGNED	A3_Parallels_C	2026-10-08T16:41:09+0500
almedamo	69106	ASSIGNED	A4_Crypto_C	2026-10-08T16:41:09+0500
almedamo	69107	ASSIGNED	A5_s21_memory_C	2026-10-08T16:41:09+0500
almedamo	69108	ASSIGNED	A6_Transactions_C	2026-10-08T16:41:09+0500
almedamo	69109	ASSIGNED	A7_DNA_Analyzer_C	2026-10-08T16:41:09+0500
almedamo	69110	ASSIGNED	A8_Algorithmic_trading_C	2026-10-08T16:41:09+0500
almedamo	69113	ASSIGNED	A1_Maze_CPP	2026-10-08T16:41:09+0500
almedamo	69114	ACCEPTED	A1_Maze_Py	2026-10-08T16:41:09+0500
almedamo	69115	IN_PROGRESS	A1_Maze_Go	2026-10-08T16:41:09+0500
almedamo	69116	REGISTERED	A1_Maze_Jv	2026-10-08T16:41:09+0500
almedamo	69117	REGISTERED	A1_Maze_JS	2026-10-08T16:41:09+0500
almedamo	69118	REGISTERED	A1_Maze_C#	2026-10-08T16:41:09+0500
almedamo	69119	REGISTERED	A1_Maze_Kt	2026-10-08T16:41:09+0500
almedamo	69120	ASSIGNED	A1_Maze_Sw	2026-10-08T16:41:09+0500
almedamo	69121	ASSIGNED	A2_SimpleNavigator_v1.0_CPP	2026-10-08T16:41:09+0500
almedamo	69122	ACCEPTED	A2_SimpleNavigator_v1.0_Py	2026-10-08T16:41:09+0500
almedamo	69123	IN_PROGRESS	A2_SimpleNavigator_v1.0_Go	2026-10-08T16:41:09+0500
almedamo	69124	ASSIGNED	A2_SimpleNavigator_v1.0_Jv	2026-10-08T16:41:09+0500
almedamo	69125	ASSIGNED	A2_SimpleNavigator_v1.0_JS	2026-10-08T16:41:09+0500
almedamo	69126	ASSIGNED	A2_SimpleNavigator_v1.0_C#	2026-10-08T16:41:09+0500
almedamo	69127	ASSIGNED	A2_SimpleNavigator_v1.0_Kt	2026-10-08T16:41:09+0500
almedamo	69128	ASSIGNED	A2_SimpleNavigator_v1.0_Sw	2026-10-08T16:41:09+0500
almedamo	69140	ASSIGNED	IOS1_UIKit	2026-10-08T16:41:09+0500
almedamo	69188	ACCEPTED	APJ_Ex-t	2026-10-08T16:41:09+0500
almedamo	69205	REGISTERED	AND1_Activity	2026-10-08T16:41:09+0500
almedamo	69277	ACCEPTED	APG_Ex-t	2026-10-08T16:41:09+0500
almedamo	69278	ACCEPTED	APCS_Ex-t	2026-10-08T16:41:09+0500
almedamo	69279	ACCEPTED	APP_Ex-t	2026-10-08T16:41:09+0500
almedamo	69280	ACCEPTED	APJS_Ex-t	2026-10-08T16:41:09+0500
almedamo	69281	ASSIGNED	APS_Ex-t	2026-10-08T16:41:09+0500
almedamo	69282	ACCEPTED	APK_Ex-t	2026-10-08T16:41:09+0500
almedamo	69337	ACCEPTED	PjM1_ProjPM	2026-10-08T16:41:09+0500
almedamo	69372	ACCEPTED	PjM2_LifeCycle	2026-10-08T16:41:09+0500
almedamo	69373	ACCEPTED	PjM3_BasicM	2026-10-08T16:41:09+0500
almedamo	69463	ASSIGNED	AND2_Async operations	2026-10-08T16:41:09+0500
almedamo	69464	ASSIGNED	AND3_Custom View	2026-10-08T16:41:09+0500
almedamo	69465	ASSIGNED	AND4_Notification	2026-10-08T16:41:09+0500
almedamo	69466	ASSIGNED	AND5_OpenGL	2026-10-08T16:41:09+0500
almedamo	69467	ASSIGNED	AND6_Test	2026-10-08T16:41:09+0500
almedamo	69468	ASSIGNED	AND7_Gradle	2026-10-08T16:41:09+0500
almedamo	69469	ASSIGNED	AND8_Compose	2026-10-08T16:41:09+0500
almedamo	69478	ASSIGNED	IOS2_SwiftUI	2026-10-08T16:41:09+0500
almedamo	69534	ASSIGNED	IOS5_Maps	2026-10-08T16:41:09+0500
almedamo	69535	ASSIGNED	IOS6_Additional	2026-10-08T16:41:09+0500
almedamo	69538	ASSIGNED	IOS3_Network	2026-10-08T16:41:09+0500
almedamo	69539	ASSIGNED	IOS4_DataStorage	2026-10-08T16:41:09+0500
almedamo	69540	ACCEPTED	BSA00_Decomposition	2026-10-08T16:41:09+0500
almedamo	69541	ACCEPTED	BSA1_Stakeholders	2026-10-08T16:41:09+0500
almedamo	69542	ACCEPTED	BSA2_Requirements	2026-10-08T16:41:09+0500
almedamo	69543	REGISTERED	BSA3_HowToRequirements	2026-10-08T16:41:09+0500
almedamo	69544	ASSIGNED	BSA4_Domains	2026-10-08T16:41:09+0500
almedamo	69545	ASSIGNED	BSA5_Diagrams	2026-10-08T16:41:09+0500
almedamo	69546	ASSIGNED	BSA6_BPMN	2026-10-08T16:41:09+0500
almedamo	69547	ASSIGNED	BSA7_UserStory	2026-10-08T16:41:09+0500
almedamo	69548	ASSIGNED	BSA8_UseCase	2026-10-08T16:41:09+0500
almedamo	69549	ASSIGNED	BSA9_Objects and Roles	2026-10-08T16:41:09+0500
almedamo	69550	ASSIGNED	BSA10_FR Design	2026-10-08T16:41:09+0500
almedamo	69551	ASSIGNED	BSA11_UserInterfaces	2026-10-08T16:41:09+0500
almedamo	69552	ASSIGNED	BSA12_NFRs	2026-10-08T16:41:09+0500
almedamo	69553	ASSIGNED	BSA13_ReqMgmt	2026-10-08T16:41:09+0500
almedamo	69554	ASSIGNED	BSA14_SystemIntegration	2026-10-08T16:41:09+0500
almedamo	69555	ASSIGNED	BSA15_REST	2026-10-08T16:41:09+0500
almedamo	69556	ASSIGNED	BSA16_SOAP	2026-10-08T16:41:09+0500
almedamo	69627	ASSIGNED	CT9_Educational way	2026-10-08T16:41:09+0500
almedamo	69676	ASSIGNED	IOS7_Test	2026-10-08T16:41:09+0500
almedamo	70735	ASSIGNED	A3_Parallels_CPP	2026-10-08T16:41:09+0500
almedamo	70736	ACCEPTED	A3_Parallels_Py	2026-10-08T16:41:09+0500
almedamo	70737	ASSIGNED	A3_Parallels_Go	2026-10-08T16:41:09+0500
almedamo	70738	ASSIGNED	A3_Parallels_Jv	2026-10-08T16:41:09+0500
almedamo	70739	ASSIGNED	A3_Parallels_JS	2026-10-08T16:41:09+0500
almedamo	70740	ASSIGNED	A3_Parallels_C#	2026-10-08T16:41:09+0500
almedamo	70741	ASSIGNED	A3_Parallels_Kt	2026-10-08T16:41:09+0500
almedamo	70742	ASSIGNED	A3_Parallels_Sw	2026-10-08T16:41:09+0500
almedamo	70756	ASSIGNED	A5_s21_memory_CPP	2026-10-08T16:41:09+0500
almedamo	70757	ASSIGNED	A4_Crypto_CPP	2026-10-08T16:41:09+0500
almedamo	70758	ACCEPTED	A4_Crypto_Py	2026-10-08T16:41:09+0500
almedamo	70759	ASSIGNED	A4_Crypto_Go	2026-10-08T16:41:09+0500
almedamo	70760	ASSIGNED	A4_Crypto_Jv	2026-10-08T16:41:09+0500
almedamo	70761	ASSIGNED	A4_Crypto_JS	2026-10-08T16:41:09+0500
almedamo	70762	ASSIGNED	A4_Crypto_C#	2026-10-08T16:41:09+0500
almedamo	70763	ASSIGNED	A4_Crypto_Kt	2026-10-08T16:41:09+0500
almedamo	70764	ASSIGNED	A4_Crypto_Sw	2026-10-08T16:41:09+0500
almedamo	70767	ASSIGNED	A6_Transactions_CPP	2026-10-08T16:41:09+0500
almedamo	70768	ACCEPTED	A6_Transactions_Py	2026-10-08T16:41:09+0500
almedamo	70769	ASSIGNED	A6_Transactions_Go	2026-10-08T16:41:09+0500
almedamo	70770	ASSIGNED	A6_Transactions_Jv	2026-10-08T16:41:09+0500
almedamo	70771	ASSIGNED	A6_Transactions_JS	2026-10-08T16:41:09+0500
almedamo	70772	ASSIGNED	A6_Transactions_C#	2026-10-08T16:41:09+0500
almedamo	70773	ASSIGNED	A6_Transactions_Kt	2026-10-08T16:41:09+0500
almedamo	70774	ASSIGNED	A6_Transactions_Sw	2026-10-08T16:41:09+0500
almedamo	70781	ASSIGNED	A7_DNA_Analyzer_CPP	2026-10-08T16:41:09+0500
almedamo	70782	ACCEPTED	A7_DNA Analyzer_Py	2026-10-08T16:41:09+0500
almedamo	70783	ASSIGNED	A7_DNA_Analyzer_Go	2026-10-08T16:41:09+0500
almedamo	70784	ASSIGNED	A7_DNA Analyzer_Jv	2026-10-08T16:41:09+0500
almedamo	70785	ASSIGNED	A7_DNA Analyzer_JS	2026-10-08T16:41:09+0500
almedamo	70786	ASSIGNED	A7_DNA_Analyzer_C#	2026-10-08T16:41:09+0500
almedamo	70787	ASSIGNED	A7_DNA_Analyzer_Kt	2026-10-08T16:41:09+0500
almedamo	70788	ASSIGNED	A7_DNA_Analyzer_Sw	2026-10-08T16:41:09+0500
almedamo	70795	ASSIGNED	A8_Algorithmic_trading_CPP	2026-10-08T16:41:09+0500
almedamo	70796	ACCEPTED	A8_Algorithmic trading_Py	2026-10-08T16:41:09+0500
almedamo	70797	ASSIGNED	A8_Algorithmic_trading_Go	2026-10-08T16:41:09+0500
almedamo	70798	ASSIGNED	A8_Algorithmic trading_Jv	2026-10-08T16:41:09+0500
almedamo	70799	ASSIGNED	A8_Algorithmic trading_JS	2026-10-08T16:41:09+0500
almedamo	70800	ASSIGNED	A8_Algorithmic_trading_C#	2026-10-08T16:41:09+0500
almedamo	70801	ASSIGNED	A8_Algorithmic_trading_Kt	2026-10-08T16:41:09+0500
almedamo	70802	ASSIGNED	A8_Algorithmic_trading_Sw	2026-10-08T16:41:09+0500
almedamo	70843	ASSIGNED	AP5_BrickGame_v4.0_Python	2026-10-08T16:41:09+0500
almedamo	70844	ASSIGNED	AP5_BrickGame_v4.0_C#	2026-10-08T16:41:09+0500
almedamo	70845	ASSIGNED	AP5_BrickGame_v4.0_Jv	2026-10-08T16:41:09+0500
almedamo	70846	ASSIGNED	AP5_BrickGame_v4.0_JS	2026-10-08T16:41:09+0500
almedamo	70847	ASSIGNED	AP5_BrickGame_v4.0_Go	2026-10-08T16:41:09+0500
almedamo	70848	ASSIGNED	AP5_BrickGame_v4.0_Kt	2026-10-08T16:41:09+0500
almedamo	70849	ASSIGNED	AP5_BrickGame_v4.0_Sw	2026-10-08T16:41:09+0500
almedamo	70922	ACCEPTED	PG1_Pangolin	2026-10-08T16:41:09+0500
almedamo	71028	ACCEPTED	CbS1_Networking_basics_Part 1	2026-10-08T16:41:09+0500
almedamo	71029	ACCEPTED	CbS2_Networking_basics_Part 2	2026-10-08T16:41:09+0500
almedamo	71030	ACCEPTED	CbS3_Networking_basics_Part 3	2026-10-08T16:41:09+0500
almedamo	71031	ACCEPTED	CbS4_Networking_basics_Part 4	2026-10-08T16:41:09+0500
almedamo	71032	ACCEPTED	CbS5_Linux_basics	2026-10-08T16:41:09+0500
almedamo	71033	ACCEPTED	CbS6_Windows_basics	2026-10-08T16:41:09+0500
almedamo	71034	ACCEPTED	CbS8_Crypto_symmetric	2026-10-08T16:41:09+0500
almedamo	71035	ACCEPTED	CbS7_Crypto_intro	2026-10-08T16:41:09+0500
almedamo	71036	ACCEPTED	CbS9_Crypto_asymmetric	2026-10-08T16:41:09+0500
almedamo	71037	ACCEPTED	CbS10_Data_channel_protection	2026-10-08T16:41:09+0500
almedamo	71039	ACCEPTED	CbS12_Network_attacks	2026-10-08T16:41:09+0500
almedamo	71040	ACCEPTED	CbS13_Threat_detection_principles	2026-10-08T16:41:09+0500
almedamo	71041	ACCEPTED	CbS14_Designing_secure_networks	2026-10-08T16:41:09+0500
almedamo	71042	ACCEPTED	CbS15_IS_legislation	2026-10-08T16:41:09+0500
almedamo	71043	ACCEPTED	CbS16_Project_lifecycle	2026-10-08T16:41:09+0500
almedamo	71044	ACCEPTED	CbS17_Physical_security	2026-10-08T16:41:09+0500
almedamo	71045	ACCEPTED	CbS18_Social_engineering	2026-10-08T16:41:09+0500
almedamo	71963	ACCEPTED	QA1_Foundation	2026-10-08T16:41:09+0500
almedamo	71971	ACCEPTED	QA2_Test artifacts	2026-10-08T16:41:09+0500
almedamo	72004	ASSIGNED	AP4_Info21 v2.0 Web_Python 	2026-10-08T16:41:09+0500
almedamo	72005	ASSIGNED	AP4_Info21 v2.0 Web_Jv	2026-10-08T16:41:09+0500
almedamo	72006	ASSIGNED	AP4_Info21 v2.0 Web_JS	2026-10-08T16:41:09+0500
almedamo	72007	ASSIGNED	AP4_Info21 v2.0 Web_Go	2026-10-08T16:41:09+0500
almedamo	72008	ASSIGNED	AP4_Info21 v2.0 Web_C#	2026-10-08T16:41:09+0500
almedamo	72009	ASSIGNED	AP4_Info21 v2.0 Web_Kt	2026-10-08T16:41:09+0500
almedamo	72010	ASSIGNED	AP4_Info21 v2.0 Web_Sw	2026-10-08T16:41:09+0500
almedamo	72011	ASSIGNED	AP6_RetailAnalitycs v2.0 Web_Jv	2026-10-08T16:41:09+0500
almedamo	72012	ASSIGNED	AP6_RetailAnalitycs v2.0 Web_Python	2026-10-08T16:41:09+0500
almedamo	72013	ASSIGNED	AP6_RetailAnalitycs v2.0 Web_JS	2026-10-08T16:41:09+0500
almedamo	72015	ASSIGNED	AP6_RetailAnalitycs v2.0 Web_Go	2026-10-08T16:41:09+0500
almedamo	72016	ASSIGNED	AP6_RetailAnalitycs v2.0 Web_C#	2026-10-08T16:41:09+0500
almedamo	72026	ASSIGNED	AP6_RetailAnalitycs v2.0 Web_Kt	2026-10-08T16:41:09+0500
almedamo	72027	ASSIGNED	AP6_RetailAnalitycs v2.0 Web_Sw	2026-10-08T16:41:09+0500
almedamo	72160	ASSIGNED	AP3_SpecialtyCoffee_Python	2026-10-08T16:41:09+0500
almedamo	72161	ASSIGNED	AP3_SpecialtyCoffee_Jv	2026-10-08T16:41:09+0500
almedamo	72164	ASSIGNED	AP3_SpecialtyCoffee_JS	2026-10-08T16:41:09+0500
almedamo	72165	ASSIGNED	AP3_SpecialtyCoffee_Go	2026-10-08T16:41:09+0500
almedamo	72166	ASSIGNED	AP3_SpecialtyCoffee_C#	2026-10-08T16:41:09+0500
almedamo	72167	ASSIGNED	AP3_SpecialtyCoffee_Kt	2026-10-08T16:41:09+0500
almedamo	72168	ASSIGNED	AP3_SpecialtyCoffee_Sw	2026-10-08T16:41:09+0500
almedamo	72454	ASSIGNED	BSA_Ex	2026-10-08T16:41:09+0500
almedamo	72687	ASSIGNED	AQA1_Basics	2026-10-08T16:41:09+0500
almedamo	72791	ACCEPTED	CbS11_Enterprise_IT_landscape	2026-10-08T16:41:09+0500
almedamo	72880	ACCEPTED	QA3_Test design and test analysis	2026-10-08T16:41:09+0500
almedamo	72911	ACCEPTED	CT_Part3	2026-10-08T16:41:09+0500
almedamo	72919	ASSIGNED	AQA2_API testing	2026-10-08T16:41:09+0500
almedamo	72920	ASSIGNED	AQA3_UI Web testing	2026-10-08T16:41:09+0500
almedamo	72935	REGISTERED	QA4_Types and levels of testing	2026-10-08T16:41:09+0500
almedamo	72939	ASSIGNED	QA5_Defects	2026-10-08T16:41:09+0500
almedamo	72944	ASSIGNED	QA6_Web testing	2026-10-08T16:41:09+0500
almedamo	72946	ASSIGNED	QA7_Backend testing	2026-10-08T16:41:09+0500
almedamo	72957	ASSIGNED	QA8_Mobile testing	2026-10-08T16:41:09+0500
almedamo	72958	ASSIGNED	QA9_Basics of Web Security	2026-10-08T16:41:09+0500
almedamo	72998	ASSIGNED	AQA4_Mobile testing	2026-10-08T16:41:09+0500
almedamo	73030	ACCEPTED	CT1_Self-determination	2026-10-08T16:41:09+0500
almedamo	73031	ACCEPTED	CT2_Dream job	2026-10-08T16:41:09+0500
almedamo	73032	ACCEPTED	CT3_CV Resume	2026-10-08T16:41:09+0500
almedamo	73033	ACCEPTED	CT4_Interview	2026-10-08T16:41:09+0500
almedamo	73034	ACCEPTED	CT5_Teamwork	2026-10-08T16:41:09+0500
almedamo	73035	ACCEPTED	CT6_Corporate culture	2026-10-08T16:41:09+0500
almedamo	73036	ACCEPTED	CT7_Corporate Communication	2026-10-08T16:41:09+0500
almedamo	73037	ACCEPTED	CT8_Career planning	2026-10-08T16:41:09+0500
almedamo	73202	ACCEPTED	SberJv1_Team Git workflow	2026-10-08T16:41:09+0500
almedamo	73204	ACCEPTED	SberJv2_Setup	2026-10-08T16:41:09+0500
almedamo	73205	ASSIGNED	QA_Ex	2026-10-08T16:41:09+0500
almedamo	73206	ACCEPTED	SberJv3_Clean code	2026-10-08T16:41:09+0500
almedamo	73207	ACCEPTED	SberJv5_Observability	2026-10-08T16:41:09+0500
almedamo	73209	IN_PROGRESS	SberJv6_DB Performance	2026-10-08T16:41:09+0500
almedamo	73210	ACCEPTED	BInf1_PlasmidQC	2026-10-08T16:41:09+0500
almedamo	73212	REGISTERED	BInf2_HBBScan	2026-10-08T16:41:09+0500
almedamo	73216	ASSIGNED	BInf3_GenomeMatch	2026-10-08T16:41:09+0500
almedamo	73226	ASSIGNED	BInf4_FLM splice	2026-10-08T16:41:09+0500
almedamo	73227	ASSIGNED	BInf5_Soma align	2026-10-08T16:41:09+0500
almedamo	73228	ASSIGNED	BInf6_BlaNDM1 resist	2026-10-08T16:41:09+0500
almedamo	73229	ASSIGNED	BInf7_RbcL evolution	2026-10-08T16:41:09+0500
almedamo	73230	ASSIGNED	BInf8_SNP SUC2 Osm	2026-10-08T16:41:09+0500
almedamo	73232	ASSIGNED	BInf10_Plasmid Resist	2026-10-08T16:41:09+0500
almedamo	73235	ASSIGNED	BInf13_EcoliPhylo	2026-10-08T16:41:09+0500
almedamo	73243	ACCEPTED	UX/UI2_UX Design 	2026-10-08T16:41:09+0500
almedamo	73244	ACCEPTED	UX/UI3_UI Design 	2026-10-08T16:41:09+0500
almedamo	73245	REGISTERED	UX/UI4_Design&UI kit	2026-10-08T16:41:09+0500
almedamo	73246	ASSIGNED	UX/UI5_Prototyp&test	2026-10-08T16:41:09+0500
almedamo	73247	ASSIGNED	UX/UI6_Website builder	2026-10-08T16:41:09+0500
almedamo	73254	ASSIGNED	UX/UI10_Mobile application	2026-10-08T16:41:09+0500
almedamo	73260	ACCEPTED	AI1_Agent 	2026-10-08T16:41:09+0500
almedamo	73277	ASSIGNED	PjM5_ReqGather	2026-10-08T16:41:09+0500
almedamo	73278	REGISTERED	PjM4_PjMTools	2026-10-08T16:41:09+0500
almedamo	73279	ACCEPTED	SberJv4_Reliability	2026-10-08T16:41:09+0500
almedamo	73282	ASSIGNED	PjM8_RisksMng	2026-10-08T16:41:09+0500
almedamo	73283	ASSIGNED	PjM9_PlanStr	2026-10-08T16:41:09+0500
almedamo	73284	ASSIGNED	PjM10_EffPlan	2026-10-08T16:41:09+0500
almedamo	73285	ASSIGNED	PjM11_Backlog	2026-10-08T16:41:09+0500
almedamo	73286	ASSIGNED	PjM12_Budget	2026-10-08T16:41:09+0500
almedamo	73287	ASSIGNED	PjM13_BusCorr	2026-10-08T16:41:09+0500
almedamo	73290	ASSIGNED	PjM16_TeamCom	2026-10-08T16:41:09+0500
almedamo	73292	ASSIGNED	PjM18_Analytic	2026-10-08T16:41:09+0500
almedamo	73293	ASSIGNED	PjM19_ProtDsgn	2026-10-08T16:41:09+0500
almedamo	73294	ASSIGNED	PjM20_FrontBack	2026-10-08T16:41:09+0500
almedamo	73295	ASSIGNED	PjM21_ITInfStruct	2026-10-08T16:41:09+0500
almedamo	73297	ACCEPTED	UX/UI1_Intro	2026-10-08T16:41:09+0500
almedamo	73298	ASSIGNED	PjM_Ex	2026-10-08T16:41:09+0500
almedamo	73301	ACCEPTED	DSB2_Syntax&Semantics	2026-10-08T16:41:09+0500
almedamo	73302	ACCEPTED	DSB3_OOP skills	2026-10-08T16:41:09+0500
almedamo	73303	ACCEPTED	DSB4_Package management	2026-10-08T16:41:09+0500
almedamo	73304	ACCEPTED	DSB5_Efficient code practices	2026-10-08T16:41:09+0500
almedamo	73305	ACCEPTED	DSB6_MovieLens Analytics	2026-10-08T16:41:09+0500
almedamo	73306	FAILED	DSB7_Pandas	2026-10-08T16:41:09+0500
almedamo	73307	FAILED	DSB8_SQL&Pandas	2026-10-08T16:41:09+0500
almedamo	73308	FAILED	DSB9_Pandas_SQL& Data Visual	2026-10-08T16:41:09+0500
almedamo	73309	FAILED	DSB10_Intro to ML	2026-10-08T16:41:09+0500
almedamo	73310	FAILED	DSB11_ML: Advanced	2026-10-08T16:41:09+0500
almedamo	73311	ACCEPTED	DSB12_Food&nutrition	2026-10-08T16:41:09+0500
almedamo	73324	ACCEPTED	DSB1_UNIX Command Line Tools	2026-10-08T16:41:09+0500
almedamo	73366	ASSIGNED	UX/UI7_Transferring layouts	2026-10-08T16:41:09+0500
almedamo	73367	ASSIGNED	UX/UI8_Team processes	2026-10-08T16:41:09+0500
almedamo	73368	ASSIGNED	UX/UI9_Formation of requirements	2026-10-08T16:41:09+0500
almedamo	73375	ASSIGNED	UX/UI11_Interface creation	2026-10-08T16:41:09+0500
almedamo	73376	ASSIGNED	UX/UI12_Portfolio	2026-10-08T16:41:09+0500
almedamo	73381	ASSIGNED	PjM6_ProAnalysis	2026-10-08T16:41:09+0500
almedamo	73382	ASSIGNED	PjM7_UserStory	2026-10-08T16:41:09+0500
almedamo	73396	ASSIGNED	BInf9_HY5 StemMut	2026-10-08T16:41:09+0500
almedamo	73398	ASSIGNED	BInf11_SNP screen	2026-10-08T16:41:09+0500
almedamo	73399	ASSIGNED	BInf12_Diagnostic pipeline	2026-10-08T16:41:09+0500
almedamo	73400	ASSIGNED	BInf14_BRCA1 evolution	2026-10-08T16:41:09+0500
almedamo	73401	ASSIGNED	BInf15_ESBL Resistome	2026-10-08T16:41:09+0500
almedamo	73402	ASSIGNED	BInf16_CFTR genotyping	2026-10-08T16:41:09+0500
almedamo	73430	ASSIGNED	PjM22_CompPro	2026-10-08T16:41:09+0500
almedamo	73446	ASSIGNED	UX/UI_Ex	2026-10-08T16:41:09+0500
almedamo	73461	ASSIGNED	PjM14_EffNeg	2026-10-08T16:41:09+0500
almedamo	73462	ASSIGNED	PjM15_PubApp	2026-10-08T16:41:09+0500
almedamo	73463	ACCEPTED	PM1_PMStarterPack	2026-10-08T16:41:09+0500
almedamo	73465	ACCEPTED	PM2_MetricsDriven	2026-10-08T16:41:09+0500
almedamo	73466	ACCEPTED	PM3_UnitEconomics	2026-10-08T16:41:09+0500
almedamo	73467	REGISTERED	PM4_ResearchCycle	2026-10-08T16:41:09+0500
almedamo	73468	ASSIGNED	PM5_DesignDriven	2026-10-08T16:41:09+0500
almedamo	73473	ASSIGNED	PM6_UserRetention	2026-10-08T16:41:09+0500
almedamo	73474	ASSIGNED	PM7_DiscoveryCycles	2026-10-08T16:41:09+0500
almedamo	73475	ASSIGNED	PM8_DevToProd	2026-10-08T16:41:09+0500
almedamo	73476	ASSIGNED	PM9_TrafficToSale	2026-10-08T16:41:09+0500
almedamo	73477	ASSIGNED	PM10_SoloShip	2026-10-08T16:41:09+0500
almedamo	73478	ASSIGNED	PjM17_TeamMng	2026-10-08T16:41:09+0500
almedamo	73494	ACCEPTED	Core_Strategy	2026-10-08T16:41:09+0500
almedamo	73542	ASSIGNED	PM_Ex	2026-10-08T16:41:09+0500
almedamo	73604	ACCEPTED	AIE1_Request Router	2026-10-08T16:41:09+0500
almedamo	73605	ACCEPTED	AIE2_JSON Logs Parser	2026-10-08T16:41:09+0500
almedamo	73606	ACCEPTED	AIE3_Mock API Client	2026-10-08T16:41:09+0500
almedamo	73607	ACCEPTED	AIE4_Docs Preprocessing	2026-10-08T16:41:09+0500
almedamo	73608	ACCEPTED	AIE5_Rule FAQ Bot	2026-10-08T16:41:09+0500
almedamo	73609	ASSIGNED	AIE6_Legacy Code Refactor	2026-10-08T16:41:09+0500
almedamo	73610	ASSIGNED	AIE7_Embedding Cache Service	2026-10-08T16:41:09+0500
almedamo	73611	ASSIGNED	AIE8_Vector Metadata Store	2026-10-08T16:41:09+0500
almedamo	73613	ASSIGNED	AIE10_LLM Gateway Cache	2026-10-08T16:41:09+0500
almedamo	73614	ASSIGNED	AIE11_Contract Alignment	2026-10-08T16:41:09+0500
almedamo	73615	ASSIGNED	AIE12_First Call Logging	2026-10-08T16:41:09+0500
almedamo	73616	ASSIGNED	AIE13_Prompt Strategies Compare	2026-10-08T16:41:09+0500
almedamo	73617	ASSIGNED	AIE14_BOT_Hallucination Control Bot	2026-10-08T16:41:09+0500
almedamo	73618	ASSIGNED	AIE15_Chunking Strategies	2026-10-08T16:41:09+0500
almedamo	73619	ASSIGNED	AIE16_Chroma Hybrid Search	2026-10-08T16:41:09+0500
almedamo	73621	ASSIGNED	AIE18_Incremental Index Update	2026-10-08T16:41:09+0500
almedamo	73622	ASSIGNED	AIE19_Product Analytics Suite	2026-10-08T16:41:09+0500
almedamo	73623	ASSIGNED	AIE20_Requirements Analysis	2026-10-08T16:41:09+0500
almedamo	73624	ASSIGNED	AIE21_Prompt Defence Red	2026-10-08T16:41:09+0500
almedamo	73625	ASSIGNED	AIE22_Enterprise Integration Map	2026-10-08T16:41:09+0500
almedamo	73626	ASSIGNED	AIE23_Tool Agent RAG	2026-10-08T16:41:09+0500
almedamo	73628	ASSIGNED	AIE25_Agents Subagents	2026-10-08T16:41:09+0500
almedamo	73629	ASSIGNED	AIE26_Production AI Assistant	2026-10-08T16:41:09+0500
almedamo	73632	ASSIGNED	AIE9_Async Text Classifier	2026-10-08T16:41:09+0500
almedamo	73633	ASSIGNED	AIE17_Full RAG Citations	2026-10-08T16:41:09+0500
almedamo	73634	ASSIGNED	AIE24_Server n8n Workflow	2026-10-08T16:41:09+0500
almedamo	73636	ACCEPTED	TP1_SegmentScan	2026-10-08T16:41:09+0500
almedamo	73637	ACCEPTED	TP2_InsightScope	2026-10-08T16:41:09+0500
almedamo	73638	ACCEPTED	TP3_ProductConcept	2026-10-08T16:41:09+0500
almedamo	73639	REGISTERED	TP4_ModelFit	2026-10-08T16:41:09+0500
almedamo	73640	ASSIGNED	TP5_Unitecon	2026-10-08T16:41:09+0500
almedamo	73641	ASSIGNED	TP6_MVPScope	2026-10-08T16:41:09+0500
almedamo	73642	ASSIGNED	TP7_MVPBuild	2026-10-08T16:41:09+0500
almedamo	73643	ASSIGNED	TP8_MVPDeploy	2026-10-08T16:41:09+0500
almedamo	73644	ASSIGNED	TP9_GoToMarket	2026-10-08T16:41:09+0500
almedamo	73645	ASSIGNED	TP10_SupportFlow	2026-10-08T16:41:09+0500
almedamo	73646	ASSIGNED	TP11_DataLegal	2026-10-08T16:41:09+0500
almedamo	73647	ASSIGNED	TP12_Strategy	2026-10-08T16:41:09+0500
almedamo	73648	ASSIGNED	TP13_PitchReady	2026-10-08T16:41:09+0500
alyssaiv	21389	FAILED	APP1 Bootcamp. Day00	2026-10-08T16:41:12+0500
alyssaiv	21390	FAILED	APP1 Bootcamp. Day01	2026-10-08T16:41:12+0500
alyssaiv	21412	FAILED	APP1 Bootcamp. Day03	2026-10-08T16:41:12+0500
alyssaiv	21413	FAILED	APP1 Bootcamp. Day02	2026-10-08T16:41:12+0500
alyssaiv	21414	FAILED	APP1 Bootcamp. Day04	2026-10-08T16:41:12+0500
alyssaiv	21415	FAILED	APP1 Bootcamp. Team00	2026-10-08T16:41:12+0500
alyssaiv	21416	FAILED	APP1 Bootcamp. Day05	2026-10-08T16:41:12+0500
alyssaiv	21417	FAILED	APP1 Bootcamp. Day06	2026-10-08T16:41:12+0500
alyssaiv	21418	FAILED	APP1 Bootcamp. Day07	2026-10-08T16:41:12+0500
alyssaiv	21419	FAILED	APP1 Bootcamp. Day08	2026-10-08T16:41:12+0500
alyssaiv	21420	FAILED	APP1 Bootcamp. Team01	2026-10-08T16:41:12+0500
alyssaiv	26477	ACCEPTED	C3_s21_stringplus	2026-10-08T16:41:12+0500
alyssaiv	26478	ACCEPTED	C2_SimpleBashUtils	2026-10-08T16:41:12+0500
alyssaiv	26480	ACCEPTED	C4_s21_math	2026-10-08T16:41:12+0500
alyssaiv	26481	ACCEPTED	C5_s21_decimal	2026-10-08T16:41:12+0500
alyssaiv	26482	ACCEPTED	C6_s21_matrix	2026-10-08T16:41:12+0500
alyssaiv	26483	ACCEPTED	SmartCalc_v1.0	2026-10-08T16:41:12+0500
alyssaiv	26484	ACCEPTED	C8_3DViewer_v1.0	2026-10-08T16:41:12+0500
alyssaiv	26485	ACCEPTED	CPP1_s21_matrix+	2026-10-08T16:41:12+0500
alyssaiv	26486	ACCEPTED	CPP2_s21_containers	2026-10-08T16:41:12+0500
alyssaiv	26487	ACCEPTED	CPP3_SmartCalc_v2.0	2026-10-08T16:41:12+0500
alyssaiv	26488	ACCEPTED	CPP4_3DViewer_v2.0	2026-10-08T16:41:12+0500
alyssaiv	26489	REGISTERED	CPP5_3DViewer_v2.1	2026-10-08T16:41:12+0500
alyssaiv	26490	REGISTERED	CPP6_3DViewer_v2.2	2026-10-08T16:41:12+0500
alyssaiv	26491	ACCEPTED	CPP7_MLP	2026-10-08T16:41:12+0500
alyssaiv	26492	ACCEPTED	CPP8_PhotoLab_v1.0	2026-10-08T16:41:12+0500
alyssaiv	26493	REGISTERED	CPP9_Monitoring System	2026-10-08T16:41:12+0500
alyssaiv	26557	ACCEPTED	DO1_Linux	2026-10-08T16:41:12+0500
alyssaiv	26558	ACCEPTED	DO2_Linux Network	2026-10-08T16:41:12+0500
alyssaiv	26559	ASSIGNED	RetailAnalytics_v2.0_Web_Go	2026-10-08T16:41:12+0500
alyssaiv	26560	ASSIGNED	SmartCalc_v4.0_Web_Go	2026-10-08T16:41:12+0500
alyssaiv	26561	ACCEPTED	DO3_LinuxMonitoring v1.0	2026-10-08T16:41:12+0500
alyssaiv	26562	ASSIGNED	Info21_v2.0_Web_Go	2026-10-08T16:41:12+0500
alyssaiv	26563	ACCEPTED	DO4_LinuxMonitoring v2.0	2026-10-08T16:41:12+0500
alyssaiv	26564	ASSIGNED	SimpleWebStudio_v1.0_Go	2026-10-08T16:41:12+0500
alyssaiv	26565	ACCEPTED	DO5_SimpleDocker	2026-10-08T16:41:12+0500
alyssaiv	26566	ACCEPTED	DO6_CICD	2026-10-08T16:41:12+0500
alyssaiv	26567	ASSIGNED	SmartCalc_v3.0 Desktop (Go)	2026-10-08T16:41:12+0500
alyssaiv	26568	ACCEPTED	Maze	2026-10-08T16:41:12+0500
alyssaiv	26569	ACCEPTED	SimpleNavigator v1.0	2026-10-08T16:41:12+0500
alyssaiv	26570	ASSIGNED	RetailAnalytics_v2.0_Web_Python	2026-10-08T16:41:12+0500
alyssaiv	26571	ACCEPTED	Parallels	2026-10-08T16:41:12+0500
alyssaiv	26572	REGISTERED	Crypto	2026-10-08T16:41:12+0500
alyssaiv	26573	ASSIGNED	SmartCalc_v4.0_Web_Python	2026-10-08T16:41:12+0500
alyssaiv	26574	REGISTERED	s21_memory	2026-10-08T16:41:12+0500
alyssaiv	26575	ASSIGNED	Info21_v2.0_Web_Python	2026-10-08T16:41:12+0500
alyssaiv	26577	ACCEPTED	DNA Analyzer	2026-10-08T16:41:12+0500
alyssaiv	26578	REGISTERED	Algorithmic trading	2026-10-08T16:41:12+0500
alyssaiv	26579	ASSIGNED	SimpleWebStudio_v1.0_Python	2026-10-08T16:41:12+0500
alyssaiv	26581	IN_PROGRESS	SmartCalc_v3.0 Desktop (Python)	2026-10-08T16:41:12+0500
alyssaiv	26583	ACCEPTED	SQL2_Info21_v1.0	2026-10-08T16:41:12+0500
alyssaiv	26584	ASSIGNED	RetailAnalytics_v2.0_Web_Java	2026-10-08T16:41:12+0500
alyssaiv	26585	ACCEPTED	SQL3_RetailAnalitycs v1.0	2026-10-08T16:41:12+0500
alyssaiv	26586	ASSIGNED	SmartCalc_v4.0_Web_Java	2026-10-08T16:41:12+0500
alyssaiv	26589	ASSIGNED	Info21_v2.0_Web_Java	2026-10-08T16:41:12+0500
alyssaiv	26590	ASSIGNED	SmartCalc v3.0 Desktop (C#)	2026-10-08T16:41:12+0500
alyssaiv	26592	ASSIGNED	SimpleWebStudio v1.0 C#	2026-10-08T16:41:12+0500
alyssaiv	26593	ASSIGNED	Info21_v2.0_Web_C#	2026-10-08T16:41:12+0500
alyssaiv	26594	ASSIGNED	SmartCalc v4.0 Web C#	2026-10-08T16:41:12+0500
alyssaiv	26595	IN_PROGRESS	SmartCalc_v3.0 Desktop (Java)	2026-10-08T16:41:12+0500
alyssaiv	26596	ASSIGNED	RetailAnalytics_v2.0_Web_C#	2026-10-08T16:41:12+0500
alyssaiv	27289	ASSIGNED	DS Healthcare. Project 01 	2026-10-08T16:41:12+0500
alyssaiv	27290	ASSIGNED	DS Healthcare. Project 02	2026-10-08T16:41:12+0500
alyssaiv	27292	ASSIGNED	DS Healthcare. Project 03	2026-10-08T16:41:12+0500
alyssaiv	27295	ASSIGNED	DS Healthcare. Project 04	2026-10-08T16:41:12+0500
alyssaiv	27298	ASSIGNED	DS Healthcare. Project 05	2026-10-08T16:41:12+0500
alyssaiv	27299	ASSIGNED	DS Healthcare. Project 06	2026-10-08T16:41:12+0500
alyssaiv	27364	IN_PROGRESS	Transactions	2026-10-08T16:41:12+0500
alyssaiv	27373	ASSIGNED	SimpleWebStudio_v1.0_Java	2026-10-08T16:41:12+0500
alyssaiv	27711	ACCEPTED	APC1 Bootcamp. Day00	2026-10-08T16:41:12+0500
alyssaiv	27714	ACCEPTED	APC1 Bootcamp. Day01	2026-10-08T16:41:12+0500
alyssaiv	27715	ACCEPTED	APC1 Bootcamp. Day02	2026-10-08T16:41:12+0500
alyssaiv	27716	ACCEPTED	APC1 Bootcamp. Day03	2026-10-08T16:41:12+0500
alyssaiv	27717	ACCEPTED	APC1 Bootcamp. Day04	2026-10-08T16:41:12+0500
alyssaiv	27718	ACCEPTED	APC1 Bootcamp. Day05	2026-10-08T16:41:12+0500
alyssaiv	27719	ACCEPTED	APC1 Bootcamp. Day06	2026-10-08T16:41:12+0500
alyssaiv	27720	ACCEPTED	APC1 Bootcamp. Day07	2026-10-08T16:41:12+0500
alyssaiv	27721	ACCEPTED	APC1 Bootcamp. Day08	2026-10-08T16:41:12+0500
alyssaiv	27723	FAILED	APC1 Bootcamp. Team01	2026-10-08T16:41:12+0500
alyssaiv	28037	ASSIGNED	APG1 Bootcamp. Day00	2026-10-08T16:41:12+0500
alyssaiv	28038	ASSIGNED	APG1 Bootcamp.  Day01	2026-10-08T16:41:12+0500
alyssaiv	28039	ASSIGNED	APG1 Bootcamp. Day02	2026-10-08T16:41:12+0500
alyssaiv	28040	ASSIGNED	APG1 Bootcamp. Day03	2026-10-08T16:41:12+0500
alyssaiv	28041	ASSIGNED	APG1 Bootcamp. Day04	2026-10-08T16:41:12+0500
alyssaiv	28042	ASSIGNED	APG1 Bootcamp.  Day05	2026-10-08T16:41:12+0500
alyssaiv	28043	ASSIGNED	APG1 Bootcamp.  Day06	2026-10-08T16:41:12+0500
alyssaiv	28044	ASSIGNED	APG1 Bootcamp. Day07	2026-10-08T16:41:12+0500
alyssaiv	28045	ASSIGNED	APG1 Bootcamp. Day08	2026-10-08T16:41:12+0500
alyssaiv	28046	ASSIGNED	APG1 Bootcamp. Day09	2026-10-08T16:41:12+0500
alyssaiv	28047	ASSIGNED	APG1 Bootcamp. Team00	2026-10-08T16:41:12+0500
alyssaiv	28048	ASSIGNED	APG1 Bootcamp. Team01	2026-10-08T16:41:12+0500
alyssaiv	28350	FAILED	APC1 Bootcamp. Team00	2026-10-08T16:41:12+0500
alyssaiv	40313	ASSIGNED	ROSB1_Intro	2026-10-08T16:41:12+0500
alyssaiv	40648	ASSIGNED	ROSB2_Advanced node	2026-10-08T16:41:12+0500
alyssaiv	40649	ASSIGNED	ROSB3_TF library 	2026-10-08T16:41:12+0500
alyssaiv	40650	ASSIGNED	ROSB4_Robot simulation	2026-10-08T16:41:12+0500
alyssaiv	40651	ASSIGNED	ROSB5_Robot sensor 	2026-10-08T16:41:12+0500
alyssaiv	40652	ASSIGNED	ROSB7_Robot mapping	2026-10-08T16:41:12+0500
alyssaiv	40653	ASSIGNED	ROSB8_Robot navigation	2026-10-08T16:41:12+0500
alyssaiv	40655	ASSIGNED	ROSB9_MoveIt arm control	2026-10-08T16:41:12+0500
alyssaiv	40656	ASSIGNED	ROSB10_Computer vision 	2026-10-08T16:41:12+0500
alyssaiv	40657	ASSIGNED	ROSB11_Robot behaviors 	2026-10-08T16:41:12+0500
alyssaiv	40658	ASSIGNED	ROSB6_Robot programming	2026-10-08T16:41:12+0500
alyssaiv	40659	ASSIGNED	ROSB12_Robotics Pro	2026-10-08T16:41:12+0500
alyssaiv	40886	FAILED	APP1 Bootcamp. Day09	2026-10-08T16:41:12+0500
alyssaiv	40910	ACCEPTED	SQLB2_Retrieving data	2026-10-08T16:41:12+0500
alyssaiv	40911	ACCEPTED	SQLB3_Retrieving data deep dive	2026-10-08T16:41:12+0500
alyssaiv	40912	ACCEPTED	SQLB4_DML	2026-10-08T16:41:12+0500
alyssaiv	40913	ACCEPTED	SQLB5_Snapshots	2026-10-08T16:41:12+0500
alyssaiv	40914	ACCEPTED	SQLB7_Database index 	2026-10-08T16:41:12+0500
alyssaiv	40915	ACCEPTED	SQLB8_Integrating features	2026-10-08T16:41:12+0500
alyssaiv	40916	ACCEPTED	SQLB9_OLAP	2026-10-08T16:41:12+0500
alyssaiv	40918	ACCEPTED	SQLB10_Isolation levels	2026-10-08T16:41:12+0500
alyssaiv	40919	ACCEPTED	SQLB11_Functions and procs	2026-10-08T16:41:12+0500
alyssaiv	40922	ACCEPTED	SQLB12_Warehouse fundamentals	2026-10-08T16:41:12+0500
alyssaiv	40964	ACCEPTED	SQLB1_Basics	2026-10-08T16:41:12+0500
alyssaiv	41377	ACCEPTED	DevOps Exam_DELETE	2026-10-08T16:41:12+0500
alyssaiv	47708	ACCEPTED	SQLB6_Salesman problem	2026-10-08T16:41:12+0500
alyssaiv	51184	ASSIGNED	FE1_Browser extensions	2026-10-08T16:41:12+0500
alyssaiv	51185	ASSIGNED	FE2_Angular framework	2026-10-08T16:41:12+0500
alyssaiv	51186	ASSIGNED	FE3_Vue framework	2026-10-08T16:41:12+0500
alyssaiv	51187	ASSIGNED	FE4_CSS and animations	2026-10-08T16:41:12+0500
alyssaiv	51188	ASSIGNED	FE5_Canvas tag 	2026-10-08T16:41:12+0500
alyssaiv	51190	ASSIGNED	FE6_WebSocket	2026-10-08T16:41:12+0500
alyssaiv	51191	ASSIGNED	FE7_Code quality	2026-10-08T16:41:12+0500
alyssaiv	51202	ACCEPTED	CT2_Dream_job	2026-10-08T16:41:12+0500
alyssaiv	51205	ACCEPTED	CT1_Self_determination	2026-10-08T16:41:12+0500
alyssaiv	51210	ASSIGNED	Проект в разработке	2026-10-08T16:41:12+0500
alyssaiv	51262	ACCEPTED	DB Bootcamp. Day00	2026-10-08T16:41:12+0500
alyssaiv	51263	ACCEPTED	DB Bootcamp. Day01	2026-10-08T16:41:12+0500
alyssaiv	51264	ACCEPTED	DB Bootcamp. Day02	2026-10-08T16:41:12+0500
alyssaiv	51363	ASSIGNED	FEB1_JS	2026-10-08T16:41:12+0500
alyssaiv	51394	ASSIGNED	FEB2_Native JS	2026-10-08T16:41:12+0500
alyssaiv	51399	ASSIGNED	FEB3_HTML and CSS	2026-10-08T16:41:12+0500
alyssaiv	51409	ASSIGNED	FEB4_Advanced Web	2026-10-08T16:41:12+0500
alyssaiv	51411	ASSIGNED	FEB5_Express framework	2026-10-08T16:41:12+0500
alyssaiv	51412	ASSIGNED	FEB6_HTML templating	2026-10-08T16:41:12+0500
alyssaiv	51413	ACCEPTED	DB Bootcamp. Day03	2026-10-08T16:41:12+0500
alyssaiv	51414	ASSIGNED	FEB7_SeaBattle game	2026-10-08T16:41:12+0500
alyssaiv	51415	ASSIGNED	FEB8_React	2026-10-08T16:41:12+0500
alyssaiv	51416	ASSIGNED	FEB9_Memoization	2026-10-08T16:41:12+0500
alyssaiv	51417	ASSIGNED	FEB10_Data storages	2026-10-08T16:41:12+0500
alyssaiv	51418	ASSIGNED	FEB11_Routing	2026-10-08T16:41:12+0500
alyssaiv	51419	ASSIGNED	FEB12_React Redux	2026-10-08T16:41:12+0500
alyssaiv	51420	ASSIGNED	FEB13_TypeScript	2026-10-08T16:41:12+0500
alyssaiv	51435	ACCEPTED	DB Bootcamp. Day04	2026-10-08T16:41:12+0500
alyssaiv	51462	ASSIGNED	FEB14_Web Building	2026-10-08T16:41:12+0500
alyssaiv	51472	ASSIGNED	EEB1_Basics	2026-10-08T16:41:12+0500
alyssaiv	51473	ASSIGNED	EEB2_AC circuit analysis	2026-10-08T16:41:12+0500
alyssaiv	51474	ASSIGNED	EEB3_Circuit calc	2026-10-08T16:41:12+0500
alyssaiv	51475	ASSIGNED	EEB4_Connection circuits	2026-10-08T16:41:12+0500
alyssaiv	51476	ASSIGNED	EEB5_Operational amplifiers	2026-10-08T16:41:12+0500
alyssaiv	51477	ASSIGNED	EEB6_Filters	2026-10-08T16:41:12+0500
alyssaiv	51478	ASSIGNED	EEB7_Speed control	2026-10-08T16:41:12+0500
alyssaiv	51479	ASSIGNED	EEB8_Arduino boards	2026-10-08T16:41:12+0500
alyssaiv	51480	ASSIGNED	EEB9_Module integration	2026-10-08T16:41:12+0500
alyssaiv	51481	ASSIGNED	EEB10_STM fundamentals	2026-10-08T16:41:12+0500
alyssaiv	51482	ASSIGNED	EEB11_STM code	2026-10-08T16:41:12+0500
alyssaiv	51483	ASSIGNED	EEB12_Transferring data	2026-10-08T16:41:12+0500
alyssaiv	51484	ASSIGNED	EEB13_Satellite odometer	2026-10-08T16:41:12+0500
alyssaiv	51485	IN_PROGRESS	DS1_Tweets	2026-10-08T16:41:12+0500
alyssaiv	51486	ASSIGNED	DS2_Churn prediction	2026-10-08T16:41:12+0500
alyssaiv	51487	ASSIGNED	DS3_My Spotify	2026-10-08T16:41:12+0500
alyssaiv	51488	ASSIGNED	DS4_Understanding customer	2026-10-08T16:41:12+0500
alyssaiv	51489	ASSIGNED	DS5_Uber	2026-10-08T16:41:12+0500
alyssaiv	51490	ASSIGNED	DS8_Fried Eggs	2026-10-08T16:41:12+0500
alyssaiv	51491	ASSIGNED	DS7_Amazon	2026-10-08T16:41:12+0500
alyssaiv	51492	ASSIGNED	DS6_City life	2026-10-08T16:41:12+0500
alyssaiv	51496	ACCEPTED	DSB1_UNIX Command Line Tools_	2026-10-08T16:41:12+0500
alyssaiv	51497	ACCEPTED	DSB2_Syntax&Semantics_	2026-10-08T16:41:12+0500
alyssaiv	51498	ACCEPTED	DSB3_OOP skills_	2026-10-08T16:41:12+0500
alyssaiv	51499	ACCEPTED	DSB4_Package management_	2026-10-08T16:41:12+0500
alyssaiv	51500	ACCEPTED	DSB5_Efficient code practices_	2026-10-08T16:41:12+0500
alyssaiv	51501	ACCEPTED	DSB6_MovieLens Analytics_	2026-10-08T16:41:12+0500
alyssaiv	51502	ACCEPTED	DSB7_Pandas_	2026-10-08T16:41:12+0500
alyssaiv	51503	ACCEPTED	DSB8_SQL&Pandas_	2026-10-08T16:41:12+0500
alyssaiv	51504	ACCEPTED	DSB9_Pandas_SQL& Data Visual_	2026-10-08T16:41:12+0500
alyssaiv	51505	FAILED	DSB10_Intro to ML_	2026-10-08T16:41:12+0500
alyssaiv	51506	FAILED	DSB11_ML: Advanced_	2026-10-08T16:41:12+0500
alyssaiv	51507	FAILED	DSB12_Food&nutrition_	2026-10-08T16:41:12+0500
alyssaiv	51508	ACCEPTED	DB Bootcamp. Day05	2026-10-08T16:41:12+0500
alyssaiv	51509	ACCEPTED	DB Bootcamp. Day06	2026-10-08T16:41:12+0500
alyssaiv	51510	ACCEPTED	DB Bootcamp. Day07	2026-10-08T16:41:12+0500
alyssaiv	51511	ACCEPTED	DB Bootcamp. Day08	2026-10-08T16:41:12+0500
alyssaiv	51512	ACCEPTED	DB Bootcamp. Day09	2026-10-08T16:41:12+0500
alyssaiv	51513	ACCEPTED	DB Bootcamp. Team00	2026-10-08T16:41:12+0500
alyssaiv	51517	ACCEPTED	CT3_CV_Resume	2026-10-08T16:41:12+0500
alyssaiv	51518	ACCEPTED	CT4_Interview_	2026-10-08T16:41:12+0500
alyssaiv	51529	ACCEPTED	CT5_Teamwork_	2026-10-08T16:41:12+0500
alyssaiv	51652	ACCEPTED	DB Bootcamp. Team01	2026-10-08T16:41:12+0500
alyssaiv	51654	ACCEPTED	CT6_Corporate_culture 	2026-10-08T16:41:12+0500
alyssaiv	51659	ACCEPTED	CT7_Corporate_Communication	2026-10-08T16:41:12+0500
alyssaiv	51660	ACCEPTED	CT8_Career_planning	2026-10-08T16:41:12+0500
alyssaiv	52870	ACCEPTED	Kotlin Bootcamp. Day00	2026-10-08T16:41:12+0500
alyssaiv	52871	ACCEPTED	Kotlin Bootcamp. Day01	2026-10-08T16:41:12+0500
alyssaiv	52872	ACCEPTED	Kotlin Bootcamp. Day02	2026-10-08T16:41:12+0500
alyssaiv	52873	IN_REVIEWS	Kotlin Bootcamp. Day03	2026-10-08T16:41:12+0500
alyssaiv	52878	IN_PROGRESS	Kotlin Bootcamp. Day04	2026-10-08T16:41:12+0500
alyssaiv	52879	ASSIGNED	Kotlin Bootcamp. Team00	2026-10-08T16:41:12+0500
alyssaiv	52880	ASSIGNED	Kotlin Bootcamp. Day05	2026-10-08T16:41:12+0500
alyssaiv	52881	ASSIGNED	Kotlin Bootcamp. Day06	2026-10-08T16:41:12+0500
alyssaiv	52882	ASSIGNED	Kotlin Bootcamp. Day07	2026-10-08T16:41:12+0500
alyssaiv	52883	ASSIGNED	Kotlin Bootcamp. Day08	2026-10-08T16:41:12+0500
alyssaiv	52884	ASSIGNED	Kotlin Bootcamp. Day09	2026-10-08T16:41:12+0500
alyssaiv	52885	ASSIGNED	Kotlin Bootcamp. Team01	2026-10-08T16:41:12+0500
alyssaiv	53016	ACCEPTED	Java Bootcamp. Day00	2026-10-08T16:41:12+0500
alyssaiv	53017	ACCEPTED	Java Bootcamp. Day01	2026-10-08T16:41:12+0500
alyssaiv	53018	ACCEPTED	Java Bootcamp. Day02	2026-10-08T16:41:12+0500
alyssaiv	53019	ACCEPTED	Java Bootcamp. Day03	2026-10-08T16:41:12+0500
alyssaiv	53020	ACCEPTED	Java Bootcamp. Day04	2026-10-08T16:41:12+0500
alyssaiv	53021	ACCEPTED	Java Bootcamp. Team00	2026-10-08T16:41:12+0500
alyssaiv	53022	ACCEPTED	Java Bootcamp. Day05	2026-10-08T16:41:12+0500
alyssaiv	53025	ACCEPTED	Java Bootcamp. Day06	2026-10-08T16:41:12+0500
alyssaiv	53026	ACCEPTED	Java Bootcamp. Day07	2026-10-08T16:41:12+0500
alyssaiv	53035	ACCEPTED	Java Bootcamp. Day08	2026-10-08T16:41:12+0500
alyssaiv	53036	FAILED	Java Bootcamp. Day09	2026-10-08T16:41:12+0500
alyssaiv	53037	FAILED	Java Bootcamp. Team01	2026-10-08T16:41:12+0500
alyssaiv	57572	ACCEPTED	CPP Exam	2026-10-08T16:41:12+0500
alyssaiv	57573	ACCEPTED	CPPE-T	2026-10-08T16:41:12+0500
alyssaiv	59888	ASSIGNED	Core final testing	2026-10-08T16:41:12+0500
alyssaiv	59889	ASSIGNED	Core final exam	2026-10-08T16:41:12+0500
alyssaiv	60672	ASSIGNED	Swift Bootcamp. Day00	2026-10-08T16:41:12+0500
alyssaiv	60673	ASSIGNED	Swift Bootcamp. Day01	2026-10-08T16:41:12+0500
alyssaiv	60674	ASSIGNED	Swift Bootcamp. Day02	2026-10-08T16:41:12+0500
alyssaiv	60675	ASSIGNED	Swift Bootcamp. Day03	2026-10-08T16:41:12+0500
alyssaiv	60676	ASSIGNED	Swift Bootcamp. Day04	2026-10-08T16:41:12+0500
alyssaiv	60677	ASSIGNED	Swift Bootcamp. Team00	2026-10-08T16:41:12+0500
alyssaiv	60680	ASSIGNED	Swift Bootcamp. Day05	2026-10-08T16:41:12+0500
alyssaiv	60681	ASSIGNED	Swift Bootcamp. Day06	2026-10-08T16:41:12+0500
alyssaiv	60682	ASSIGNED	Swift Bootcamp. Day07	2026-10-08T16:41:12+0500
alyssaiv	60683	ASSIGNED	Swift Bootcamp. Day08	2026-10-08T16:41:12+0500
alyssaiv	60684	ASSIGNED	Swift Bootcamp. Day09	2026-10-08T16:41:12+0500
alyssaiv	60685	ASSIGNED	Swift Bootcamp. Team01	2026-10-08T16:41:12+0500
alyssaiv	61411	IN_PROGRESS	DO7_Docker Compose	2026-10-08T16:41:12+0500
alyssaiv	61424	ASSIGNED	DO8_AutomationTools	2026-10-08T16:41:12+0500
alyssaiv	61425	ASSIGNED	DO9_Monitoring	2026-10-08T16:41:12+0500
alyssaiv	61426	ASSIGNED	DO10_BasicK8s	2026-10-08T16:41:12+0500
alyssaiv	61427	ASSIGNED	DO11_AdvK8s	2026-10-08T16:41:12+0500
alyssaiv	61428	ASSIGNED	DO12_Helm	2026-10-08T16:41:12+0500
alyssaiv	62392	ASSIGNED	ML1_Introduction	2026-10-08T16:41:12+0500
alyssaiv	62393	ASSIGNED	ML2_Supervised learning	2026-10-08T16:41:12+0500
alyssaiv	62394	ASSIGNED	ML3_Validation	2026-10-08T16:41:12+0500
alyssaiv	62395	ASSIGNED	ML4_Classification problems	2026-10-08T16:41:12+0500
alyssaiv	62396	ASSIGNED	ML5_Decision trees	2026-10-08T16:41:12+0500
alyssaiv	62397	ASSIGNED	ML6_Unsupervised learning	2026-10-08T16:41:12+0500
alyssaiv	62398	ASSIGNED	ML7_Clustering algorithms	2026-10-08T16:41:12+0500
alyssaiv	62399	ASSIGNED	ML8_Neural networks	2026-10-08T16:41:12+0500
alyssaiv	62400	ASSIGNED	ML9_Convolutional networks 	2026-10-08T16:41:12+0500
alyssaiv	62401	ASSIGNED	ML10_RNNs	2026-10-08T16:41:12+0500
alyssaiv	62403	ASSIGNED	ML11_Attention mechanism	2026-10-08T16:41:12+0500
alyssaiv	62404	ASSIGNED	ML12_Generative ML	2026-10-08T16:41:12+0500
alyssaiv	62813	ACCEPTED	SA1_Software specs	2026-10-08T16:41:12+0500
alyssaiv	62825	ACCEPTED	SA2_Software quality	2026-10-08T16:41:12+0500
alyssaiv	62826	ACCEPTED	SA3_Requirements analysis	2026-10-08T16:41:12+0500
alyssaiv	62827	ACCEPTED	SA4_SDD	2026-10-08T16:41:12+0500
alyssaiv	62828	ACCEPTED	SA5_Complex architecture	2026-10-08T16:41:12+0500
alyssaiv	62829	ACCEPTED	SA6_TOGAF framework	2026-10-08T16:41:12+0500
alyssaiv	62954	ACCEPTED	BE1_HttpAuth	2026-10-08T16:41:12+0500
alyssaiv	62955	ACCEPTED	BE2_APIFromSpec	2026-10-08T16:41:12+0500
alyssaiv	62957	IN_PROGRESS	BE3_Nginx Pro	2026-10-08T16:41:12+0500
alyssaiv	62958	ASSIGNED	BE4_GRPCAuth	2026-10-08T16:41:12+0500
alyssaiv	62959	ASSIGNED	BE5_Message broker	2026-10-08T16:41:12+0500
alyssaiv	62960	ASSIGNED	BE6_Data sharding	2026-10-08T16:41:12+0500
alyssaiv	62961	ASSIGNED	GD1_Meeting Unity	2026-10-08T16:41:12+0500
alyssaiv	62962	ASSIGNED	GD2_Game Design	2026-10-08T16:41:12+0500
alyssaiv	62963	ASSIGNED	GD3_DOD	2026-10-08T16:41:12+0500
alyssaiv	62964	ASSIGNED	GD4_Multiplayer	2026-10-08T16:41:12+0500
alyssaiv	62966	ASSIGNED	GD5_Shaders	2026-10-08T16:41:12+0500
alyssaiv	62967	ASSIGNED	GD6_Hypercasual	2026-10-08T16:41:12+0500
alyssaiv	62968	ASSIGNED	GD7_Unreal Engine	2026-10-08T16:41:12+0500
alyssaiv	63932	ASSIGNED	DO14_Final	2026-10-08T16:41:12+0500
alyssaiv	63934	ASSIGNED	DO13_CICD Pipeline	2026-10-08T16:41:12+0500
alyssaiv	64043	ASSIGNED	Mobile Kotlin_BasicApp	2026-10-08T16:41:12+0500
alyssaiv	64044	ASSIGNED	Mobile Kotlin_AuthApp	2026-10-08T16:41:12+0500
alyssaiv	64049	ASSIGNED	Mobile Swift_BasicApp	2026-10-08T16:41:12+0500
alyssaiv	64050	ASSIGNED	Mobile Swift_AuthApp	2026-10-08T16:41:12+0500
alyssaiv	64402	ASSIGNED	FE8_Data vis	2026-10-08T16:41:12+0500
alyssaiv	66062	ASSIGNED	DevOps Exam	2026-10-08T16:41:12+0500
alyssaiv	67412	ASSIGNED	CPP_Ex-p	2026-10-08T16:41:12+0500
alyssaiv	67417	ASSIGNED	CPP_Ex-t	2026-10-08T16:41:12+0500
alyssaiv	68823	ASSIGNED	C_Ex-t	2026-10-08T16:41:12+0500
alyssaiv	68824	ASSIGNED	C_Ex-p	2026-10-08T16:41:12+0500
alyssaiv	68883	ACCEPTED	SQL_Ex-t	2026-10-08T16:41:12+0500
alyssaiv	68901	REGISTERED	SQL_Ex-p	2026-10-08T16:41:12+0500
alyssaiv	68976	ACCEPTED	DO_Ex-t	2026-10-08T16:41:12+0500
alyssaiv	68977	ACCEPTED	A_Ex-t	2026-10-08T16:41:12+0500
alyssaiv	69039	ASSIGNED	AP1-CS-T01	2026-10-08T16:41:12+0500
alyssaiv	69040	ASSIGNED	AP1-CS-T02	2026-10-08T16:41:12+0500
alyssaiv	69041	ASSIGNED	AP1-CS-P01	2026-10-08T16:41:12+0500
alyssaiv	69042	ASSIGNED	AP1-CS-T03	2026-10-08T16:41:12+0500
alyssaiv	69043	ASSIGNED	AP1-CS-T04B	2026-10-08T16:41:12+0500
alyssaiv	69044	ASSIGNED	AP1-CS-T05B	2026-10-08T16:41:12+0500
alyssaiv	69045	ASSIGNED	AP1-Go-T01	2026-10-08T16:41:12+0500
alyssaiv	69046	ASSIGNED	AP1-Go-T02	2026-10-08T16:41:12+0500
alyssaiv	69047	ASSIGNED	AP1-Go-P01	2026-10-08T16:41:12+0500
alyssaiv	69048	ASSIGNED	AP1-Go-T03	2026-10-08T16:41:12+0500
alyssaiv	69049	ASSIGNED	AP1-Go-T04B	2026-10-08T16:41:12+0500
alyssaiv	69051	ASSIGNED	AP1-Go-T05B	2026-10-08T16:41:12+0500
alyssaiv	69052	ASSIGNED	C7_BrickGame_v1.0	2026-10-08T16:41:12+0500
alyssaiv	69053	ASSIGNED	CPP3_BrickGame_v2.0	2026-10-08T16:41:12+0500
alyssaiv	69055	ASSIGNED	AP2_BrickGame_v3.0_Python	2026-10-08T16:41:12+0500
alyssaiv	69056	ASSIGNED	AP2_BrickGame_v3.0_Jv	2026-10-08T16:41:12+0500
alyssaiv	69057	ASSIGNED	AP2_BrickGame v3.0_JS	2026-10-08T16:41:12+0500
alyssaiv	69058	ASSIGNED	AP2_BrickGame_v3.0_Go	2026-10-08T16:41:12+0500
alyssaiv	69059	ASSIGNED	AP2_BrickGame_v3.0_C#	2026-10-08T16:41:12+0500
alyssaiv	69060	ASSIGNED	AP2_BrickGame_v3.0_Kt	2026-10-08T16:41:12+0500
alyssaiv	69061	ASSIGNED	AP2_BrickGame_v3.0_Sw	2026-10-08T16:41:12+0500
alyssaiv	69062	ACCEPTED	AP1-Jv-T01	2026-10-08T16:41:12+0500
alyssaiv	69063	ACCEPTED	AP1-Jv-T02	2026-10-08T16:41:12+0500
alyssaiv	69064	ACCEPTED	AP1-Jv-P01	2026-10-08T16:41:12+0500
alyssaiv	69065	ACCEPTED	AP1-Jv-T03	2026-10-08T16:41:12+0500
alyssaiv	69066	ACCEPTED	AP1-Jv-T04B	2026-10-08T16:41:12+0500
alyssaiv	69067	ACCEPTED	AP1-Jv-T05B	2026-10-08T16:41:12+0500
alyssaiv	69068	ASSIGNED	AP1-Jv-T04M	2026-10-08T16:41:12+0500
alyssaiv	69069	ASSIGNED	AP1-Jv-T05M	2026-10-08T16:41:12+0500
alyssaiv	69070	ASSIGNED	AP1-JS-T01	2026-10-08T16:41:12+0500
alyssaiv	69071	ASSIGNED	AP1-JS-T02	2026-10-08T16:41:12+0500
alyssaiv	69072	ASSIGNED	AP1-JS-P01	2026-10-08T16:41:12+0500
alyssaiv	69073	ASSIGNED	AP1-JS-T03	2026-10-08T16:41:12+0500
alyssaiv	69074	ASSIGNED	AP1-JS-T04F	2026-10-08T16:41:12+0500
alyssaiv	69075	ASSIGNED	AP1-JS-T05F	2026-10-08T16:41:12+0500
alyssaiv	69076	ASSIGNED	AP1-JS-T04B	2026-10-08T16:41:12+0500
alyssaiv	69077	ASSIGNED	AP1-JS-T05B	2026-10-08T16:41:12+0500
alyssaiv	69078	ACCEPTED	AP1-Kt-T01	2026-10-08T16:41:12+0500
alyssaiv	69079	ACCEPTED	AP1-Kt-T02	2026-10-08T16:41:12+0500
alyssaiv	69080	ACCEPTED	AP1-Kt-P01	2026-10-08T16:41:12+0500
alyssaiv	69081	ACCEPTED	AP1-Kt-T03	2026-10-08T16:41:12+0500
alyssaiv	69082	ASSIGNED	AP1-Kt-T04M	2026-10-08T16:41:12+0500
alyssaiv	69083	ASSIGNED	AP1-Kt-T05M	2026-10-08T16:41:12+0500
alyssaiv	69084	ACCEPTED	AP1-Kt-T04B	2026-10-08T16:41:12+0500
alyssaiv	69085	ACCEPTED	AP1-Kt-T05B	2026-10-08T16:41:12+0500
alyssaiv	69086	IN_PROGRESS	AP1-Py-T01	2026-10-08T16:41:12+0500
alyssaiv	69087	ASSIGNED	AP1-Py-T02	2026-10-08T16:41:12+0500
alyssaiv	69088	ASSIGNED	AP1-Py-P01	2026-10-08T16:41:12+0500
alyssaiv	69089	ASSIGNED	AP1-Py-T04B	2026-10-08T16:41:12+0500
alyssaiv	69090	ASSIGNED	AP1-Py-T03	2026-10-08T16:41:12+0500
alyssaiv	69091	ASSIGNED	AP1-Py-T05B	2026-10-08T16:41:12+0500
alyssaiv	69094	ASSIGNED	AP1-Sw-T01	2026-10-08T16:41:12+0500
alyssaiv	69096	ASSIGNED	AP1-Sw-T02	2026-10-08T16:41:12+0500
alyssaiv	69097	ASSIGNED	AP1-Sw-P01	2026-10-08T16:41:12+0500
alyssaiv	69098	ASSIGNED	AP1-Sw-T03	2026-10-08T16:41:12+0500
alyssaiv	69099	ASSIGNED	AP1-Sw-T04M	2026-10-08T16:41:12+0500
alyssaiv	69100	ASSIGNED	AP1-Sw-T05M	2026-10-08T16:41:12+0500
alyssaiv	69101	ASSIGNED	AP1-Sw-T04B	2026-10-08T16:41:12+0500
alyssaiv	69102	ASSIGNED	AP1-Sw-T05B	2026-10-08T16:41:12+0500
alyssaiv	69103	REGISTERED	A1_Maze_C	2026-10-08T16:41:12+0500
alyssaiv	69104	ASSIGNED	A2_SimpleNavigator_v1.0_C	2026-10-08T16:41:12+0500
alyssaiv	69105	ASSIGNED	A3_Parallels_C	2026-10-08T16:41:12+0500
alyssaiv	69106	REGISTERED	A4_Crypto_C	2026-10-08T16:41:12+0500
alyssaiv	69107	ASSIGNED	A5_s21_memory_C	2026-10-08T16:41:12+0500
alyssaiv	69108	ASSIGNED	A6_Transactions_C	2026-10-08T16:41:12+0500
alyssaiv	69109	ASSIGNED	A7_DNA_Analyzer_C	2026-10-08T16:41:12+0500
alyssaiv	69110	ASSIGNED	A8_Algorithmic_trading_C	2026-10-08T16:41:12+0500
alyssaiv	69113	ACCEPTED	A1_Maze_CPP	2026-10-08T16:41:12+0500
alyssaiv	69114	REGISTERED	A1_Maze_Py	2026-10-08T16:41:12+0500
alyssaiv	69115	ASSIGNED	A1_Maze_Go	2026-10-08T16:41:12+0500
alyssaiv	69116	ACCEPTED	A1_Maze_Jv	2026-10-08T16:41:12+0500
alyssaiv	69117	ASSIGNED	A1_Maze_JS	2026-10-08T16:41:12+0500
alyssaiv	69118	REGISTERED	A1_Maze_C#	2026-10-08T16:41:12+0500
alyssaiv	69119	ACCEPTED	A1_Maze_Kt	2026-10-08T16:41:12+0500
alyssaiv	69120	ASSIGNED	A1_Maze_Sw	2026-10-08T16:41:12+0500
alyssaiv	69121	ACCEPTED	A2_SimpleNavigator_v1.0_CPP	2026-10-08T16:41:12+0500
alyssaiv	69122	ASSIGNED	A2_SimpleNavigator_v1.0_Py	2026-10-08T16:41:12+0500
alyssaiv	69123	ASSIGNED	A2_SimpleNavigator_v1.0_Go	2026-10-08T16:41:12+0500
alyssaiv	69124	ACCEPTED	A2_SimpleNavigator_v1.0_Jv	2026-10-08T16:41:12+0500
alyssaiv	69125	ASSIGNED	A2_SimpleNavigator_v1.0_JS	2026-10-08T16:41:12+0500
alyssaiv	69126	ASSIGNED	A2_SimpleNavigator_v1.0_C#	2026-10-08T16:41:12+0500
alyssaiv	69127	ACCEPTED	A2_SimpleNavigator_v1.0_Kt	2026-10-08T16:41:12+0500
alyssaiv	69128	ASSIGNED	A2_SimpleNavigator_v1.0_Sw	2026-10-08T16:41:12+0500
alyssaiv	69140	ASSIGNED	IOS1_UIKit	2026-10-08T16:41:12+0500
alyssaiv	69188	ACCEPTED	APJ_Ex-t	2026-10-08T16:41:12+0500
alyssaiv	69205	ASSIGNED	AND1_Activity	2026-10-08T16:41:12+0500
alyssaiv	69277	ASSIGNED	APG_Ex-t	2026-10-08T16:41:12+0500
alyssaiv	69278	FAILED	APCS_Ex-t	2026-10-08T16:41:12+0500
alyssaiv	69279	ACCEPTED	APP_Ex-t	2026-10-08T16:41:12+0500
alyssaiv	69280	ASSIGNED	APJS_Ex-t	2026-10-08T16:41:12+0500
alyssaiv	69281	ASSIGNED	APS_Ex-t	2026-10-08T16:41:12+0500
alyssaiv	69282	ACCEPTED	APK_Ex-t	2026-10-08T16:41:12+0500
alyssaiv	69337	ACCEPTED	PjM1_ProjPM	2026-10-08T16:41:12+0500
alyssaiv	69372	ASSIGNED	PjM2_LifeCycle	2026-10-08T16:41:12+0500
alyssaiv	69373	ASSIGNED	PjM3_BasicM	2026-10-08T16:41:12+0500
alyssaiv	69463	ASSIGNED	AND2_Async operations	2026-10-08T16:41:12+0500
alyssaiv	69464	ASSIGNED	AND3_Custom View	2026-10-08T16:41:12+0500
alyssaiv	69465	ASSIGNED	AND4_Notification	2026-10-08T16:41:12+0500
alyssaiv	69466	ASSIGNED	AND5_OpenGL	2026-10-08T16:41:12+0500
alyssaiv	69467	ASSIGNED	AND6_Test	2026-10-08T16:41:12+0500
alyssaiv	69468	ASSIGNED	AND7_Gradle	2026-10-08T16:41:12+0500
alyssaiv	69469	ASSIGNED	AND8_Compose	2026-10-08T16:41:12+0500
alyssaiv	69478	ASSIGNED	IOS2_SwiftUI	2026-10-08T16:41:12+0500
alyssaiv	69534	ASSIGNED	IOS5_Maps	2026-10-08T16:41:12+0500
alyssaiv	69535	ASSIGNED	IOS6_Additional	2026-10-08T16:41:12+0500
alyssaiv	69538	ASSIGNED	IOS3_Network	2026-10-08T16:41:12+0500
alyssaiv	69539	ASSIGNED	IOS4_DataStorage	2026-10-08T16:41:12+0500
alyssaiv	69540	ACCEPTED	BSA00_Decomposition	2026-10-08T16:41:12+0500
alyssaiv	69541	ACCEPTED	BSA1_Stakeholders	2026-10-08T16:41:12+0500
alyssaiv	69542	ACCEPTED	BSA2_Requirements	2026-10-08T16:41:12+0500
alyssaiv	69543	ACCEPTED	BSA3_HowToRequirements	2026-10-08T16:41:12+0500
alyssaiv	69544	ACCEPTED	BSA4_Domains	2026-10-08T16:41:12+0500
alyssaiv	69545	ACCEPTED	BSA5_Diagrams	2026-10-08T16:41:12+0500
alyssaiv	69546	ACCEPTED	BSA6_BPMN	2026-10-08T16:41:12+0500
alyssaiv	69547	ACCEPTED	BSA7_UserStory	2026-10-08T16:41:12+0500
alyssaiv	69548	ACCEPTED	BSA8_UseCase	2026-10-08T16:41:12+0500
alyssaiv	69549	ACCEPTED	BSA9_Objects and Roles	2026-10-08T16:41:12+0500
alyssaiv	69550	ACCEPTED	BSA10_FR Design	2026-10-08T16:41:12+0500
alyssaiv	69551	ACCEPTED	BSA11_UserInterfaces	2026-10-08T16:41:12+0500
alyssaiv	69552	ACCEPTED	BSA12_NFRs	2026-10-08T16:41:12+0500
alyssaiv	69553	ACCEPTED	BSA13_ReqMgmt	2026-10-08T16:41:12+0500
alyssaiv	69554	ACCEPTED	BSA14_SystemIntegration	2026-10-08T16:41:12+0500
alyssaiv	69555	ACCEPTED	BSA15_REST	2026-10-08T16:41:12+0500
alyssaiv	69556	ACCEPTED	BSA16_SOAP	2026-10-08T16:41:12+0500
alyssaiv	69627	ACCEPTED	CT9_Educational way	2026-10-08T16:41:12+0500
alyssaiv	69676	ASSIGNED	IOS7_Test	2026-10-08T16:41:12+0500
alyssaiv	70735	ASSIGNED	A3_Parallels_CPP	2026-10-08T16:41:12+0500
alyssaiv	70736	ASSIGNED	A3_Parallels_Py	2026-10-08T16:41:12+0500
alyssaiv	70737	ASSIGNED	A3_Parallels_Go	2026-10-08T16:41:12+0500
alyssaiv	70738	REGISTERED	A3_Parallels_Jv	2026-10-08T16:41:12+0500
alyssaiv	70739	ASSIGNED	A3_Parallels_JS	2026-10-08T16:41:12+0500
alyssaiv	70740	ASSIGNED	A3_Parallels_C#	2026-10-08T16:41:12+0500
alyssaiv	70741	REGISTERED	A3_Parallels_Kt	2026-10-08T16:41:12+0500
alyssaiv	70742	ASSIGNED	A3_Parallels_Sw	2026-10-08T16:41:12+0500
alyssaiv	70756	ASSIGNED	A5_s21_memory_CPP	2026-10-08T16:41:12+0500
alyssaiv	70757	ASSIGNED	A4_Crypto_CPP	2026-10-08T16:41:12+0500
alyssaiv	70758	ASSIGNED	A4_Crypto_Py	2026-10-08T16:41:12+0500
alyssaiv	70759	ASSIGNED	A4_Crypto_Go	2026-10-08T16:41:12+0500
alyssaiv	70760	ASSIGNED	A4_Crypto_Jv	2026-10-08T16:41:12+0500
alyssaiv	70761	ASSIGNED	A4_Crypto_JS	2026-10-08T16:41:12+0500
alyssaiv	70762	ASSIGNED	A4_Crypto_C#	2026-10-08T16:41:12+0500
alyssaiv	70763	ASSIGNED	A4_Crypto_Kt	2026-10-08T16:41:12+0500
alyssaiv	70764	ASSIGNED	A4_Crypto_Sw	2026-10-08T16:41:12+0500
alyssaiv	70767	ASSIGNED	A6_Transactions_CPP	2026-10-08T16:41:12+0500
alyssaiv	70768	ASSIGNED	A6_Transactions_Py	2026-10-08T16:41:12+0500
alyssaiv	70769	ASSIGNED	A6_Transactions_Go	2026-10-08T16:41:12+0500
alyssaiv	70770	REGISTERED	A6_Transactions_Jv	2026-10-08T16:41:12+0500
alyssaiv	70771	ASSIGNED	A6_Transactions_JS	2026-10-08T16:41:12+0500
alyssaiv	70772	ASSIGNED	A6_Transactions_C#	2026-10-08T16:41:12+0500
alyssaiv	70773	IN_PROGRESS	A6_Transactions_Kt	2026-10-08T16:41:12+0500
alyssaiv	70774	ASSIGNED	A6_Transactions_Sw	2026-10-08T16:41:12+0500
alyssaiv	70781	ASSIGNED	A7_DNA_Analyzer_CPP	2026-10-08T16:41:12+0500
alyssaiv	70782	ASSIGNED	A7_DNA Analyzer_Py	2026-10-08T16:41:12+0500
alyssaiv	70783	ASSIGNED	A7_DNA_Analyzer_Go	2026-10-08T16:41:12+0500
alyssaiv	70784	IN_PROGRESS	A7_DNA Analyzer_Jv	2026-10-08T16:41:12+0500
alyssaiv	70785	ASSIGNED	A7_DNA Analyzer_JS	2026-10-08T16:41:12+0500
alyssaiv	70786	ASSIGNED	A7_DNA_Analyzer_C#	2026-10-08T16:41:12+0500
alyssaiv	70787	IN_PROGRESS	A7_DNA_Analyzer_Kt	2026-10-08T16:41:12+0500
alyssaiv	70788	ASSIGNED	A7_DNA_Analyzer_Sw	2026-10-08T16:41:12+0500
alyssaiv	70795	ASSIGNED	A8_Algorithmic_trading_CPP	2026-10-08T16:41:12+0500
alyssaiv	70796	ASSIGNED	A8_Algorithmic trading_Py	2026-10-08T16:41:12+0500
alyssaiv	70797	ASSIGNED	A8_Algorithmic_trading_Go	2026-10-08T16:41:12+0500
alyssaiv	70798	REGISTERED	A8_Algorithmic trading_Jv	2026-10-08T16:41:12+0500
alyssaiv	70799	ASSIGNED	A8_Algorithmic trading_JS	2026-10-08T16:41:12+0500
alyssaiv	70800	ASSIGNED	A8_Algorithmic_trading_C#	2026-10-08T16:41:12+0500
alyssaiv	70801	REGISTERED	A8_Algorithmic_trading_Kt	2026-10-08T16:41:12+0500
alyssaiv	70802	ASSIGNED	A8_Algorithmic_trading_Sw	2026-10-08T16:41:12+0500
alyssaiv	70843	ASSIGNED	AP5_BrickGame_v4.0_Python	2026-10-08T16:41:12+0500
alyssaiv	70844	ASSIGNED	AP5_BrickGame_v4.0_C#	2026-10-08T16:41:12+0500
alyssaiv	70845	ASSIGNED	AP5_BrickGame_v4.0_Jv	2026-10-08T16:41:12+0500
alyssaiv	70846	ASSIGNED	AP5_BrickGame_v4.0_JS	2026-10-08T16:41:12+0500
alyssaiv	70847	ASSIGNED	AP5_BrickGame_v4.0_Go	2026-10-08T16:41:12+0500
alyssaiv	70848	ASSIGNED	AP5_BrickGame_v4.0_Kt	2026-10-08T16:41:12+0500
alyssaiv	70849	ASSIGNED	AP5_BrickGame_v4.0_Sw	2026-10-08T16:41:12+0500
alyssaiv	70922	IN_PROGRESS	PG1_Pangolin	2026-10-08T16:41:12+0500
alyssaiv	71028	IN_PROGRESS	CbS1_Networking_basics_Part 1	2026-10-08T16:41:12+0500
alyssaiv	71029	ASSIGNED	CbS2_Networking_basics_Part 2	2026-10-08T16:41:12+0500
alyssaiv	71030	ASSIGNED	CbS3_Networking_basics_Part 3	2026-10-08T16:41:12+0500
alyssaiv	71031	ASSIGNED	CbS4_Networking_basics_Part 4	2026-10-08T16:41:12+0500
alyssaiv	71032	ASSIGNED	CbS5_Linux_basics	2026-10-08T16:41:12+0500
alyssaiv	71033	ASSIGNED	CbS6_Windows_basics	2026-10-08T16:41:12+0500
alyssaiv	71034	ASSIGNED	CbS8_Crypto_symmetric	2026-10-08T16:41:12+0500
alyssaiv	71035	ASSIGNED	CbS7_Crypto_intro	2026-10-08T16:41:12+0500
alyssaiv	71036	ASSIGNED	CbS9_Crypto_asymmetric	2026-10-08T16:41:12+0500
alyssaiv	71037	ASSIGNED	CbS10_Data_channel_protection	2026-10-08T16:41:12+0500
alyssaiv	71039	ASSIGNED	CbS12_Network_attacks	2026-10-08T16:41:12+0500
alyssaiv	71040	ASSIGNED	CbS13_Threat_detection_principles	2026-10-08T16:41:12+0500
alyssaiv	71041	ASSIGNED	CbS14_Designing_secure_networks	2026-10-08T16:41:12+0500
alyssaiv	71042	ASSIGNED	CbS15_IS_legislation	2026-10-08T16:41:12+0500
alyssaiv	71043	ASSIGNED	CbS16_Project_lifecycle	2026-10-08T16:41:12+0500
alyssaiv	71044	ASSIGNED	CbS17_Physical_security	2026-10-08T16:41:12+0500
alyssaiv	71045	ASSIGNED	CbS18_Social_engineering	2026-10-08T16:41:12+0500
alyssaiv	71963	ACCEPTED	QA1_Foundation	2026-10-08T16:41:12+0500
alyssaiv	71971	ACCEPTED	QA2_Test artifacts	2026-10-08T16:41:12+0500
alyssaiv	72004	REGISTERED	AP4_Info21 v2.0 Web_Python 	2026-10-08T16:41:12+0500
alyssaiv	72005	REGISTERED	AP4_Info21 v2.0 Web_Jv	2026-10-08T16:41:12+0500
alyssaiv	72006	ASSIGNED	AP4_Info21 v2.0 Web_JS	2026-10-08T16:41:12+0500
alyssaiv	72007	ASSIGNED	AP4_Info21 v2.0 Web_Go	2026-10-08T16:41:12+0500
alyssaiv	72008	REGISTERED	AP4_Info21 v2.0 Web_C#	2026-10-08T16:41:12+0500
alyssaiv	72009	REGISTERED	AP4_Info21 v2.0 Web_Kt	2026-10-08T16:41:12+0500
alyssaiv	72010	ASSIGNED	AP4_Info21 v2.0 Web_Sw	2026-10-08T16:41:12+0500
alyssaiv	72011	REGISTERED	AP6_RetailAnalitycs v2.0 Web_Jv	2026-10-08T16:41:12+0500
alyssaiv	72012	REGISTERED	AP6_RetailAnalitycs v2.0 Web_Python	2026-10-08T16:41:12+0500
alyssaiv	72013	ASSIGNED	AP6_RetailAnalitycs v2.0 Web_JS	2026-10-08T16:41:12+0500
alyssaiv	72015	ASSIGNED	AP6_RetailAnalitycs v2.0 Web_Go	2026-10-08T16:41:12+0500
alyssaiv	72016	REGISTERED	AP6_RetailAnalitycs v2.0 Web_C#	2026-10-08T16:41:12+0500
alyssaiv	72026	REGISTERED	AP6_RetailAnalitycs v2.0 Web_Kt	2026-10-08T16:41:12+0500
alyssaiv	72027	ASSIGNED	AP6_RetailAnalitycs v2.0 Web_Sw	2026-10-08T16:41:12+0500
alyssaiv	72160	ASSIGNED	AP3_SpecialtyCoffee_Python	2026-10-08T16:41:12+0500
alyssaiv	72161	ASSIGNED	AP3_SpecialtyCoffee_Jv	2026-10-08T16:41:12+0500
alyssaiv	72164	ASSIGNED	AP3_SpecialtyCoffee_JS	2026-10-08T16:41:12+0500
alyssaiv	72165	ASSIGNED	AP3_SpecialtyCoffee_Go	2026-10-08T16:41:12+0500
alyssaiv	72166	ASSIGNED	AP3_SpecialtyCoffee_C#	2026-10-08T16:41:12+0500
alyssaiv	72167	ASSIGNED	AP3_SpecialtyCoffee_Kt	2026-10-08T16:41:12+0500
alyssaiv	72168	ASSIGNED	AP3_SpecialtyCoffee_Sw	2026-10-08T16:41:12+0500
alyssaiv	72454	ACCEPTED	BSA_Ex	2026-10-08T16:41:12+0500
alyssaiv	72687	IN_PROGRESS	AQA1_Basics	2026-10-08T16:41:12+0500
alyssaiv	72791	ASSIGNED	CbS11_Enterprise_IT_landscape	2026-10-08T16:41:12+0500
alyssaiv	72880	ACCEPTED	QA3_Test design and test analysis	2026-10-08T16:41:12+0500
alyssaiv	72911	IN_PROGRESS	CT_Part3	2026-10-08T16:41:12+0500
alyssaiv	72919	ASSIGNED	AQA2_API testing	2026-10-08T16:41:12+0500
alyssaiv	72920	ASSIGNED	AQA3_UI Web testing	2026-10-08T16:41:12+0500
alyssaiv	72935	ACCEPTED	QA4_Types and levels of testing	2026-10-08T16:41:12+0500
alyssaiv	72939	ACCEPTED	QA5_Defects	2026-10-08T16:41:12+0500
alyssaiv	72944	ACCEPTED	QA6_Web testing	2026-10-08T16:41:12+0500
alyssaiv	72946	ACCEPTED	QA7_Backend testing	2026-10-08T16:41:12+0500
alyssaiv	72957	ACCEPTED	QA8_Mobile testing	2026-10-08T16:41:12+0500
alyssaiv	72958	ACCEPTED	QA9_Basics of Web Security	2026-10-08T16:41:12+0500
alyssaiv	72998	ASSIGNED	AQA4_Mobile testing	2026-10-08T16:41:12+0500
alyssaiv	73030	ASSIGNED	CT1_Self-determination	2026-10-08T16:41:12+0500
alyssaiv	73031	ASSIGNED	CT2_Dream job	2026-10-08T16:41:12+0500
alyssaiv	73032	ASSIGNED	CT3_CV Resume	2026-10-08T16:41:12+0500
alyssaiv	73033	ASSIGNED	CT4_Interview	2026-10-08T16:41:12+0500
alyssaiv	73034	ASSIGNED	CT5_Teamwork	2026-10-08T16:41:12+0500
alyssaiv	73035	ASSIGNED	CT6_Corporate culture	2026-10-08T16:41:12+0500
alyssaiv	73036	ASSIGNED	CT7_Corporate Communication	2026-10-08T16:41:12+0500
alyssaiv	73037	ASSIGNED	CT8_Career planning	2026-10-08T16:41:12+0500
alyssaiv	73202	ACCEPTED	SberJv1_Team Git workflow	2026-10-08T16:41:12+0500
alyssaiv	73204	ACCEPTED	SberJv2_Setup	2026-10-08T16:41:12+0500
alyssaiv	73205	ASSIGNED	QA_Ex	2026-10-08T16:41:12+0500
alyssaiv	73206	ACCEPTED	SberJv3_Clean code	2026-10-08T16:41:12+0500
alyssaiv	73207	ASSIGNED	SberJv5_Observability	2026-10-08T16:41:12+0500
alyssaiv	73209	ASSIGNED	SberJv6_DB Performance	2026-10-08T16:41:12+0500
alyssaiv	73210	ASSIGNED	BInf1_PlasmidQC	2026-10-08T16:41:12+0500
alyssaiv	73212	ASSIGNED	BInf2_HBBScan	2026-10-08T16:41:12+0500
alyssaiv	73216	ASSIGNED	BInf3_GenomeMatch	2026-10-08T16:41:12+0500
alyssaiv	73226	ASSIGNED	BInf4_FLM splice	2026-10-08T16:41:12+0500
alyssaiv	73227	ASSIGNED	BInf5_Soma align	2026-10-08T16:41:12+0500
alyssaiv	73228	ASSIGNED	BInf6_BlaNDM1 resist	2026-10-08T16:41:12+0500
alyssaiv	73229	ASSIGNED	BInf7_RbcL evolution	2026-10-08T16:41:12+0500
alyssaiv	73230	ASSIGNED	BInf8_SNP SUC2 Osm	2026-10-08T16:41:12+0500
alyssaiv	73232	ASSIGNED	BInf10_Plasmid Resist	2026-10-08T16:41:12+0500
alyssaiv	73235	ASSIGNED	BInf13_EcoliPhylo	2026-10-08T16:41:12+0500
alyssaiv	73243	ASSIGNED	UX/UI2_UX Design 	2026-10-08T16:41:12+0500
alyssaiv	73244	ASSIGNED	UX/UI3_UI Design 	2026-10-08T16:41:12+0500
alyssaiv	73245	ASSIGNED	UX/UI4_Design&UI kit	2026-10-08T16:41:12+0500
alyssaiv	73246	ASSIGNED	UX/UI5_Prototyp&test	2026-10-08T16:41:12+0500
alyssaiv	73247	ASSIGNED	UX/UI6_Website builder	2026-10-08T16:41:12+0500
alyssaiv	73254	ASSIGNED	UX/UI10_Mobile application	2026-10-08T16:41:12+0500
alyssaiv	73260	ASSIGNED	AI1_Agent 	2026-10-08T16:41:12+0500
alyssaiv	73277	ASSIGNED	PjM5_ReqGather	2026-10-08T16:41:12+0500
alyssaiv	73278	ASSIGNED	PjM4_PjMTools	2026-10-08T16:41:12+0500
alyssaiv	73279	IN_PROGRESS	SberJv4_Reliability	2026-10-08T16:41:12+0500
alyssaiv	73282	ASSIGNED	PjM8_RisksMng	2026-10-08T16:41:12+0500
alyssaiv	73283	ASSIGNED	PjM9_PlanStr	2026-10-08T16:41:12+0500
alyssaiv	73284	ASSIGNED	PjM10_EffPlan	2026-10-08T16:41:12+0500
alyssaiv	73285	ASSIGNED	PjM11_Backlog	2026-10-08T16:41:12+0500
alyssaiv	73286	ASSIGNED	PjM12_Budget	2026-10-08T16:41:12+0500
alyssaiv	73287	ASSIGNED	PjM13_BusCorr	2026-10-08T16:41:12+0500
alyssaiv	73290	ASSIGNED	PjM16_TeamCom	2026-10-08T16:41:12+0500
alyssaiv	73292	ASSIGNED	PjM18_Analytic	2026-10-08T16:41:12+0500
alyssaiv	73293	ASSIGNED	PjM19_ProtDsgn	2026-10-08T16:41:12+0500
alyssaiv	73294	ASSIGNED	PjM20_FrontBack	2026-10-08T16:41:12+0500
alyssaiv	73295	ASSIGNED	PjM21_ITInfStruct	2026-10-08T16:41:12+0500
alyssaiv	73297	ASSIGNED	UX/UI1_Intro	2026-10-08T16:41:12+0500
alyssaiv	73298	ASSIGNED	PjM_Ex	2026-10-08T16:41:12+0500
alyssaiv	73300	ASSIGNED	DSB1_UNIX_Command_Line_Tools_DELETE	2026-10-08T16:41:12+0500
alyssaiv	73301	ASSIGNED	DSB2_Syntax&Semantics	2026-10-08T16:41:12+0500
alyssaiv	73302	ASSIGNED	DSB3_OOP skills	2026-10-08T16:41:12+0500
alyssaiv	73303	ASSIGNED	DSB4_Package management	2026-10-08T16:41:12+0500
alyssaiv	73304	ASSIGNED	DSB5_Efficient code practices	2026-10-08T16:41:12+0500
alyssaiv	73305	ASSIGNED	DSB6_MovieLens Analytics	2026-10-08T16:41:12+0500
alyssaiv	73306	ASSIGNED	DSB7_Pandas	2026-10-08T16:41:12+0500
alyssaiv	73307	ASSIGNED	DSB8_SQL&Pandas	2026-10-08T16:41:12+0500
alyssaiv	73308	ASSIGNED	DSB9_Pandas_SQL& Data Visual	2026-10-08T16:41:12+0500
alyssaiv	73309	ASSIGNED	DSB10_Intro to ML	2026-10-08T16:41:12+0500
alyssaiv	73310	ASSIGNED	DSB11_ML: Advanced	2026-10-08T16:41:12+0500
alyssaiv	73311	ASSIGNED	DSB12_Food&nutrition	2026-10-08T16:41:12+0500
alyssaiv	73366	ASSIGNED	UX/UI7_Transferring layouts	2026-10-08T16:41:12+0500
alyssaiv	73367	ASSIGNED	UX/UI8_Team processes	2026-10-08T16:41:12+0500
alyssaiv	73368	ASSIGNED	UX/UI9_Formation of requirements	2026-10-08T16:41:12+0500
alyssaiv	73375	ASSIGNED	UX/UI11_Interface creation	2026-10-08T16:41:12+0500
alyssaiv	73376	ASSIGNED	UX/UI12_Portfolio	2026-10-08T16:41:12+0500
alyssaiv	73381	ASSIGNED	PjM6_ProAnalysis	2026-10-08T16:41:12+0500
alyssaiv	73382	ASSIGNED	PjM7_UserStory	2026-10-08T16:41:12+0500
alyssaiv	73396	ASSIGNED	BInf9_HY5 StemMut	2026-10-08T16:41:12+0500
alyssaiv	73398	ASSIGNED	BInf11_SNP screen	2026-10-08T16:41:12+0500
alyssaiv	73399	ASSIGNED	BInf12_Diagnostic pipeline	2026-10-08T16:41:12+0500
alyssaiv	73400	ASSIGNED	BInf14_BRCA1 evolution	2026-10-08T16:41:12+0500
alyssaiv	73401	ASSIGNED	BInf15_ESBL Resistome	2026-10-08T16:41:12+0500
alyssaiv	73402	ASSIGNED	BInf16_CFTR genotyping	2026-10-08T16:41:12+0500
alyssaiv	73430	ASSIGNED	PjM22_CompPro	2026-10-08T16:41:12+0500
alyssaiv	73446	ASSIGNED	UX/UI_Ex	2026-10-08T16:41:12+0500
alyssaiv	73461	ASSIGNED	PjM14_EffNeg	2026-10-08T16:41:12+0500
alyssaiv	73462	ASSIGNED	PjM15_PubApp	2026-10-08T16:41:12+0500
alyssaiv	73463	ACCEPTED	PM1_PMStarterPack	2026-10-08T16:41:12+0500
alyssaiv	73465	IN_PROGRESS	PM2_MetricsDriven	2026-10-08T16:41:12+0500
alyssaiv	73466	ASSIGNED	PM3_UnitEconomics	2026-10-08T16:41:12+0500
alyssaiv	73467	ASSIGNED	PM4_ResearchCycle	2026-10-08T16:41:12+0500
alyssaiv	73468	ASSIGNED	PM5_DesignDriven	2026-10-08T16:41:12+0500
alyssaiv	73473	ASSIGNED	PM6_UserRetention	2026-10-08T16:41:12+0500
alyssaiv	73474	ASSIGNED	PM7_DiscoveryCycles	2026-10-08T16:41:12+0500
alyssaiv	73475	ASSIGNED	PM8_DevToProd	2026-10-08T16:41:12+0500
alyssaiv	73476	ASSIGNED	PM9_TrafficToSale	2026-10-08T16:41:12+0500
alyssaiv	73477	ASSIGNED	PM10_SoloShip	2026-10-08T16:41:12+0500
alyssaiv	73478	ASSIGNED	PjM17_TeamMng	2026-10-08T16:41:12+0500
alyssaiv	73494	ACCEPTED	Core_Strategy	2026-10-08T16:41:12+0500
alyssaiv	73542	ASSIGNED	PM_Ex	2026-10-08T16:41:12+0500
alyssaiv	73604	IN_PROGRESS	AIE1_Request Router	2026-10-08T16:41:12+0500
alyssaiv	73605	ASSIGNED	AIE2_JSON Logs Parser	2026-10-08T16:41:12+0500
alyssaiv	73606	ASSIGNED	AIE3_Mock API Client	2026-10-08T16:41:12+0500
alyssaiv	73607	ASSIGNED	AIE4_Docs Preprocessing	2026-10-08T16:41:12+0500
alyssaiv	73608	ASSIGNED	AIE5_Rule FAQ Bot	2026-10-08T16:41:12+0500
alyssaiv	73609	ASSIGNED	AIE6_Legacy Code Refactor	2026-10-08T16:41:12+0500
alyssaiv	73610	ASSIGNED	AIE7_Embedding Cache Service	2026-10-08T16:41:12+0500
alyssaiv	73611	ASSIGNED	AIE8_Vector Metadata Store	2026-10-08T16:41:12+0500
alyssaiv	73613	ASSIGNED	AIE10_LLM Gateway Cache	2026-10-08T16:41:12+0500
alyssaiv	73614	ASSIGNED	AIE11_Contract Alignment	2026-10-08T16:41:12+0500
alyssaiv	73615	ASSIGNED	AIE12_First Call Logging	2026-10-08T16:41:12+0500
alyssaiv	73616	ASSIGNED	AIE13_Prompt Strategies Compare	2026-10-08T16:41:12+0500
alyssaiv	73617	ASSIGNED	AIE14_BOT_Hallucination Control Bot	2026-10-08T16:41:12+0500
alyssaiv	73618	ASSIGNED	AIE15_Chunking Strategies	2026-10-08T16:41:12+0500
alyssaiv	73619	ASSIGNED	AIE16_Chroma Hybrid Search	2026-10-08T16:41:12+0500
alyssaiv	73621	ASSIGNED	AIE18_Incremental Index Update	2026-10-08T16:41:12+0500
alyssaiv	73622	ASSIGNED	AIE19_Product Analytics Suite	2026-10-08T16:41:12+0500
alyssaiv	73623	ASSIGNED	AIE20_Requirements Analysis	2026-10-08T16:41:12+0500
alyssaiv	73624	ASSIGNED	AIE21_Prompt Defence Red	2026-10-08T16:41:12+0500
alyssaiv	73625	ASSIGNED	AIE22_Enterprise Integration Map	2026-10-08T16:41:12+0500
alyssaiv	73626	ASSIGNED	AIE23_Tool Agent RAG	2026-10-08T16:41:12+0500
alyssaiv	73628	ASSIGNED	AIE25_Agents Subagents	2026-10-08T16:41:12+0500
alyssaiv	73629	ASSIGNED	AIE26_Production AI Assistant	2026-10-08T16:41:12+0500
alyssaiv	73632	ASSIGNED	AIE9_Async Text Classifier	2026-10-08T16:41:12+0500
alyssaiv	73633	ASSIGNED	AIE17_Full RAG Citations	2026-10-08T16:41:12+0500
alyssaiv	73634	ASSIGNED	AIE24_Server n8n Workflow	2026-10-08T16:41:12+0500
alyssaiv	73636	IN_PROGRESS	TP1_SegmentScan	2026-10-08T16:41:12+0500
alyssaiv	73637	ASSIGNED	TP2_InsightScope	2026-10-08T16:41:12+0500
alyssaiv	73638	ASSIGNED	TP3_ProductConcept	2026-10-08T16:41:12+0500
alyssaiv	73639	ASSIGNED	TP4_ModelFit	2026-10-08T16:41:12+0500
alyssaiv	73640	ASSIGNED	TP5_Unitecon	2026-10-08T16:41:12+0500
alyssaiv	73641	ASSIGNED	TP6_MVPScope	2026-10-08T16:41:12+0500
alyssaiv	73642	ASSIGNED	TP7_MVPBuild	2026-10-08T16:41:12+0500
alyssaiv	73643	ASSIGNED	TP8_MVPDeploy	2026-10-08T16:41:12+0500
alyssaiv	73644	ASSIGNED	TP9_GoToMarket	2026-10-08T16:41:12+0500
alyssaiv	73645	ASSIGNED	TP10_SupportFlow	2026-10-08T16:41:12+0500
alyssaiv	73646	ASSIGNED	TP11_DataLegal	2026-10-08T16:41:12+0500
alyssaiv	73647	ASSIGNED	TP12_Strategy	2026-10-08T16:41:12+0500
alyssaiv	73648	ASSIGNED	TP13_PitchReady	2026-10-08T16:41:12+0500
didielsy	21389	ASSIGNED	APP1 Bootcamp. Day00	2026-10-08T16:41:14+0500
didielsy	21390	ASSIGNED	APP1 Bootcamp. Day01	2026-10-08T16:41:14+0500
didielsy	21412	ASSIGNED	APP1 Bootcamp. Day03	2026-10-08T16:41:14+0500
didielsy	21413	ASSIGNED	APP1 Bootcamp. Day02	2026-10-08T16:41:14+0500
didielsy	21414	ASSIGNED	APP1 Bootcamp. Day04	2026-10-08T16:41:14+0500
didielsy	21415	ASSIGNED	APP1 Bootcamp. Team00	2026-10-08T16:41:14+0500
didielsy	21416	ASSIGNED	APP1 Bootcamp. Day05	2026-10-08T16:41:14+0500
didielsy	21417	ASSIGNED	APP1 Bootcamp. Day06	2026-10-08T16:41:14+0500
didielsy	21418	ASSIGNED	APP1 Bootcamp. Day07	2026-10-08T16:41:14+0500
didielsy	21419	ASSIGNED	APP1 Bootcamp. Day08	2026-10-08T16:41:14+0500
didielsy	21420	ASSIGNED	APP1 Bootcamp. Team01	2026-10-08T16:41:14+0500
didielsy	26477	ACCEPTED	C3_s21_stringplus	2026-10-08T16:41:14+0500
didielsy	26478	ACCEPTED	C2_SimpleBashUtils	2026-10-08T16:41:14+0500
didielsy	26480	ASSIGNED	C4_s21_math	2026-10-08T16:41:14+0500
didielsy	26481	ACCEPTED	C5_s21_decimal	2026-10-08T16:41:14+0500
didielsy	26482	ACCEPTED	C6_s21_matrix	2026-10-08T16:41:14+0500
didielsy	26483	ASSIGNED	SmartCalc_v1.0	2026-10-08T16:41:14+0500
didielsy	26484	ASSIGNED	C8_3DViewer_v1.0	2026-10-08T16:41:14+0500
didielsy	26485	ASSIGNED	CPP1_s21_matrix+	2026-10-08T16:41:14+0500
didielsy	26486	ASSIGNED	CPP2_s21_containers	2026-10-08T16:41:14+0500
didielsy	26487	ASSIGNED	CPP3_SmartCalc_v2.0	2026-10-08T16:41:14+0500
didielsy	26488	ASSIGNED	CPP4_3DViewer_v2.0	2026-10-08T16:41:14+0500
didielsy	26489	ASSIGNED	CPP5_3DViewer_v2.1	2026-10-08T16:41:14+0500
didielsy	26490	ASSIGNED	CPP6_3DViewer_v2.2	2026-10-08T16:41:14+0500
didielsy	26491	ASSIGNED	CPP7_MLP	2026-10-08T16:41:14+0500
didielsy	26492	ASSIGNED	CPP8_PhotoLab_v1.0	2026-10-08T16:41:14+0500
didielsy	26493	ASSIGNED	CPP9_Monitoring System	2026-10-08T16:41:14+0500
didielsy	26557	ACCEPTED	DO1_Linux	2026-10-08T16:41:14+0500
didielsy	26558	ACCEPTED	DO2_Linux Network	2026-10-08T16:41:14+0500
didielsy	26559	ASSIGNED	RetailAnalytics_v2.0_Web_Go	2026-10-08T16:41:14+0500
didielsy	26560	ASSIGNED	SmartCalc_v4.0_Web_Go	2026-10-08T16:41:14+0500
didielsy	26561	ASSIGNED	DO3_LinuxMonitoring v1.0	2026-10-08T16:41:14+0500
didielsy	26562	ASSIGNED	Info21_v2.0_Web_Go	2026-10-08T16:41:14+0500
didielsy	26563	ASSIGNED	DO4_LinuxMonitoring v2.0	2026-10-08T16:41:14+0500
didielsy	26564	ASSIGNED	SimpleWebStudio_v1.0_Go	2026-10-08T16:41:14+0500
didielsy	26565	ACCEPTED	DO5_SimpleDocker	2026-10-08T16:41:14+0500
didielsy	26566	ACCEPTED	DO6_CICD	2026-10-08T16:41:14+0500
didielsy	26567	ASSIGNED	SmartCalc_v3.0 Desktop (Go)	2026-10-08T16:41:14+0500
didielsy	26568	ASSIGNED	Maze	2026-10-08T16:41:14+0500
didielsy	26569	ASSIGNED	SimpleNavigator v1.0	2026-10-08T16:41:14+0500
didielsy	26570	ASSIGNED	RetailAnalytics_v2.0_Web_Python	2026-10-08T16:41:14+0500
didielsy	26571	ASSIGNED	Parallels	2026-10-08T16:41:14+0500
didielsy	26572	ASSIGNED	Crypto	2026-10-08T16:41:14+0500
didielsy	26573	ASSIGNED	SmartCalc_v4.0_Web_Python	2026-10-08T16:41:14+0500
didielsy	26574	ASSIGNED	s21_memory	2026-10-08T16:41:14+0500
didielsy	26575	ASSIGNED	Info21_v2.0_Web_Python	2026-10-08T16:41:14+0500
didielsy	26577	ASSIGNED	DNA Analyzer	2026-10-08T16:41:14+0500
didielsy	26578	ASSIGNED	Algorithmic trading	2026-10-08T16:41:14+0500
didielsy	26579	ASSIGNED	SimpleWebStudio_v1.0_Python	2026-10-08T16:41:14+0500
didielsy	26581	ASSIGNED	SmartCalc_v3.0 Desktop (Python)	2026-10-08T16:41:14+0500
didielsy	26583	ASSIGNED	SQL2_Info21_v1.0	2026-10-08T16:41:14+0500
didielsy	26584	ASSIGNED	RetailAnalytics_v2.0_Web_Java	2026-10-08T16:41:14+0500
didielsy	26585	ASSIGNED	SQL3_RetailAnalitycs v1.0	2026-10-08T16:41:14+0500
didielsy	26586	ASSIGNED	SmartCalc_v4.0_Web_Java	2026-10-08T16:41:14+0500
didielsy	26589	ASSIGNED	Info21_v2.0_Web_Java	2026-10-08T16:41:14+0500
didielsy	26590	ASSIGNED	SmartCalc v3.0 Desktop (C#)	2026-10-08T16:41:14+0500
didielsy	26592	ASSIGNED	SimpleWebStudio v1.0 C#	2026-10-08T16:41:14+0500
didielsy	26593	ASSIGNED	Info21_v2.0_Web_C#	2026-10-08T16:41:14+0500
didielsy	26594	ASSIGNED	SmartCalc v4.0 Web C#	2026-10-08T16:41:14+0500
didielsy	26595	ASSIGNED	SmartCalc_v3.0 Desktop (Java)	2026-10-08T16:41:14+0500
didielsy	26596	ASSIGNED	RetailAnalytics_v2.0_Web_C#	2026-10-08T16:41:14+0500
didielsy	27289	ASSIGNED	DS Healthcare. Project 01 	2026-10-08T16:41:14+0500
didielsy	27290	ASSIGNED	DS Healthcare. Project 02	2026-10-08T16:41:14+0500
didielsy	27292	ASSIGNED	DS Healthcare. Project 03	2026-10-08T16:41:14+0500
didielsy	27295	ASSIGNED	DS Healthcare. Project 04	2026-10-08T16:41:14+0500
didielsy	27298	ASSIGNED	DS Healthcare. Project 05	2026-10-08T16:41:14+0500
didielsy	27299	ASSIGNED	DS Healthcare. Project 06	2026-10-08T16:41:14+0500
didielsy	27364	ASSIGNED	Transactions	2026-10-08T16:41:14+0500
didielsy	27373	ASSIGNED	SimpleWebStudio_v1.0_Java	2026-10-08T16:41:14+0500
didielsy	27711	ASSIGNED	APC1 Bootcamp. Day00	2026-10-08T16:41:14+0500
didielsy	27714	ASSIGNED	APC1 Bootcamp. Day01	2026-10-08T16:41:14+0500
didielsy	27715	ASSIGNED	APC1 Bootcamp. Day02	2026-10-08T16:41:14+0500
didielsy	27716	ASSIGNED	APC1 Bootcamp. Day03	2026-10-08T16:41:14+0500
didielsy	27717	ASSIGNED	APC1 Bootcamp. Day04	2026-10-08T16:41:14+0500
didielsy	27718	ASSIGNED	APC1 Bootcamp. Day05	2026-10-08T16:41:14+0500
didielsy	27719	ASSIGNED	APC1 Bootcamp. Day06	2026-10-08T16:41:14+0500
didielsy	27720	ASSIGNED	APC1 Bootcamp. Day07	2026-10-08T16:41:14+0500
didielsy	27721	ASSIGNED	APC1 Bootcamp. Day08	2026-10-08T16:41:14+0500
didielsy	27723	ASSIGNED	APC1 Bootcamp. Team01	2026-10-08T16:41:14+0500
didielsy	28037	ASSIGNED	APG1 Bootcamp. Day00	2026-10-08T16:41:14+0500
didielsy	28038	ASSIGNED	APG1 Bootcamp.  Day01	2026-10-08T16:41:14+0500
didielsy	28039	ASSIGNED	APG1 Bootcamp. Day02	2026-10-08T16:41:14+0500
didielsy	28040	ASSIGNED	APG1 Bootcamp. Day03	2026-10-08T16:41:14+0500
didielsy	28041	ASSIGNED	APG1 Bootcamp. Day04	2026-10-08T16:41:14+0500
didielsy	28042	ASSIGNED	APG1 Bootcamp.  Day05	2026-10-08T16:41:14+0500
didielsy	28043	ASSIGNED	APG1 Bootcamp.  Day06	2026-10-08T16:41:14+0500
didielsy	28044	ASSIGNED	APG1 Bootcamp. Day07	2026-10-08T16:41:14+0500
didielsy	28045	ASSIGNED	APG1 Bootcamp. Day08	2026-10-08T16:41:14+0500
didielsy	28046	ASSIGNED	APG1 Bootcamp. Day09	2026-10-08T16:41:14+0500
didielsy	28047	ASSIGNED	APG1 Bootcamp. Team00	2026-10-08T16:41:14+0500
didielsy	28048	ASSIGNED	APG1 Bootcamp. Team01	2026-10-08T16:41:14+0500
didielsy	28350	ASSIGNED	APC1 Bootcamp. Team00	2026-10-08T16:41:14+0500
didielsy	40313	ASSIGNED	ROSB1_Intro	2026-10-08T16:41:14+0500
didielsy	40648	ASSIGNED	ROSB2_Advanced node	2026-10-08T16:41:14+0500
didielsy	40649	ASSIGNED	ROSB3_TF library 	2026-10-08T16:41:14+0500
didielsy	40650	ASSIGNED	ROSB4_Robot simulation	2026-10-08T16:41:14+0500
didielsy	40651	ASSIGNED	ROSB5_Robot sensor 	2026-10-08T16:41:14+0500
didielsy	40652	ASSIGNED	ROSB7_Robot mapping	2026-10-08T16:41:14+0500
didielsy	40653	ASSIGNED	ROSB8_Robot navigation	2026-10-08T16:41:14+0500
didielsy	40655	ASSIGNED	ROSB9_MoveIt arm control	2026-10-08T16:41:14+0500
didielsy	40656	ASSIGNED	ROSB10_Computer vision 	2026-10-08T16:41:14+0500
didielsy	40657	ASSIGNED	ROSB11_Robot behaviors 	2026-10-08T16:41:14+0500
didielsy	40658	ASSIGNED	ROSB6_Robot programming	2026-10-08T16:41:14+0500
didielsy	40659	ASSIGNED	ROSB12_Robotics Pro	2026-10-08T16:41:14+0500
didielsy	40886	ASSIGNED	APP1 Bootcamp. Day09	2026-10-08T16:41:14+0500
didielsy	40910	ACCEPTED	SQLB2_Retrieving data	2026-10-08T16:41:14+0500
didielsy	40911	ACCEPTED	SQLB3_Retrieving data deep dive	2026-10-08T16:41:14+0500
didielsy	40912	ACCEPTED	SQLB4_DML	2026-10-08T16:41:14+0500
didielsy	40913	ACCEPTED	SQLB5_Snapshots	2026-10-08T16:41:14+0500
didielsy	40914	ACCEPTED	SQLB7_Database index 	2026-10-08T16:41:14+0500
didielsy	40915	ACCEPTED	SQLB8_Integrating features	2026-10-08T16:41:14+0500
didielsy	40916	ACCEPTED	SQLB9_OLAP	2026-10-08T16:41:14+0500
didielsy	40918	ACCEPTED	SQLB10_Isolation levels	2026-10-08T16:41:14+0500
didielsy	40919	ACCEPTED	SQLB11_Functions and procs	2026-10-08T16:41:14+0500
didielsy	40922	ACCEPTED	SQLB12_Warehouse fundamentals	2026-10-08T16:41:14+0500
didielsy	40964	ACCEPTED	SQLB1_Basics	2026-10-08T16:41:14+0500
didielsy	41377	ASSIGNED	DevOps Exam_DELETE	2026-10-08T16:41:14+0500
didielsy	47708	ACCEPTED	SQLB6_Salesman problem	2026-10-08T16:41:14+0500
didielsy	51184	ASSIGNED	FE1_Browser extensions	2026-10-08T16:41:14+0500
didielsy	51185	ASSIGNED	FE2_Angular framework	2026-10-08T16:41:14+0500
didielsy	51186	ASSIGNED	FE3_Vue framework	2026-10-08T16:41:14+0500
didielsy	51187	ASSIGNED	FE4_CSS and animations	2026-10-08T16:41:14+0500
didielsy	51188	ASSIGNED	FE5_Canvas tag 	2026-10-08T16:41:14+0500
didielsy	51190	ASSIGNED	FE6_WebSocket	2026-10-08T16:41:14+0500
didielsy	51191	ASSIGNED	FE7_Code quality	2026-10-08T16:41:14+0500
didielsy	51202	ASSIGNED	CT2_Dream_job	2026-10-08T16:41:14+0500
didielsy	51205	ASSIGNED	CT1_Self_determination	2026-10-08T16:41:14+0500
didielsy	51210	ASSIGNED	Проект в разработке	2026-10-08T16:41:14+0500
didielsy	51262	ASSIGNED	DB Bootcamp. Day00	2026-10-08T16:41:14+0500
didielsy	51263	ASSIGNED	DB Bootcamp. Day01	2026-10-08T16:41:14+0500
didielsy	51264	ASSIGNED	DB Bootcamp. Day02	2026-10-08T16:41:14+0500
didielsy	51363	ASSIGNED	FEB1_JS	2026-10-08T16:41:14+0500
didielsy	51394	ASSIGNED	FEB2_Native JS	2026-10-08T16:41:14+0500
didielsy	51399	ASSIGNED	FEB3_HTML and CSS	2026-10-08T16:41:14+0500
didielsy	51409	ASSIGNED	FEB4_Advanced Web	2026-10-08T16:41:14+0500
didielsy	51411	ASSIGNED	FEB5_Express framework	2026-10-08T16:41:14+0500
didielsy	51412	ASSIGNED	FEB6_HTML templating	2026-10-08T16:41:14+0500
didielsy	51413	ASSIGNED	DB Bootcamp. Day03	2026-10-08T16:41:14+0500
didielsy	51414	ASSIGNED	FEB7_SeaBattle game	2026-10-08T16:41:14+0500
didielsy	51415	ASSIGNED	FEB8_React	2026-10-08T16:41:14+0500
didielsy	51416	ASSIGNED	FEB9_Memoization	2026-10-08T16:41:14+0500
didielsy	51417	ASSIGNED	FEB10_Data storages	2026-10-08T16:41:14+0500
didielsy	51418	ASSIGNED	FEB11_Routing	2026-10-08T16:41:14+0500
didielsy	51419	ASSIGNED	FEB12_React Redux	2026-10-08T16:41:14+0500
didielsy	51420	ASSIGNED	FEB13_TypeScript	2026-10-08T16:41:14+0500
didielsy	51435	ASSIGNED	DB Bootcamp. Day04	2026-10-08T16:41:14+0500
didielsy	51462	ASSIGNED	FEB14_Web Building	2026-10-08T16:41:14+0500
didielsy	51472	ASSIGNED	EEB1_Basics	2026-10-08T16:41:14+0500
didielsy	51473	ASSIGNED	EEB2_AC circuit analysis	2026-10-08T16:41:14+0500
didielsy	51474	ASSIGNED	EEB3_Circuit calc	2026-10-08T16:41:14+0500
didielsy	51475	ASSIGNED	EEB4_Connection circuits	2026-10-08T16:41:14+0500
didielsy	51476	ASSIGNED	EEB5_Operational amplifiers	2026-10-08T16:41:14+0500
didielsy	51477	ASSIGNED	EEB6_Filters	2026-10-08T16:41:14+0500
didielsy	51478	ASSIGNED	EEB7_Speed control	2026-10-08T16:41:14+0500
didielsy	51479	ASSIGNED	EEB8_Arduino boards	2026-10-08T16:41:14+0500
didielsy	51480	ASSIGNED	EEB9_Module integration	2026-10-08T16:41:14+0500
didielsy	51481	ASSIGNED	EEB10_STM fundamentals	2026-10-08T16:41:14+0500
didielsy	51482	ASSIGNED	EEB11_STM code	2026-10-08T16:41:14+0500
didielsy	51483	ASSIGNED	EEB12_Transferring data	2026-10-08T16:41:14+0500
didielsy	51484	ASSIGNED	EEB13_Satellite odometer	2026-10-08T16:41:14+0500
didielsy	51485	ASSIGNED	DS1_Tweets	2026-10-08T16:41:14+0500
didielsy	51486	ASSIGNED	DS2_Churn prediction	2026-10-08T16:41:14+0500
didielsy	51487	ASSIGNED	DS3_My Spotify	2026-10-08T16:41:14+0500
didielsy	51488	ASSIGNED	DS4_Understanding customer	2026-10-08T16:41:14+0500
didielsy	51489	ASSIGNED	DS5_Uber	2026-10-08T16:41:14+0500
didielsy	51490	ASSIGNED	DS8_Fried Eggs	2026-10-08T16:41:14+0500
didielsy	51491	ASSIGNED	DS7_Amazon	2026-10-08T16:41:14+0500
didielsy	51492	ASSIGNED	DS6_City life	2026-10-08T16:41:14+0500
didielsy	51496	ASSIGNED	DSB1_UNIX Command Line Tools_	2026-10-08T16:41:14+0500
didielsy	51497	ASSIGNED	DSB2_Syntax&Semantics_	2026-10-08T16:41:14+0500
didielsy	51498	ASSIGNED	DSB3_OOP skills_	2026-10-08T16:41:14+0500
didielsy	51499	ASSIGNED	DSB4_Package management_	2026-10-08T16:41:14+0500
didielsy	51500	ASSIGNED	DSB5_Efficient code practices_	2026-10-08T16:41:14+0500
didielsy	51501	ASSIGNED	DSB6_MovieLens Analytics_	2026-10-08T16:41:14+0500
didielsy	51502	ASSIGNED	DSB7_Pandas_	2026-10-08T16:41:14+0500
didielsy	51503	ASSIGNED	DSB8_SQL&Pandas_	2026-10-08T16:41:14+0500
didielsy	51504	ASSIGNED	DSB9_Pandas_SQL& Data Visual_	2026-10-08T16:41:14+0500
didielsy	51505	ASSIGNED	DSB10_Intro to ML_	2026-10-08T16:41:14+0500
didielsy	51506	ASSIGNED	DSB11_ML: Advanced_	2026-10-08T16:41:14+0500
didielsy	51507	ASSIGNED	DSB12_Food&nutrition_	2026-10-08T16:41:14+0500
didielsy	51508	ASSIGNED	DB Bootcamp. Day05	2026-10-08T16:41:14+0500
didielsy	51509	ASSIGNED	DB Bootcamp. Day06	2026-10-08T16:41:14+0500
didielsy	51510	ASSIGNED	DB Bootcamp. Day07	2026-10-08T16:41:14+0500
didielsy	51511	ASSIGNED	DB Bootcamp. Day08	2026-10-08T16:41:14+0500
didielsy	51512	ASSIGNED	DB Bootcamp. Day09	2026-10-08T16:41:14+0500
didielsy	51513	ASSIGNED	DB Bootcamp. Team00	2026-10-08T16:41:14+0500
didielsy	51517	ASSIGNED	CT3_CV_Resume	2026-10-08T16:41:14+0500
didielsy	51518	ASSIGNED	CT4_Interview_	2026-10-08T16:41:14+0500
didielsy	51529	ASSIGNED	CT5_Teamwork_	2026-10-08T16:41:14+0500
didielsy	51652	ASSIGNED	DB Bootcamp. Team01	2026-10-08T16:41:14+0500
didielsy	51654	ASSIGNED	CT6_Corporate_culture 	2026-10-08T16:41:14+0500
didielsy	51659	ASSIGNED	CT7_Corporate_Communication	2026-10-08T16:41:14+0500
didielsy	51660	ASSIGNED	CT8_Career_planning	2026-10-08T16:41:14+0500
didielsy	52870	ASSIGNED	Kotlin Bootcamp. Day00	2026-10-08T16:41:14+0500
didielsy	52871	ASSIGNED	Kotlin Bootcamp. Day01	2026-10-08T16:41:14+0500
didielsy	52872	ASSIGNED	Kotlin Bootcamp. Day02	2026-10-08T16:41:14+0500
didielsy	52873	ASSIGNED	Kotlin Bootcamp. Day03	2026-10-08T16:41:14+0500
didielsy	52878	ASSIGNED	Kotlin Bootcamp. Day04	2026-10-08T16:41:14+0500
didielsy	52879	ASSIGNED	Kotlin Bootcamp. Team00	2026-10-08T16:41:14+0500
didielsy	52880	ASSIGNED	Kotlin Bootcamp. Day05	2026-10-08T16:41:14+0500
didielsy	52881	ASSIGNED	Kotlin Bootcamp. Day06	2026-10-08T16:41:14+0500
didielsy	52882	ASSIGNED	Kotlin Bootcamp. Day07	2026-10-08T16:41:14+0500
didielsy	52883	ASSIGNED	Kotlin Bootcamp. Day08	2026-10-08T16:41:14+0500
didielsy	52884	ASSIGNED	Kotlin Bootcamp. Day09	2026-10-08T16:41:14+0500
didielsy	52885	ASSIGNED	Kotlin Bootcamp. Team01	2026-10-08T16:41:14+0500
didielsy	53016	ASSIGNED	Java Bootcamp. Day00	2026-10-08T16:41:14+0500
didielsy	53017	ASSIGNED	Java Bootcamp. Day01	2026-10-08T16:41:14+0500
didielsy	53018	ASSIGNED	Java Bootcamp. Day02	2026-10-08T16:41:14+0500
didielsy	53019	ASSIGNED	Java Bootcamp. Day03	2026-10-08T16:41:14+0500
didielsy	53020	ASSIGNED	Java Bootcamp. Day04	2026-10-08T16:41:14+0500
didielsy	53021	ASSIGNED	Java Bootcamp. Team00	2026-10-08T16:41:14+0500
didielsy	53022	ASSIGNED	Java Bootcamp. Day05	2026-10-08T16:41:14+0500
didielsy	53025	ASSIGNED	Java Bootcamp. Day06	2026-10-08T16:41:14+0500
didielsy	53026	ASSIGNED	Java Bootcamp. Day07	2026-10-08T16:41:14+0500
didielsy	53035	ASSIGNED	Java Bootcamp. Day08	2026-10-08T16:41:14+0500
didielsy	53036	ASSIGNED	Java Bootcamp. Day09	2026-10-08T16:41:14+0500
didielsy	53037	ASSIGNED	Java Bootcamp. Team01	2026-10-08T16:41:14+0500
didielsy	57572	ASSIGNED	CPP Exam	2026-10-08T16:41:14+0500
didielsy	57573	ASSIGNED	CPPE-T	2026-10-08T16:41:14+0500
didielsy	59888	ASSIGNED	Core final testing	2026-10-08T16:41:14+0500
didielsy	59889	ASSIGNED	Core final exam	2026-10-08T16:41:14+0500
didielsy	60672	ASSIGNED	Swift Bootcamp. Day00	2026-10-08T16:41:14+0500
didielsy	60673	ASSIGNED	Swift Bootcamp. Day01	2026-10-08T16:41:14+0500
didielsy	60674	ASSIGNED	Swift Bootcamp. Day02	2026-10-08T16:41:14+0500
didielsy	60675	ASSIGNED	Swift Bootcamp. Day03	2026-10-08T16:41:14+0500
didielsy	60676	ASSIGNED	Swift Bootcamp. Day04	2026-10-08T16:41:14+0500
didielsy	60677	ASSIGNED	Swift Bootcamp. Team00	2026-10-08T16:41:14+0500
didielsy	60680	ASSIGNED	Swift Bootcamp. Day05	2026-10-08T16:41:14+0500
didielsy	60681	ASSIGNED	Swift Bootcamp. Day06	2026-10-08T16:41:14+0500
didielsy	60682	ASSIGNED	Swift Bootcamp. Day07	2026-10-08T16:41:14+0500
didielsy	60683	ASSIGNED	Swift Bootcamp. Day08	2026-10-08T16:41:14+0500
didielsy	60684	ASSIGNED	Swift Bootcamp. Day09	2026-10-08T16:41:14+0500
didielsy	60685	ASSIGNED	Swift Bootcamp. Team01	2026-10-08T16:41:14+0500
didielsy	61411	ASSIGNED	DO7_Docker Compose	2026-10-08T16:41:14+0500
didielsy	61424	ASSIGNED	DO8_AutomationTools	2026-10-08T16:41:14+0500
didielsy	61425	ASSIGNED	DO9_Monitoring	2026-10-08T16:41:14+0500
didielsy	61426	ASSIGNED	DO10_BasicK8s	2026-10-08T16:41:14+0500
didielsy	61427	ASSIGNED	DO11_AdvK8s	2026-10-08T16:41:14+0500
didielsy	61428	ASSIGNED	DO12_Helm	2026-10-08T16:41:14+0500
didielsy	62392	ASSIGNED	ML1_Introduction	2026-10-08T16:41:14+0500
didielsy	62393	ASSIGNED	ML2_Supervised learning	2026-10-08T16:41:14+0500
didielsy	62394	ASSIGNED	ML3_Validation	2026-10-08T16:41:14+0500
didielsy	62395	ASSIGNED	ML4_Classification problems	2026-10-08T16:41:14+0500
didielsy	62396	ASSIGNED	ML5_Decision trees	2026-10-08T16:41:14+0500
didielsy	62397	ASSIGNED	ML6_Unsupervised learning	2026-10-08T16:41:14+0500
didielsy	62398	ASSIGNED	ML7_Clustering algorithms	2026-10-08T16:41:14+0500
didielsy	62399	ASSIGNED	ML8_Neural networks	2026-10-08T16:41:14+0500
didielsy	62400	ASSIGNED	ML9_Convolutional networks 	2026-10-08T16:41:14+0500
didielsy	62401	ASSIGNED	ML10_RNNs	2026-10-08T16:41:14+0500
didielsy	62403	ASSIGNED	ML11_Attention mechanism	2026-10-08T16:41:14+0500
didielsy	62404	ASSIGNED	ML12_Generative ML	2026-10-08T16:41:14+0500
didielsy	62813	IN_PROGRESS	SA1_Software specs	2026-10-08T16:41:14+0500
didielsy	62825	ASSIGNED	SA2_Software quality	2026-10-08T16:41:14+0500
didielsy	62826	ASSIGNED	SA3_Requirements analysis	2026-10-08T16:41:14+0500
didielsy	62827	ASSIGNED	SA4_SDD	2026-10-08T16:41:14+0500
didielsy	62828	ASSIGNED	SA5_Complex architecture	2026-10-08T16:41:14+0500
didielsy	62829	ASSIGNED	SA6_TOGAF framework	2026-10-08T16:41:14+0500
didielsy	62954	ACCEPTED	BE1_HttpAuth	2026-10-08T16:41:14+0500
didielsy	62955	ACCEPTED	BE2_APIFromSpec	2026-10-08T16:41:14+0500
didielsy	62957	ACCEPTED	BE3_Nginx Pro	2026-10-08T16:41:14+0500
didielsy	62958	ACCEPTED	BE4_GRPCAuth	2026-10-08T16:41:14+0500
didielsy	62959	ACCEPTED	BE5_Message broker	2026-10-08T16:41:14+0500
didielsy	62960	IN_PROGRESS	BE6_Data sharding	2026-10-08T16:41:14+0500
didielsy	62961	ASSIGNED	GD1_Meeting Unity	2026-10-08T16:41:14+0500
didielsy	62962	ASSIGNED	GD2_Game Design	2026-10-08T16:41:14+0500
didielsy	62963	ASSIGNED	GD3_DOD	2026-10-08T16:41:14+0500
didielsy	62964	ASSIGNED	GD4_Multiplayer	2026-10-08T16:41:14+0500
didielsy	62966	ASSIGNED	GD5_Shaders	2026-10-08T16:41:14+0500
didielsy	62967	ASSIGNED	GD6_Hypercasual	2026-10-08T16:41:14+0500
didielsy	62968	ASSIGNED	GD7_Unreal Engine	2026-10-08T16:41:14+0500
didielsy	63932	ASSIGNED	DO14_Final	2026-10-08T16:41:14+0500
didielsy	63934	ASSIGNED	DO13_CICD Pipeline	2026-10-08T16:41:14+0500
didielsy	64043	ASSIGNED	Mobile Kotlin_BasicApp	2026-10-08T16:41:14+0500
didielsy	64044	ASSIGNED	Mobile Kotlin_AuthApp	2026-10-08T16:41:14+0500
didielsy	64049	ASSIGNED	Mobile Swift_BasicApp	2026-10-08T16:41:14+0500
didielsy	64050	ASSIGNED	Mobile Swift_AuthApp	2026-10-08T16:41:14+0500
didielsy	64402	ASSIGNED	FE8_Data vis	2026-10-08T16:41:14+0500
didielsy	66062	ASSIGNED	DevOps Exam	2026-10-08T16:41:14+0500
didielsy	67412	ASSIGNED	CPP_Ex-p	2026-10-08T16:41:14+0500
didielsy	67417	ASSIGNED	CPP_Ex-t	2026-10-08T16:41:14+0500
didielsy	68823	ACCEPTED	C_Ex-t	2026-10-08T16:41:14+0500
didielsy	68824	ACCEPTED	C_Ex-p	2026-10-08T16:41:14+0500
didielsy	68883	ACCEPTED	SQL_Ex-t	2026-10-08T16:41:14+0500
didielsy	68901	REGISTERED	SQL_Ex-p	2026-10-08T16:41:14+0500
didielsy	68976	REGISTERED	DO_Ex-t	2026-10-08T16:41:14+0500
didielsy	68977	ACCEPTED	A_Ex-t	2026-10-08T16:41:14+0500
didielsy	69039	IN_PROGRESS	AP1-CS-T01	2026-10-08T16:41:14+0500
didielsy	69040	ASSIGNED	AP1-CS-T02	2026-10-08T16:41:14+0500
didielsy	69041	ASSIGNED	AP1-CS-P01	2026-10-08T16:41:14+0500
didielsy	69042	ASSIGNED	AP1-CS-T03	2026-10-08T16:41:14+0500
didielsy	69043	ASSIGNED	AP1-CS-T04B	2026-10-08T16:41:14+0500
didielsy	69044	ASSIGNED	AP1-CS-T05B	2026-10-08T16:41:14+0500
didielsy	69045	ACCEPTED	AP1-Go-T01	2026-10-08T16:41:14+0500
didielsy	69046	ACCEPTED	AP1-Go-T02	2026-10-08T16:41:14+0500
didielsy	69047	ACCEPTED	AP1-Go-P01	2026-10-08T16:41:14+0500
didielsy	69048	ACCEPTED	AP1-Go-T03	2026-10-08T16:41:14+0500
didielsy	69049	IN_PROGRESS	AP1-Go-T04B	2026-10-08T16:41:14+0500
didielsy	69051	ASSIGNED	AP1-Go-T05B	2026-10-08T16:41:14+0500
didielsy	69052	IN_PROGRESS	C7_BrickGame_v1.0	2026-10-08T16:41:14+0500
didielsy	69053	ASSIGNED	CPP3_BrickGame_v2.0	2026-10-08T16:41:14+0500
didielsy	69055	ASSIGNED	AP2_BrickGame_v3.0_Python	2026-10-08T16:41:14+0500
didielsy	69056	ASSIGNED	AP2_BrickGame_v3.0_Jv	2026-10-08T16:41:14+0500
didielsy	69057	ASSIGNED	AP2_BrickGame v3.0_JS	2026-10-08T16:41:14+0500
didielsy	69058	ASSIGNED	AP2_BrickGame_v3.0_Go	2026-10-08T16:41:14+0500
didielsy	69059	ASSIGNED	AP2_BrickGame_v3.0_C#	2026-10-08T16:41:14+0500
didielsy	69060	ASSIGNED	AP2_BrickGame_v3.0_Kt	2026-10-08T16:41:14+0500
didielsy	69061	ASSIGNED	AP2_BrickGame_v3.0_Sw	2026-10-08T16:41:14+0500
didielsy	69062	ACCEPTED	AP1-Jv-T01	2026-10-08T16:41:14+0500
didielsy	69063	ACCEPTED	AP1-Jv-T02	2026-10-08T16:41:14+0500
didielsy	69064	ACCEPTED	AP1-Jv-P01	2026-10-08T16:41:14+0500
didielsy	69065	ACCEPTED	AP1-Jv-T03	2026-10-08T16:41:14+0500
didielsy	69066	ACCEPTED	AP1-Jv-T04B	2026-10-08T16:41:14+0500
didielsy	69067	ACCEPTED	AP1-Jv-T05B	2026-10-08T16:41:14+0500
didielsy	69068	ASSIGNED	AP1-Jv-T04M	2026-10-08T16:41:14+0500
didielsy	69069	ASSIGNED	AP1-Jv-T05M	2026-10-08T16:41:14+0500
didielsy	69070	ACCEPTED	AP1-JS-T01	2026-10-08T16:41:14+0500
didielsy	69071	ACCEPTED	AP1-JS-T02	2026-10-08T16:41:14+0500
didielsy	69072	ACCEPTED	AP1-JS-P01	2026-10-08T16:41:14+0500
didielsy	69073	IN_PROGRESS	AP1-JS-T03	2026-10-08T16:41:14+0500
didielsy	69074	ASSIGNED	AP1-JS-T04F	2026-10-08T16:41:14+0500
didielsy	69075	ASSIGNED	AP1-JS-T05F	2026-10-08T16:41:14+0500
didielsy	69076	ASSIGNED	AP1-JS-T04B	2026-10-08T16:41:14+0500
didielsy	69077	ASSIGNED	AP1-JS-T05B	2026-10-08T16:41:14+0500
didielsy	69078	ACCEPTED	AP1-Kt-T01	2026-10-08T16:41:14+0500
didielsy	69079	ACCEPTED	AP1-Kt-T02	2026-10-08T16:41:14+0500
didielsy	69080	ACCEPTED	AP1-Kt-P01	2026-10-08T16:41:14+0500
didielsy	69081	IN_PROGRESS	AP1-Kt-T03	2026-10-08T16:41:14+0500
didielsy	69082	ASSIGNED	AP1-Kt-T04M	2026-10-08T16:41:14+0500
didielsy	69083	ASSIGNED	AP1-Kt-T05M	2026-10-08T16:41:14+0500
didielsy	69084	ASSIGNED	AP1-Kt-T04B	2026-10-08T16:41:14+0500
didielsy	69085	ASSIGNED	AP1-Kt-T05B	2026-10-08T16:41:14+0500
didielsy	69086	ACCEPTED	AP1-Py-T01	2026-10-08T16:41:14+0500
didielsy	69087	ACCEPTED	AP1-Py-T02	2026-10-08T16:41:14+0500
didielsy	69088	ACCEPTED	AP1-Py-P01	2026-10-08T16:41:14+0500
didielsy	69089	IN_PROGRESS	AP1-Py-T04B	2026-10-08T16:41:14+0500
didielsy	69090	ACCEPTED	AP1-Py-T03	2026-10-08T16:41:14+0500
didielsy	69091	ASSIGNED	AP1-Py-T05B	2026-10-08T16:41:14+0500
didielsy	69094	IN_PROGRESS	AP1-Sw-T01	2026-10-08T16:41:14+0500
didielsy	69096	ASSIGNED	AP1-Sw-T02	2026-10-08T16:41:14+0500
didielsy	69097	ASSIGNED	AP1-Sw-P01	2026-10-08T16:41:14+0500
didielsy	69098	ASSIGNED	AP1-Sw-T03	2026-10-08T16:41:14+0500
didielsy	69099	ASSIGNED	AP1-Sw-T04M	2026-10-08T16:41:14+0500
didielsy	69100	ASSIGNED	AP1-Sw-T05M	2026-10-08T16:41:14+0500
didielsy	69101	ASSIGNED	AP1-Sw-T04B	2026-10-08T16:41:14+0500
didielsy	69102	ASSIGNED	AP1-Sw-T05B	2026-10-08T16:41:14+0500
didielsy	69103	IN_PROGRESS	A1_Maze_C	2026-10-08T16:41:14+0500
didielsy	69104	ASSIGNED	A2_SimpleNavigator_v1.0_C	2026-10-08T16:41:14+0500
didielsy	69105	ASSIGNED	A3_Parallels_C	2026-10-08T16:41:14+0500
didielsy	69106	ASSIGNED	A4_Crypto_C	2026-10-08T16:41:14+0500
didielsy	69107	ASSIGNED	A5_s21_memory_C	2026-10-08T16:41:14+0500
didielsy	69108	ASSIGNED	A6_Transactions_C	2026-10-08T16:41:14+0500
didielsy	69109	ASSIGNED	A7_DNA_Analyzer_C	2026-10-08T16:41:14+0500
didielsy	69110	ASSIGNED	A8_Algorithmic_trading_C	2026-10-08T16:41:14+0500
didielsy	69113	ASSIGNED	A1_Maze_CPP	2026-10-08T16:41:14+0500
didielsy	69114	IN_PROGRESS	A1_Maze_Py	2026-10-08T16:41:14+0500
didielsy	69115	ACCEPTED	A1_Maze_Go	2026-10-08T16:41:14+0500
didielsy	69116	ACCEPTED	A1_Maze_Jv	2026-10-08T16:41:14+0500
didielsy	69117	ASSIGNED	A1_Maze_JS	2026-10-08T16:41:14+0500
didielsy	69118	ASSIGNED	A1_Maze_C#	2026-10-08T16:41:14+0500
didielsy	69119	ASSIGNED	A1_Maze_Kt	2026-10-08T16:41:14+0500
didielsy	69120	ASSIGNED	A1_Maze_Sw	2026-10-08T16:41:14+0500
didielsy	69121	ASSIGNED	A2_SimpleNavigator_v1.0_CPP	2026-10-08T16:41:14+0500
didielsy	69122	ASSIGNED	A2_SimpleNavigator_v1.0_Py	2026-10-08T16:41:14+0500
didielsy	69123	IN_PROGRESS	A2_SimpleNavigator_v1.0_Go	2026-10-08T16:41:14+0500
didielsy	69124	ACCEPTED	A2_SimpleNavigator_v1.0_Jv	2026-10-08T16:41:14+0500
didielsy	69125	ASSIGNED	A2_SimpleNavigator_v1.0_JS	2026-10-08T16:41:14+0500
didielsy	69126	ASSIGNED	A2_SimpleNavigator_v1.0_C#	2026-10-08T16:41:14+0500
didielsy	69127	ASSIGNED	A2_SimpleNavigator_v1.0_Kt	2026-10-08T16:41:14+0500
didielsy	69128	ASSIGNED	A2_SimpleNavigator_v1.0_Sw	2026-10-08T16:41:14+0500
didielsy	69140	ASSIGNED	IOS1_UIKit	2026-10-08T16:41:14+0500
didielsy	69188	ACCEPTED	APJ_Ex-t	2026-10-08T16:41:14+0500
didielsy	69205	ASSIGNED	AND1_Activity	2026-10-08T16:41:14+0500
didielsy	69277	ASSIGNED	APG_Ex-t	2026-10-08T16:41:14+0500
didielsy	69278	ASSIGNED	APCS_Ex-t	2026-10-08T16:41:14+0500
didielsy	69279	ASSIGNED	APP_Ex-t	2026-10-08T16:41:14+0500
didielsy	69280	ASSIGNED	APJS_Ex-t	2026-10-08T16:41:14+0500
didielsy	69281	ASSIGNED	APS_Ex-t	2026-10-08T16:41:14+0500
didielsy	69282	ASSIGNED	APK_Ex-t	2026-10-08T16:41:14+0500
didielsy	69337	ACCEPTED	PjM1_ProjPM	2026-10-08T16:41:14+0500
didielsy	69372	ACCEPTED	PjM2_LifeCycle	2026-10-08T16:41:14+0500
didielsy	69373	ASSIGNED	PjM3_BasicM	2026-10-08T16:41:14+0500
didielsy	69463	ASSIGNED	AND2_Async operations	2026-10-08T16:41:14+0500
didielsy	69464	ASSIGNED	AND3_Custom View	2026-10-08T16:41:14+0500
didielsy	69465	ASSIGNED	AND4_Notification	2026-10-08T16:41:14+0500
didielsy	69466	ASSIGNED	AND5_OpenGL	2026-10-08T16:41:14+0500
didielsy	69467	ASSIGNED	AND6_Test	2026-10-08T16:41:14+0500
didielsy	69468	ASSIGNED	AND7_Gradle	2026-10-08T16:41:14+0500
didielsy	69469	ASSIGNED	AND8_Compose	2026-10-08T16:41:14+0500
didielsy	69478	ASSIGNED	IOS2_SwiftUI	2026-10-08T16:41:14+0500
didielsy	69534	ASSIGNED	IOS5_Maps	2026-10-08T16:41:14+0500
didielsy	69535	ASSIGNED	IOS6_Additional	2026-10-08T16:41:14+0500
didielsy	69538	ASSIGNED	IOS3_Network	2026-10-08T16:41:14+0500
didielsy	69539	ASSIGNED	IOS4_DataStorage	2026-10-08T16:41:14+0500
didielsy	69540	ACCEPTED	BSA00_Decomposition	2026-10-08T16:41:14+0500
didielsy	69541	ACCEPTED	BSA1_Stakeholders	2026-10-08T16:41:14+0500
didielsy	69542	ASSIGNED	BSA2_Requirements	2026-10-08T16:41:14+0500
didielsy	69543	ASSIGNED	BSA3_HowToRequirements	2026-10-08T16:41:14+0500
didielsy	69544	ASSIGNED	BSA4_Domains	2026-10-08T16:41:14+0500
didielsy	69545	ASSIGNED	BSA5_Diagrams	2026-10-08T16:41:14+0500
didielsy	69546	ASSIGNED	BSA6_BPMN	2026-10-08T16:41:14+0500
didielsy	69547	ASSIGNED	BSA7_UserStory	2026-10-08T16:41:14+0500
didielsy	69548	ASSIGNED	BSA8_UseCase	2026-10-08T16:41:14+0500
didielsy	69549	ASSIGNED	BSA9_Objects and Roles	2026-10-08T16:41:14+0500
didielsy	69550	ASSIGNED	BSA10_FR Design	2026-10-08T16:41:14+0500
didielsy	69551	ASSIGNED	BSA11_UserInterfaces	2026-10-08T16:41:14+0500
didielsy	69552	ASSIGNED	BSA12_NFRs	2026-10-08T16:41:14+0500
didielsy	69553	ASSIGNED	BSA13_ReqMgmt	2026-10-08T16:41:14+0500
didielsy	69554	ASSIGNED	BSA14_SystemIntegration	2026-10-08T16:41:14+0500
didielsy	69555	ASSIGNED	BSA15_REST	2026-10-08T16:41:14+0500
didielsy	69556	ASSIGNED	BSA16_SOAP	2026-10-08T16:41:14+0500
didielsy	69627	ASSIGNED	CT9_Educational way	2026-10-08T16:41:14+0500
didielsy	69676	ASSIGNED	IOS7_Test	2026-10-08T16:41:14+0500
didielsy	70735	ASSIGNED	A3_Parallels_CPP	2026-10-08T16:41:14+0500
didielsy	70736	ASSIGNED	A3_Parallels_Py	2026-10-08T16:41:14+0500
didielsy	70737	ASSIGNED	A3_Parallels_Go	2026-10-08T16:41:14+0500
didielsy	70738	ASSIGNED	A3_Parallels_Jv	2026-10-08T16:41:14+0500
didielsy	70739	ASSIGNED	A3_Parallels_JS	2026-10-08T16:41:14+0500
didielsy	70740	ASSIGNED	A3_Parallels_C#	2026-10-08T16:41:14+0500
didielsy	70741	ASSIGNED	A3_Parallels_Kt	2026-10-08T16:41:14+0500
didielsy	70742	ASSIGNED	A3_Parallels_Sw	2026-10-08T16:41:14+0500
didielsy	70756	ASSIGNED	A5_s21_memory_CPP	2026-10-08T16:41:14+0500
didielsy	70757	ASSIGNED	A4_Crypto_CPP	2026-10-08T16:41:14+0500
didielsy	70758	ASSIGNED	A4_Crypto_Py	2026-10-08T16:41:14+0500
didielsy	70759	ASSIGNED	A4_Crypto_Go	2026-10-08T16:41:14+0500
didielsy	70760	ASSIGNED	A4_Crypto_Jv	2026-10-08T16:41:14+0500
didielsy	70761	ASSIGNED	A4_Crypto_JS	2026-10-08T16:41:14+0500
didielsy	70762	ASSIGNED	A4_Crypto_C#	2026-10-08T16:41:14+0500
didielsy	70763	ASSIGNED	A4_Crypto_Kt	2026-10-08T16:41:14+0500
didielsy	70764	ASSIGNED	A4_Crypto_Sw	2026-10-08T16:41:14+0500
didielsy	70767	ASSIGNED	A6_Transactions_CPP	2026-10-08T16:41:14+0500
didielsy	70768	ASSIGNED	A6_Transactions_Py	2026-10-08T16:41:14+0500
didielsy	70769	ASSIGNED	A6_Transactions_Go	2026-10-08T16:41:14+0500
didielsy	70770	ASSIGNED	A6_Transactions_Jv	2026-10-08T16:41:14+0500
didielsy	70771	ASSIGNED	A6_Transactions_JS	2026-10-08T16:41:14+0500
didielsy	70772	ASSIGNED	A6_Transactions_C#	2026-10-08T16:41:14+0500
didielsy	70773	ASSIGNED	A6_Transactions_Kt	2026-10-08T16:41:14+0500
didielsy	70774	ASSIGNED	A6_Transactions_Sw	2026-10-08T16:41:14+0500
didielsy	70781	ASSIGNED	A7_DNA_Analyzer_CPP	2026-10-08T16:41:14+0500
didielsy	70782	ASSIGNED	A7_DNA Analyzer_Py	2026-10-08T16:41:14+0500
didielsy	70783	ASSIGNED	A7_DNA_Analyzer_Go	2026-10-08T16:41:14+0500
didielsy	70784	ASSIGNED	A7_DNA Analyzer_Jv	2026-10-08T16:41:14+0500
didielsy	70785	ASSIGNED	A7_DNA Analyzer_JS	2026-10-08T16:41:14+0500
didielsy	70786	ASSIGNED	A7_DNA_Analyzer_C#	2026-10-08T16:41:14+0500
didielsy	70787	ASSIGNED	A7_DNA_Analyzer_Kt	2026-10-08T16:41:14+0500
didielsy	70788	ASSIGNED	A7_DNA_Analyzer_Sw	2026-10-08T16:41:14+0500
didielsy	70795	ASSIGNED	A8_Algorithmic_trading_CPP	2026-10-08T16:41:14+0500
didielsy	70796	ASSIGNED	A8_Algorithmic trading_Py	2026-10-08T16:41:14+0500
didielsy	70797	ASSIGNED	A8_Algorithmic_trading_Go	2026-10-08T16:41:14+0500
didielsy	70798	ASSIGNED	A8_Algorithmic trading_Jv	2026-10-08T16:41:14+0500
didielsy	70799	ASSIGNED	A8_Algorithmic trading_JS	2026-10-08T16:41:14+0500
didielsy	70800	ASSIGNED	A8_Algorithmic_trading_C#	2026-10-08T16:41:14+0500
didielsy	70801	ASSIGNED	A8_Algorithmic_trading_Kt	2026-10-08T16:41:14+0500
didielsy	70802	ASSIGNED	A8_Algorithmic_trading_Sw	2026-10-08T16:41:14+0500
didielsy	70843	ASSIGNED	AP5_BrickGame_v4.0_Python	2026-10-08T16:41:14+0500
didielsy	70844	ASSIGNED	AP5_BrickGame_v4.0_C#	2026-10-08T16:41:14+0500
didielsy	70845	ASSIGNED	AP5_BrickGame_v4.0_Jv	2026-10-08T16:41:14+0500
didielsy	70846	ASSIGNED	AP5_BrickGame_v4.0_JS	2026-10-08T16:41:14+0500
didielsy	70847	ASSIGNED	AP5_BrickGame_v4.0_Go	2026-10-08T16:41:14+0500
didielsy	70848	ASSIGNED	AP5_BrickGame_v4.0_Kt	2026-10-08T16:41:14+0500
didielsy	70849	ASSIGNED	AP5_BrickGame_v4.0_Sw	2026-10-08T16:41:14+0500
didielsy	70922	ACCEPTED	PG1_Pangolin	2026-10-08T16:41:14+0500
didielsy	71028	ACCEPTED	CbS1_Networking_basics_Part 1	2026-10-08T16:41:14+0500
didielsy	71029	ACCEPTED	CbS2_Networking_basics_Part 2	2026-10-08T16:41:14+0500
didielsy	71030	ASSIGNED	CbS3_Networking_basics_Part 3	2026-10-08T16:41:14+0500
didielsy	71031	ASSIGNED	CbS4_Networking_basics_Part 4	2026-10-08T16:41:14+0500
didielsy	71032	ASSIGNED	CbS5_Linux_basics	2026-10-08T16:41:14+0500
didielsy	71033	ASSIGNED	CbS6_Windows_basics	2026-10-08T16:41:14+0500
didielsy	71034	ASSIGNED	CbS8_Crypto_symmetric	2026-10-08T16:41:14+0500
didielsy	71035	ASSIGNED	CbS7_Crypto_intro	2026-10-08T16:41:14+0500
didielsy	71036	ASSIGNED	CbS9_Crypto_asymmetric	2026-10-08T16:41:14+0500
didielsy	71037	ASSIGNED	CbS10_Data_channel_protection	2026-10-08T16:41:14+0500
didielsy	71039	ASSIGNED	CbS12_Network_attacks	2026-10-08T16:41:14+0500
didielsy	71040	ASSIGNED	CbS13_Threat_detection_principles	2026-10-08T16:41:14+0500
didielsy	71041	ASSIGNED	CbS14_Designing_secure_networks	2026-10-08T16:41:14+0500
didielsy	71042	ASSIGNED	CbS15_IS_legislation	2026-10-08T16:41:14+0500
didielsy	71043	ASSIGNED	CbS16_Project_lifecycle	2026-10-08T16:41:14+0500
didielsy	71044	ASSIGNED	CbS17_Physical_security	2026-10-08T16:41:14+0500
didielsy	71045	ASSIGNED	CbS18_Social_engineering	2026-10-08T16:41:14+0500
didielsy	71963	ACCEPTED	QA1_Foundation	2026-10-08T16:41:14+0500
didielsy	71971	ACCEPTED	QA2_Test artifacts	2026-10-08T16:41:14+0500
didielsy	72004	ASSIGNED	AP4_Info21 v2.0 Web_Python 	2026-10-08T16:41:14+0500
didielsy	72005	ASSIGNED	AP4_Info21 v2.0 Web_Jv	2026-10-08T16:41:14+0500
didielsy	72006	ASSIGNED	AP4_Info21 v2.0 Web_JS	2026-10-08T16:41:14+0500
didielsy	72007	ASSIGNED	AP4_Info21 v2.0 Web_Go	2026-10-08T16:41:14+0500
didielsy	72008	ASSIGNED	AP4_Info21 v2.0 Web_C#	2026-10-08T16:41:14+0500
didielsy	72009	ASSIGNED	AP4_Info21 v2.0 Web_Kt	2026-10-08T16:41:14+0500
didielsy	72010	ASSIGNED	AP4_Info21 v2.0 Web_Sw	2026-10-08T16:41:14+0500
didielsy	72011	ASSIGNED	AP6_RetailAnalitycs v2.0 Web_Jv	2026-10-08T16:41:14+0500
didielsy	72012	ASSIGNED	AP6_RetailAnalitycs v2.0 Web_Python	2026-10-08T16:41:14+0500
didielsy	72013	ASSIGNED	AP6_RetailAnalitycs v2.0 Web_JS	2026-10-08T16:41:14+0500
didielsy	72015	ASSIGNED	AP6_RetailAnalitycs v2.0 Web_Go	2026-10-08T16:41:14+0500
didielsy	72016	ASSIGNED	AP6_RetailAnalitycs v2.0 Web_C#	2026-10-08T16:41:14+0500
didielsy	72026	ASSIGNED	AP6_RetailAnalitycs v2.0 Web_Kt	2026-10-08T16:41:14+0500
didielsy	72027	ASSIGNED	AP6_RetailAnalitycs v2.0 Web_Sw	2026-10-08T16:41:14+0500
didielsy	72160	ASSIGNED	AP3_SpecialtyCoffee_Python	2026-10-08T16:41:14+0500
didielsy	72161	ASSIGNED	AP3_SpecialtyCoffee_Jv	2026-10-08T16:41:14+0500
didielsy	72164	ASSIGNED	AP3_SpecialtyCoffee_JS	2026-10-08T16:41:14+0500
didielsy	72165	ASSIGNED	AP3_SpecialtyCoffee_Go	2026-10-08T16:41:14+0500
didielsy	72166	ASSIGNED	AP3_SpecialtyCoffee_C#	2026-10-08T16:41:14+0500
didielsy	72167	ASSIGNED	AP3_SpecialtyCoffee_Kt	2026-10-08T16:41:14+0500
didielsy	72168	ASSIGNED	AP3_SpecialtyCoffee_Sw	2026-10-08T16:41:14+0500
didielsy	72454	ASSIGNED	BSA_Ex	2026-10-08T16:41:14+0500
didielsy	72687	ASSIGNED	AQA1_Basics	2026-10-08T16:41:14+0500
didielsy	72791	ASSIGNED	CbS11_Enterprise_IT_landscape	2026-10-08T16:41:14+0500
didielsy	72880	ASSIGNED	QA3_Test design and test analysis	2026-10-08T16:41:14+0500
didielsy	72911	ASSIGNED	CT_Part3	2026-10-08T16:41:14+0500
didielsy	72919	ASSIGNED	AQA2_API testing	2026-10-08T16:41:14+0500
didielsy	72920	ASSIGNED	AQA3_UI Web testing	2026-10-08T16:41:14+0500
didielsy	72935	ASSIGNED	QA4_Types and levels of testing	2026-10-08T16:41:14+0500
didielsy	72939	ASSIGNED	QA5_Defects	2026-10-08T16:41:14+0500
didielsy	72944	ASSIGNED	QA6_Web testing	2026-10-08T16:41:14+0500
didielsy	72946	ASSIGNED	QA7_Backend testing	2026-10-08T16:41:14+0500
didielsy	72957	ASSIGNED	QA8_Mobile testing	2026-10-08T16:41:14+0500
didielsy	72958	ASSIGNED	QA9_Basics of Web Security	2026-10-08T16:41:14+0500
didielsy	72998	ASSIGNED	AQA4_Mobile testing	2026-10-08T16:41:14+0500
didielsy	73030	ACCEPTED	CT1_Self-determination	2026-10-08T16:41:14+0500
didielsy	73031	ACCEPTED	CT2_Dream job	2026-10-08T16:41:14+0500
didielsy	73032	ACCEPTED	CT3_CV Resume	2026-10-08T16:41:14+0500
didielsy	73033	ACCEPTED	CT4_Interview	2026-10-08T16:41:14+0500
didielsy	73034	ACCEPTED	CT5_Teamwork	2026-10-08T16:41:14+0500
didielsy	73035	ACCEPTED	CT6_Corporate culture	2026-10-08T16:41:14+0500
didielsy	73036	ACCEPTED	CT7_Corporate Communication	2026-10-08T16:41:14+0500
didielsy	73037	ACCEPTED	CT8_Career planning	2026-10-08T16:41:14+0500
didielsy	73202	ACCEPTED	SberJv1_Team Git workflow	2026-10-08T16:41:14+0500
didielsy	73204	ACCEPTED	SberJv2_Setup	2026-10-08T16:41:14+0500
didielsy	73205	ASSIGNED	QA_Ex	2026-10-08T16:41:14+0500
didielsy	73206	ACCEPTED	SberJv3_Clean code	2026-10-08T16:41:14+0500
didielsy	73207	ACCEPTED	SberJv5_Observability	2026-10-08T16:41:14+0500
didielsy	73209	ACCEPTED	SberJv6_DB Performance	2026-10-08T16:41:14+0500
didielsy	73210	ASSIGNED	BInf1_PlasmidQC	2026-10-08T16:41:14+0500
didielsy	73212	ASSIGNED	BInf2_HBBScan	2026-10-08T16:41:14+0500
didielsy	73216	ASSIGNED	BInf3_GenomeMatch	2026-10-08T16:41:14+0500
didielsy	73226	ASSIGNED	BInf4_FLM splice	2026-10-08T16:41:14+0500
didielsy	73227	ASSIGNED	BInf5_Soma align	2026-10-08T16:41:14+0500
didielsy	73228	ASSIGNED	BInf6_BlaNDM1 resist	2026-10-08T16:41:14+0500
didielsy	73229	ASSIGNED	BInf7_RbcL evolution	2026-10-08T16:41:14+0500
didielsy	73230	ASSIGNED	BInf8_SNP SUC2 Osm	2026-10-08T16:41:14+0500
didielsy	73232	ASSIGNED	BInf10_Plasmid Resist	2026-10-08T16:41:14+0500
didielsy	73235	ASSIGNED	BInf13_EcoliPhylo	2026-10-08T16:41:14+0500
didielsy	73243	ACCEPTED	UX/UI2_UX Design 	2026-10-08T16:41:14+0500
didielsy	73244	ASSIGNED	UX/UI3_UI Design 	2026-10-08T16:41:14+0500
didielsy	73245	ASSIGNED	UX/UI4_Design&UI kit	2026-10-08T16:41:14+0500
didielsy	73246	ASSIGNED	UX/UI5_Prototyp&test	2026-10-08T16:41:14+0500
didielsy	73247	ASSIGNED	UX/UI6_Website builder	2026-10-08T16:41:14+0500
didielsy	73254	ASSIGNED	UX/UI10_Mobile application	2026-10-08T16:41:14+0500
didielsy	73260	ASSIGNED	AI1_Agent 	2026-10-08T16:41:14+0500
didielsy	73277	ASSIGNED	PjM5_ReqGather	2026-10-08T16:41:14+0500
didielsy	73278	ASSIGNED	PjM4_PjMTools	2026-10-08T16:41:14+0500
didielsy	73279	ACCEPTED	SberJv4_Reliability	2026-10-08T16:41:14+0500
didielsy	73282	ASSIGNED	PjM8_RisksMng	2026-10-08T16:41:14+0500
didielsy	73283	ASSIGNED	PjM9_PlanStr	2026-10-08T16:41:14+0500
didielsy	73284	ASSIGNED	PjM10_EffPlan	2026-10-08T16:41:14+0500
didielsy	73285	ASSIGNED	PjM11_Backlog	2026-10-08T16:41:14+0500
didielsy	73286	ASSIGNED	PjM12_Budget	2026-10-08T16:41:14+0500
didielsy	73287	ASSIGNED	PjM13_BusCorr	2026-10-08T16:41:14+0500
didielsy	73290	ASSIGNED	PjM16_TeamCom	2026-10-08T16:41:14+0500
didielsy	73292	ASSIGNED	PjM18_Analytic	2026-10-08T16:41:14+0500
didielsy	73293	ASSIGNED	PjM19_ProtDsgn	2026-10-08T16:41:14+0500
didielsy	73294	ASSIGNED	PjM20_FrontBack	2026-10-08T16:41:14+0500
didielsy	73295	ASSIGNED	PjM21_ITInfStruct	2026-10-08T16:41:14+0500
didielsy	73297	ACCEPTED	UX/UI1_Intro	2026-10-08T16:41:14+0500
didielsy	73298	ASSIGNED	PjM_Ex	2026-10-08T16:41:14+0500
didielsy	73301	ACCEPTED	DSB2_Syntax&Semantics	2026-10-08T16:41:14+0500
didielsy	73302	ACCEPTED	DSB3_OOP skills	2026-10-08T16:41:14+0500
didielsy	73303	ACCEPTED	DSB4_Package management	2026-10-08T16:41:14+0500
didielsy	73304	ACCEPTED	DSB5_Efficient code practices	2026-10-08T16:41:14+0500
didielsy	73305	ACCEPTED	DSB6_MovieLens Analytics	2026-10-08T16:41:14+0500
didielsy	73306	IN_PROGRESS	DSB7_Pandas	2026-10-08T16:41:14+0500
didielsy	73307	ASSIGNED	DSB8_SQL&Pandas	2026-10-08T16:41:14+0500
didielsy	73308	ASSIGNED	DSB9_Pandas_SQL& Data Visual	2026-10-08T16:41:14+0500
didielsy	73309	ASSIGNED	DSB10_Intro to ML	2026-10-08T16:41:14+0500
didielsy	73310	ASSIGNED	DSB11_ML: Advanced	2026-10-08T16:41:14+0500
didielsy	73311	ASSIGNED	DSB12_Food&nutrition	2026-10-08T16:41:14+0500
didielsy	73324	ACCEPTED	DSB1_UNIX Command Line Tools	2026-10-08T16:41:14+0500
didielsy	73366	ASSIGNED	UX/UI7_Transferring layouts	2026-10-08T16:41:14+0500
didielsy	73367	ASSIGNED	UX/UI8_Team processes	2026-10-08T16:41:14+0500
didielsy	73368	ASSIGNED	UX/UI9_Formation of requirements	2026-10-08T16:41:14+0500
didielsy	73375	ASSIGNED	UX/UI11_Interface creation	2026-10-08T16:41:14+0500
didielsy	73376	ASSIGNED	UX/UI12_Portfolio	2026-10-08T16:41:14+0500
didielsy	73381	ASSIGNED	PjM6_ProAnalysis	2026-10-08T16:41:14+0500
didielsy	73382	ASSIGNED	PjM7_UserStory	2026-10-08T16:41:14+0500
didielsy	73396	ASSIGNED	BInf9_HY5 StemMut	2026-10-08T16:41:14+0500
didielsy	73398	ASSIGNED	BInf11_SNP screen	2026-10-08T16:41:14+0500
didielsy	73399	ASSIGNED	BInf12_Diagnostic pipeline	2026-10-08T16:41:14+0500
didielsy	73400	ASSIGNED	BInf14_BRCA1 evolution	2026-10-08T16:41:14+0500
didielsy	73401	ASSIGNED	BInf15_ESBL Resistome	2026-10-08T16:41:14+0500
didielsy	73402	ASSIGNED	BInf16_CFTR genotyping	2026-10-08T16:41:14+0500
didielsy	73430	ASSIGNED	PjM22_CompPro	2026-10-08T16:41:14+0500
didielsy	73446	ASSIGNED	UX/UI_Ex	2026-10-08T16:41:14+0500
didielsy	73461	ASSIGNED	PjM14_EffNeg	2026-10-08T16:41:14+0500
didielsy	73462	ASSIGNED	PjM15_PubApp	2026-10-08T16:41:14+0500
didielsy	73463	ACCEPTED	PM1_PMStarterPack	2026-10-08T16:41:14+0500
didielsy	73465	IN_PROGRESS	PM2_MetricsDriven	2026-10-08T16:41:14+0500
didielsy	73466	ASSIGNED	PM3_UnitEconomics	2026-10-08T16:41:14+0500
didielsy	73467	ASSIGNED	PM4_ResearchCycle	2026-10-08T16:41:14+0500
didielsy	73468	ASSIGNED	PM5_DesignDriven	2026-10-08T16:41:14+0500
didielsy	73473	ASSIGNED	PM6_UserRetention	2026-10-08T16:41:14+0500
didielsy	73474	ASSIGNED	PM7_DiscoveryCycles	2026-10-08T16:41:14+0500
didielsy	73475	ASSIGNED	PM8_DevToProd	2026-10-08T16:41:14+0500
didielsy	73476	ASSIGNED	PM9_TrafficToSale	2026-10-08T16:41:14+0500
didielsy	73477	ASSIGNED	PM10_SoloShip	2026-10-08T16:41:14+0500
didielsy	73478	ASSIGNED	PjM17_TeamMng	2026-10-08T16:41:14+0500
didielsy	73494	ACCEPTED	Core_Strategy	2026-10-08T16:41:14+0500
didielsy	73542	ASSIGNED	PM_Ex	2026-10-08T16:41:14+0500
didielsy	73604	ACCEPTED	AIE1_Request Router	2026-10-08T16:41:14+0500
didielsy	73605	ACCEPTED	AIE2_JSON Logs Parser	2026-10-08T16:41:14+0500
didielsy	73606	ASSIGNED	AIE3_Mock API Client	2026-10-08T16:41:14+0500
didielsy	73607	ASSIGNED	AIE4_Docs Preprocessing	2026-10-08T16:41:14+0500
didielsy	73608	ASSIGNED	AIE5_Rule FAQ Bot	2026-10-08T16:41:14+0500
didielsy	73609	ASSIGNED	AIE6_Legacy Code Refactor	2026-10-08T16:41:14+0500
didielsy	73610	ASSIGNED	AIE7_Embedding Cache Service	2026-10-08T16:41:14+0500
didielsy	73611	ASSIGNED	AIE8_Vector Metadata Store	2026-10-08T16:41:14+0500
didielsy	73613	ASSIGNED	AIE10_LLM Gateway Cache	2026-10-08T16:41:14+0500
didielsy	73614	ASSIGNED	AIE11_Contract Alignment	2026-10-08T16:41:14+0500
didielsy	73615	ASSIGNED	AIE12_First Call Logging	2026-10-08T16:41:14+0500
didielsy	73616	ASSIGNED	AIE13_Prompt Strategies Compare	2026-10-08T16:41:14+0500
didielsy	73617	ASSIGNED	AIE14_BOT_Hallucination Control Bot	2026-10-08T16:41:14+0500
didielsy	73618	ASSIGNED	AIE15_Chunking Strategies	2026-10-08T16:41:14+0500
didielsy	73619	ASSIGNED	AIE16_Chroma Hybrid Search	2026-10-08T16:41:14+0500
didielsy	73621	ASSIGNED	AIE18_Incremental Index Update	2026-10-08T16:41:14+0500
didielsy	73622	ASSIGNED	AIE19_Product Analytics Suite	2026-10-08T16:41:14+0500
didielsy	73623	ASSIGNED	AIE20_Requirements Analysis	2026-10-08T16:41:14+0500
didielsy	73624	ASSIGNED	AIE21_Prompt Defence Red	2026-10-08T16:41:14+0500
didielsy	73625	ASSIGNED	AIE22_Enterprise Integration Map	2026-10-08T16:41:14+0500
didielsy	73626	ASSIGNED	AIE23_Tool Agent RAG	2026-10-08T16:41:14+0500
didielsy	73628	ASSIGNED	AIE25_Agents Subagents	2026-10-08T16:41:14+0500
didielsy	73629	ASSIGNED	AIE26_Production AI Assistant	2026-10-08T16:41:14+0500
didielsy	73632	ASSIGNED	AIE9_Async Text Classifier	2026-10-08T16:41:14+0500
didielsy	73633	ASSIGNED	AIE17_Full RAG Citations	2026-10-08T16:41:14+0500
didielsy	73634	ASSIGNED	AIE24_Server n8n Workflow	2026-10-08T16:41:14+0500
didielsy	73636	IN_PROGRESS	TP1_SegmentScan	2026-10-08T16:41:14+0500
didielsy	73637	ASSIGNED	TP2_InsightScope	2026-10-08T16:41:14+0500
didielsy	73638	ASSIGNED	TP3_ProductConcept	2026-10-08T16:41:14+0500
didielsy	73639	ASSIGNED	TP4_ModelFit	2026-10-08T16:41:14+0500
didielsy	73640	ASSIGNED	TP5_Unitecon	2026-10-08T16:41:14+0500
didielsy	73641	ASSIGNED	TP6_MVPScope	2026-10-08T16:41:14+0500
didielsy	73642	ASSIGNED	TP7_MVPBuild	2026-10-08T16:41:14+0500
didielsy	73643	ASSIGNED	TP8_MVPDeploy	2026-10-08T16:41:14+0500
didielsy	73644	ASSIGNED	TP9_GoToMarket	2026-10-08T16:41:14+0500
didielsy	73645	ASSIGNED	TP10_SupportFlow	2026-10-08T16:41:14+0500
didielsy	73646	ASSIGNED	TP11_DataLegal	2026-10-08T16:41:14+0500
didielsy	73647	ASSIGNED	TP12_Strategy	2026-10-08T16:41:14+0500
didielsy	73648	ASSIGNED	TP13_PitchReady	2026-10-08T16:41:14+0500
namorjer	21389	ASSIGNED	APP1 Bootcamp. Day00	2026-10-08T16:41:17+0500
namorjer	21390	ASSIGNED	APP1 Bootcamp. Day01	2026-10-08T16:41:17+0500
namorjer	21412	ASSIGNED	APP1 Bootcamp. Day03	2026-10-08T16:41:17+0500
namorjer	21413	ASSIGNED	APP1 Bootcamp. Day02	2026-10-08T16:41:17+0500
namorjer	21414	ASSIGNED	APP1 Bootcamp. Day04	2026-10-08T16:41:17+0500
namorjer	21415	ASSIGNED	APP1 Bootcamp. Team00	2026-10-08T16:41:17+0500
namorjer	21416	ASSIGNED	APP1 Bootcamp. Day05	2026-10-08T16:41:17+0500
namorjer	21417	ASSIGNED	APP1 Bootcamp. Day06	2026-10-08T16:41:17+0500
namorjer	21418	ASSIGNED	APP1 Bootcamp. Day07	2026-10-08T16:41:17+0500
namorjer	21419	ASSIGNED	APP1 Bootcamp. Day08	2026-10-08T16:41:17+0500
namorjer	21420	ASSIGNED	APP1 Bootcamp. Team01	2026-10-08T16:41:17+0500
namorjer	26477	ACCEPTED	C3_s21_stringplus	2026-10-08T16:41:17+0500
namorjer	26478	ACCEPTED	C2_SimpleBashUtils	2026-10-08T16:41:17+0500
namorjer	26480	ASSIGNED	C4_s21_math	2026-10-08T16:41:17+0500
namorjer	26481	ACCEPTED	C5_s21_decimal	2026-10-08T16:41:17+0500
namorjer	26482	ACCEPTED	C6_s21_matrix	2026-10-08T16:41:17+0500
namorjer	26483	ASSIGNED	SmartCalc_v1.0	2026-10-08T16:41:17+0500
namorjer	26484	ASSIGNED	C8_3DViewer_v1.0	2026-10-08T16:41:17+0500
namorjer	26485	ASSIGNED	CPP1_s21_matrix+	2026-10-08T16:41:17+0500
namorjer	26486	ASSIGNED	CPP2_s21_containers	2026-10-08T16:41:17+0500
namorjer	26487	ASSIGNED	CPP3_SmartCalc_v2.0	2026-10-08T16:41:17+0500
namorjer	26488	ASSIGNED	CPP4_3DViewer_v2.0	2026-10-08T16:41:17+0500
namorjer	26489	ASSIGNED	CPP5_3DViewer_v2.1	2026-10-08T16:41:17+0500
namorjer	26490	ASSIGNED	CPP6_3DViewer_v2.2	2026-10-08T16:41:17+0500
namorjer	26491	ASSIGNED	CPP7_MLP	2026-10-08T16:41:17+0500
namorjer	26492	ASSIGNED	CPP8_PhotoLab_v1.0	2026-10-08T16:41:17+0500
namorjer	26493	ASSIGNED	CPP9_Monitoring System	2026-10-08T16:41:17+0500
namorjer	26557	ACCEPTED	DO1_Linux	2026-10-08T16:41:17+0500
namorjer	26558	ACCEPTED	DO2_Linux Network	2026-10-08T16:41:17+0500
namorjer	26559	ASSIGNED	RetailAnalytics_v2.0_Web_Go	2026-10-08T16:41:17+0500
namorjer	26560	ASSIGNED	SmartCalc_v4.0_Web_Go	2026-10-08T16:41:17+0500
namorjer	26561	ASSIGNED	DO3_LinuxMonitoring v1.0	2026-10-08T16:41:17+0500
namorjer	26562	ASSIGNED	Info21_v2.0_Web_Go	2026-10-08T16:41:17+0500
namorjer	26563	ASSIGNED	DO4_LinuxMonitoring v2.0	2026-10-08T16:41:17+0500
namorjer	26564	ASSIGNED	SimpleWebStudio_v1.0_Go	2026-10-08T16:41:17+0500
namorjer	26565	ACCEPTED	DO5_SimpleDocker	2026-10-08T16:41:17+0500
namorjer	26566	ACCEPTED	DO6_CICD	2026-10-08T16:41:17+0500
namorjer	26567	ASSIGNED	SmartCalc_v3.0 Desktop (Go)	2026-10-08T16:41:17+0500
namorjer	26568	ASSIGNED	Maze	2026-10-08T16:41:17+0500
namorjer	26569	ASSIGNED	SimpleNavigator v1.0	2026-10-08T16:41:17+0500
namorjer	26570	ASSIGNED	RetailAnalytics_v2.0_Web_Python	2026-10-08T16:41:17+0500
namorjer	26571	ASSIGNED	Parallels	2026-10-08T16:41:17+0500
namorjer	26572	ASSIGNED	Crypto	2026-10-08T16:41:17+0500
namorjer	26573	ASSIGNED	SmartCalc_v4.0_Web_Python	2026-10-08T16:41:17+0500
namorjer	26574	ASSIGNED	s21_memory	2026-10-08T16:41:17+0500
namorjer	26575	ASSIGNED	Info21_v2.0_Web_Python	2026-10-08T16:41:17+0500
namorjer	26577	ASSIGNED	DNA Analyzer	2026-10-08T16:41:17+0500
namorjer	26578	ASSIGNED	Algorithmic trading	2026-10-08T16:41:17+0500
namorjer	26579	ASSIGNED	SimpleWebStudio_v1.0_Python	2026-10-08T16:41:17+0500
namorjer	26581	ASSIGNED	SmartCalc_v3.0 Desktop (Python)	2026-10-08T16:41:17+0500
namorjer	26583	ASSIGNED	SQL2_Info21_v1.0	2026-10-08T16:41:17+0500
namorjer	26584	ASSIGNED	RetailAnalytics_v2.0_Web_Java	2026-10-08T16:41:17+0500
namorjer	26585	ASSIGNED	SQL3_RetailAnalitycs v1.0	2026-10-08T16:41:17+0500
namorjer	26586	ASSIGNED	SmartCalc_v4.0_Web_Java	2026-10-08T16:41:17+0500
namorjer	26589	ASSIGNED	Info21_v2.0_Web_Java	2026-10-08T16:41:17+0500
namorjer	26590	ASSIGNED	SmartCalc v3.0 Desktop (C#)	2026-10-08T16:41:17+0500
namorjer	26592	ASSIGNED	SimpleWebStudio v1.0 C#	2026-10-08T16:41:17+0500
namorjer	26593	ASSIGNED	Info21_v2.0_Web_C#	2026-10-08T16:41:17+0500
namorjer	26594	ASSIGNED	SmartCalc v4.0 Web C#	2026-10-08T16:41:17+0500
namorjer	26595	ASSIGNED	SmartCalc_v3.0 Desktop (Java)	2026-10-08T16:41:17+0500
namorjer	26596	ASSIGNED	RetailAnalytics_v2.0_Web_C#	2026-10-08T16:41:17+0500
namorjer	27289	ASSIGNED	DS Healthcare. Project 01 	2026-10-08T16:41:17+0500
namorjer	27290	ASSIGNED	DS Healthcare. Project 02	2026-10-08T16:41:17+0500
namorjer	27292	ASSIGNED	DS Healthcare. Project 03	2026-10-08T16:41:17+0500
namorjer	27295	ASSIGNED	DS Healthcare. Project 04	2026-10-08T16:41:17+0500
namorjer	27298	ASSIGNED	DS Healthcare. Project 05	2026-10-08T16:41:17+0500
namorjer	27299	ASSIGNED	DS Healthcare. Project 06	2026-10-08T16:41:17+0500
namorjer	27364	ASSIGNED	Transactions	2026-10-08T16:41:17+0500
namorjer	27373	ASSIGNED	SimpleWebStudio_v1.0_Java	2026-10-08T16:41:17+0500
namorjer	27711	ASSIGNED	APC1 Bootcamp. Day00	2026-10-08T16:41:17+0500
namorjer	27714	ASSIGNED	APC1 Bootcamp. Day01	2026-10-08T16:41:17+0500
namorjer	27715	ASSIGNED	APC1 Bootcamp. Day02	2026-10-08T16:41:17+0500
namorjer	27716	ASSIGNED	APC1 Bootcamp. Day03	2026-10-08T16:41:17+0500
namorjer	27717	ASSIGNED	APC1 Bootcamp. Day04	2026-10-08T16:41:17+0500
namorjer	27718	ASSIGNED	APC1 Bootcamp. Day05	2026-10-08T16:41:17+0500
namorjer	27719	ASSIGNED	APC1 Bootcamp. Day06	2026-10-08T16:41:17+0500
namorjer	27720	ASSIGNED	APC1 Bootcamp. Day07	2026-10-08T16:41:17+0500
namorjer	27721	ASSIGNED	APC1 Bootcamp. Day08	2026-10-08T16:41:17+0500
namorjer	27723	ASSIGNED	APC1 Bootcamp. Team01	2026-10-08T16:41:17+0500
namorjer	28037	ASSIGNED	APG1 Bootcamp. Day00	2026-10-08T16:41:17+0500
namorjer	28038	ASSIGNED	APG1 Bootcamp.  Day01	2026-10-08T16:41:17+0500
namorjer	28039	ASSIGNED	APG1 Bootcamp. Day02	2026-10-08T16:41:17+0500
namorjer	28040	ASSIGNED	APG1 Bootcamp. Day03	2026-10-08T16:41:17+0500
namorjer	28041	ASSIGNED	APG1 Bootcamp. Day04	2026-10-08T16:41:17+0500
namorjer	28042	ASSIGNED	APG1 Bootcamp.  Day05	2026-10-08T16:41:17+0500
namorjer	28043	ASSIGNED	APG1 Bootcamp.  Day06	2026-10-08T16:41:17+0500
namorjer	28044	ASSIGNED	APG1 Bootcamp. Day07	2026-10-08T16:41:17+0500
namorjer	28045	ASSIGNED	APG1 Bootcamp. Day08	2026-10-08T16:41:17+0500
namorjer	28046	ASSIGNED	APG1 Bootcamp. Day09	2026-10-08T16:41:17+0500
namorjer	28047	ASSIGNED	APG1 Bootcamp. Team00	2026-10-08T16:41:17+0500
namorjer	28048	ASSIGNED	APG1 Bootcamp. Team01	2026-10-08T16:41:17+0500
namorjer	28350	ASSIGNED	APC1 Bootcamp. Team00	2026-10-08T16:41:17+0500
namorjer	40313	ASSIGNED	ROSB1_Intro	2026-10-08T16:41:17+0500
namorjer	40648	ASSIGNED	ROSB2_Advanced node	2026-10-08T16:41:17+0500
namorjer	40649	ASSIGNED	ROSB3_TF library 	2026-10-08T16:41:17+0500
namorjer	40650	ASSIGNED	ROSB4_Robot simulation	2026-10-08T16:41:17+0500
namorjer	40651	ASSIGNED	ROSB5_Robot sensor 	2026-10-08T16:41:17+0500
namorjer	40652	ASSIGNED	ROSB7_Robot mapping	2026-10-08T16:41:17+0500
namorjer	40653	ASSIGNED	ROSB8_Robot navigation	2026-10-08T16:41:17+0500
namorjer	40655	ASSIGNED	ROSB9_MoveIt arm control	2026-10-08T16:41:17+0500
namorjer	40656	ASSIGNED	ROSB10_Computer vision 	2026-10-08T16:41:17+0500
namorjer	40657	ASSIGNED	ROSB11_Robot behaviors 	2026-10-08T16:41:17+0500
namorjer	40658	ASSIGNED	ROSB6_Robot programming	2026-10-08T16:41:17+0500
namorjer	40659	ASSIGNED	ROSB12_Robotics Pro	2026-10-08T16:41:17+0500
namorjer	40886	ASSIGNED	APP1 Bootcamp. Day09	2026-10-08T16:41:17+0500
namorjer	40910	ACCEPTED	SQLB2_Retrieving data	2026-10-08T16:41:17+0500
namorjer	40911	ACCEPTED	SQLB3_Retrieving data deep dive	2026-10-08T16:41:17+0500
namorjer	40912	ACCEPTED	SQLB4_DML	2026-10-08T16:41:17+0500
namorjer	40913	ACCEPTED	SQLB5_Snapshots	2026-10-08T16:41:17+0500
namorjer	40914	ACCEPTED	SQLB7_Database index 	2026-10-08T16:41:17+0500
namorjer	40915	FAILED	SQLB8_Integrating features	2026-10-08T16:41:17+0500
namorjer	40916	FAILED	SQLB9_OLAP	2026-10-08T16:41:17+0500
namorjer	40918	FAILED	SQLB10_Isolation levels	2026-10-08T16:41:17+0500
namorjer	40919	FAILED	SQLB11_Functions and procs	2026-10-08T16:41:17+0500
namorjer	40922	FAILED	SQLB12_Warehouse fundamentals	2026-10-08T16:41:17+0500
namorjer	40964	ACCEPTED	SQLB1_Basics	2026-10-08T16:41:17+0500
namorjer	41377	ASSIGNED	DevOps Exam_DELETE	2026-10-08T16:41:17+0500
namorjer	47708	ACCEPTED	SQLB6_Salesman problem	2026-10-08T16:41:17+0500
namorjer	51184	ASSIGNED	FE1_Browser extensions	2026-10-08T16:41:17+0500
namorjer	51185	ASSIGNED	FE2_Angular framework	2026-10-08T16:41:17+0500
namorjer	51186	ASSIGNED	FE3_Vue framework	2026-10-08T16:41:17+0500
namorjer	51187	ASSIGNED	FE4_CSS and animations	2026-10-08T16:41:17+0500
namorjer	51188	ASSIGNED	FE5_Canvas tag 	2026-10-08T16:41:17+0500
namorjer	51190	ASSIGNED	FE6_WebSocket	2026-10-08T16:41:17+0500
namorjer	51191	ASSIGNED	FE7_Code quality	2026-10-08T16:41:17+0500
namorjer	51202	ASSIGNED	CT2_Dream_job	2026-10-08T16:41:17+0500
namorjer	51205	ASSIGNED	CT1_Self_determination	2026-10-08T16:41:17+0500
namorjer	51210	ASSIGNED	Проект в разработке	2026-10-08T16:41:17+0500
namorjer	51262	ASSIGNED	DB Bootcamp. Day00	2026-10-08T16:41:17+0500
namorjer	51263	ASSIGNED	DB Bootcamp. Day01	2026-10-08T16:41:17+0500
namorjer	51264	ASSIGNED	DB Bootcamp. Day02	2026-10-08T16:41:17+0500
namorjer	51363	ASSIGNED	FEB1_JS	2026-10-08T16:41:17+0500
namorjer	51394	ASSIGNED	FEB2_Native JS	2026-10-08T16:41:17+0500
namorjer	51399	ASSIGNED	FEB3_HTML and CSS	2026-10-08T16:41:17+0500
namorjer	51409	ASSIGNED	FEB4_Advanced Web	2026-10-08T16:41:17+0500
namorjer	51411	ASSIGNED	FEB5_Express framework	2026-10-08T16:41:17+0500
namorjer	51412	ASSIGNED	FEB6_HTML templating	2026-10-08T16:41:17+0500
namorjer	51413	ASSIGNED	DB Bootcamp. Day03	2026-10-08T16:41:17+0500
namorjer	51414	ASSIGNED	FEB7_SeaBattle game	2026-10-08T16:41:17+0500
namorjer	51415	ASSIGNED	FEB8_React	2026-10-08T16:41:17+0500
namorjer	51416	ASSIGNED	FEB9_Memoization	2026-10-08T16:41:17+0500
namorjer	51417	ASSIGNED	FEB10_Data storages	2026-10-08T16:41:17+0500
namorjer	51418	ASSIGNED	FEB11_Routing	2026-10-08T16:41:17+0500
namorjer	51419	ASSIGNED	FEB12_React Redux	2026-10-08T16:41:17+0500
namorjer	51420	ASSIGNED	FEB13_TypeScript	2026-10-08T16:41:17+0500
namorjer	51435	ASSIGNED	DB Bootcamp. Day04	2026-10-08T16:41:17+0500
namorjer	51462	ASSIGNED	FEB14_Web Building	2026-10-08T16:41:17+0500
namorjer	51472	ASSIGNED	EEB1_Basics	2026-10-08T16:41:17+0500
namorjer	51473	ASSIGNED	EEB2_AC circuit analysis	2026-10-08T16:41:17+0500
namorjer	51474	ASSIGNED	EEB3_Circuit calc	2026-10-08T16:41:17+0500
namorjer	51475	ASSIGNED	EEB4_Connection circuits	2026-10-08T16:41:17+0500
namorjer	51476	ASSIGNED	EEB5_Operational amplifiers	2026-10-08T16:41:17+0500
namorjer	51477	ASSIGNED	EEB6_Filters	2026-10-08T16:41:17+0500
namorjer	51478	ASSIGNED	EEB7_Speed control	2026-10-08T16:41:17+0500
namorjer	51479	ASSIGNED	EEB8_Arduino boards	2026-10-08T16:41:17+0500
namorjer	51480	ASSIGNED	EEB9_Module integration	2026-10-08T16:41:17+0500
namorjer	51481	ASSIGNED	EEB10_STM fundamentals	2026-10-08T16:41:17+0500
namorjer	51482	ASSIGNED	EEB11_STM code	2026-10-08T16:41:17+0500
namorjer	51483	ASSIGNED	EEB12_Transferring data	2026-10-08T16:41:17+0500
namorjer	51484	ASSIGNED	EEB13_Satellite odometer	2026-10-08T16:41:17+0500
namorjer	51485	ASSIGNED	DS1_Tweets	2026-10-08T16:41:17+0500
namorjer	51486	ASSIGNED	DS2_Churn prediction	2026-10-08T16:41:17+0500
namorjer	51487	ASSIGNED	DS3_My Spotify	2026-10-08T16:41:17+0500
namorjer	51488	ASSIGNED	DS4_Understanding customer	2026-10-08T16:41:17+0500
namorjer	51489	ASSIGNED	DS5_Uber	2026-10-08T16:41:17+0500
namorjer	51490	ASSIGNED	DS8_Fried Eggs	2026-10-08T16:41:17+0500
namorjer	51491	ASSIGNED	DS7_Amazon	2026-10-08T16:41:17+0500
namorjer	51492	ASSIGNED	DS6_City life	2026-10-08T16:41:17+0500
namorjer	51496	ASSIGNED	DSB1_UNIX Command Line Tools_	2026-10-08T16:41:17+0500
namorjer	51497	ASSIGNED	DSB2_Syntax&Semantics_	2026-10-08T16:41:17+0500
namorjer	51498	ASSIGNED	DSB3_OOP skills_	2026-10-08T16:41:17+0500
namorjer	51499	ASSIGNED	DSB4_Package management_	2026-10-08T16:41:17+0500
namorjer	51500	ASSIGNED	DSB5_Efficient code practices_	2026-10-08T16:41:17+0500
namorjer	51501	ASSIGNED	DSB6_MovieLens Analytics_	2026-10-08T16:41:17+0500
namorjer	51502	ASSIGNED	DSB7_Pandas_	2026-10-08T16:41:17+0500
namorjer	51503	ASSIGNED	DSB8_SQL&Pandas_	2026-10-08T16:41:17+0500
namorjer	51504	ASSIGNED	DSB9_Pandas_SQL& Data Visual_	2026-10-08T16:41:17+0500
namorjer	51505	ASSIGNED	DSB10_Intro to ML_	2026-10-08T16:41:17+0500
namorjer	51506	ASSIGNED	DSB11_ML: Advanced_	2026-10-08T16:41:17+0500
namorjer	51507	ASSIGNED	DSB12_Food&nutrition_	2026-10-08T16:41:17+0500
namorjer	51508	ASSIGNED	DB Bootcamp. Day05	2026-10-08T16:41:17+0500
namorjer	51509	ASSIGNED	DB Bootcamp. Day06	2026-10-08T16:41:17+0500
namorjer	51510	ASSIGNED	DB Bootcamp. Day07	2026-10-08T16:41:17+0500
namorjer	51511	ASSIGNED	DB Bootcamp. Day08	2026-10-08T16:41:17+0500
namorjer	51512	ASSIGNED	DB Bootcamp. Day09	2026-10-08T16:41:17+0500
namorjer	51513	ASSIGNED	DB Bootcamp. Team00	2026-10-08T16:41:17+0500
namorjer	51517	ASSIGNED	CT3_CV_Resume	2026-10-08T16:41:17+0500
namorjer	51518	ASSIGNED	CT4_Interview_	2026-10-08T16:41:17+0500
namorjer	51529	ASSIGNED	CT5_Teamwork_	2026-10-08T16:41:17+0500
namorjer	51652	ASSIGNED	DB Bootcamp. Team01	2026-10-08T16:41:17+0500
namorjer	51654	ASSIGNED	CT6_Corporate_culture 	2026-10-08T16:41:17+0500
namorjer	51659	ASSIGNED	CT7_Corporate_Communication	2026-10-08T16:41:17+0500
namorjer	51660	ASSIGNED	CT8_Career_planning	2026-10-08T16:41:17+0500
namorjer	52870	ASSIGNED	Kotlin Bootcamp. Day00	2026-10-08T16:41:17+0500
namorjer	52871	ASSIGNED	Kotlin Bootcamp. Day01	2026-10-08T16:41:17+0500
namorjer	52872	ASSIGNED	Kotlin Bootcamp. Day02	2026-10-08T16:41:17+0500
namorjer	52873	ASSIGNED	Kotlin Bootcamp. Day03	2026-10-08T16:41:17+0500
namorjer	52878	ASSIGNED	Kotlin Bootcamp. Day04	2026-10-08T16:41:17+0500
namorjer	52879	ASSIGNED	Kotlin Bootcamp. Team00	2026-10-08T16:41:17+0500
namorjer	52880	ASSIGNED	Kotlin Bootcamp. Day05	2026-10-08T16:41:17+0500
namorjer	52881	ASSIGNED	Kotlin Bootcamp. Day06	2026-10-08T16:41:17+0500
namorjer	52882	ASSIGNED	Kotlin Bootcamp. Day07	2026-10-08T16:41:17+0500
namorjer	52883	ASSIGNED	Kotlin Bootcamp. Day08	2026-10-08T16:41:17+0500
namorjer	52884	ASSIGNED	Kotlin Bootcamp. Day09	2026-10-08T16:41:17+0500
namorjer	52885	ASSIGNED	Kotlin Bootcamp. Team01	2026-10-08T16:41:17+0500
namorjer	53016	ASSIGNED	Java Bootcamp. Day00	2026-10-08T16:41:17+0500
namorjer	53017	ASSIGNED	Java Bootcamp. Day01	2026-10-08T16:41:17+0500
namorjer	53018	ASSIGNED	Java Bootcamp. Day02	2026-10-08T16:41:17+0500
namorjer	53019	ASSIGNED	Java Bootcamp. Day03	2026-10-08T16:41:17+0500
namorjer	53020	ASSIGNED	Java Bootcamp. Day04	2026-10-08T16:41:17+0500
namorjer	53021	ASSIGNED	Java Bootcamp. Team00	2026-10-08T16:41:17+0500
namorjer	53022	ASSIGNED	Java Bootcamp. Day05	2026-10-08T16:41:17+0500
namorjer	53025	ASSIGNED	Java Bootcamp. Day06	2026-10-08T16:41:17+0500
namorjer	53026	ASSIGNED	Java Bootcamp. Day07	2026-10-08T16:41:17+0500
namorjer	53035	ASSIGNED	Java Bootcamp. Day08	2026-10-08T16:41:17+0500
namorjer	53036	ASSIGNED	Java Bootcamp. Day09	2026-10-08T16:41:17+0500
namorjer	53037	ASSIGNED	Java Bootcamp. Team01	2026-10-08T16:41:17+0500
namorjer	57572	ASSIGNED	CPP Exam	2026-10-08T16:41:17+0500
namorjer	57573	ASSIGNED	CPPE-T	2026-10-08T16:41:17+0500
namorjer	59888	ASSIGNED	Core final testing	2026-10-08T16:41:17+0500
namorjer	59889	ASSIGNED	Core final exam	2026-10-08T16:41:17+0500
namorjer	60672	ASSIGNED	Swift Bootcamp. Day00	2026-10-08T16:41:17+0500
namorjer	60673	ASSIGNED	Swift Bootcamp. Day01	2026-10-08T16:41:17+0500
namorjer	60674	ASSIGNED	Swift Bootcamp. Day02	2026-10-08T16:41:17+0500
namorjer	60675	ASSIGNED	Swift Bootcamp. Day03	2026-10-08T16:41:17+0500
namorjer	60676	ASSIGNED	Swift Bootcamp. Day04	2026-10-08T16:41:17+0500
namorjer	60677	ASSIGNED	Swift Bootcamp. Team00	2026-10-08T16:41:17+0500
namorjer	60680	ASSIGNED	Swift Bootcamp. Day05	2026-10-08T16:41:17+0500
namorjer	60681	ASSIGNED	Swift Bootcamp. Day06	2026-10-08T16:41:17+0500
namorjer	60682	ASSIGNED	Swift Bootcamp. Day07	2026-10-08T16:41:17+0500
namorjer	60683	ASSIGNED	Swift Bootcamp. Day08	2026-10-08T16:41:17+0500
namorjer	60684	ASSIGNED	Swift Bootcamp. Day09	2026-10-08T16:41:17+0500
namorjer	60685	ASSIGNED	Swift Bootcamp. Team01	2026-10-08T16:41:17+0500
namorjer	61411	ASSIGNED	DO7_Docker Compose	2026-10-08T16:41:17+0500
namorjer	61424	ASSIGNED	DO8_AutomationTools	2026-10-08T16:41:17+0500
namorjer	61425	ASSIGNED	DO9_Monitoring	2026-10-08T16:41:17+0500
namorjer	61426	ASSIGNED	DO10_BasicK8s	2026-10-08T16:41:17+0500
namorjer	61427	ASSIGNED	DO11_AdvK8s	2026-10-08T16:41:17+0500
namorjer	61428	ASSIGNED	DO12_Helm	2026-10-08T16:41:17+0500
namorjer	62392	ASSIGNED	ML1_Introduction	2026-10-08T16:41:17+0500
namorjer	62393	ASSIGNED	ML2_Supervised learning	2026-10-08T16:41:17+0500
namorjer	62394	ASSIGNED	ML3_Validation	2026-10-08T16:41:17+0500
namorjer	62395	ASSIGNED	ML4_Classification problems	2026-10-08T16:41:17+0500
namorjer	62396	ASSIGNED	ML5_Decision trees	2026-10-08T16:41:17+0500
namorjer	62397	ASSIGNED	ML6_Unsupervised learning	2026-10-08T16:41:17+0500
namorjer	62398	ASSIGNED	ML7_Clustering algorithms	2026-10-08T16:41:17+0500
namorjer	62399	ASSIGNED	ML8_Neural networks	2026-10-08T16:41:17+0500
namorjer	62400	ASSIGNED	ML9_Convolutional networks 	2026-10-08T16:41:17+0500
namorjer	62401	ASSIGNED	ML10_RNNs	2026-10-08T16:41:17+0500
namorjer	62403	ASSIGNED	ML11_Attention mechanism	2026-10-08T16:41:17+0500
namorjer	62404	ASSIGNED	ML12_Generative ML	2026-10-08T16:41:17+0500
namorjer	62813	ASSIGNED	SA1_Software specs	2026-10-08T16:41:17+0500
namorjer	62825	ASSIGNED	SA2_Software quality	2026-10-08T16:41:17+0500
namorjer	62826	ASSIGNED	SA3_Requirements analysis	2026-10-08T16:41:17+0500
namorjer	62827	ASSIGNED	SA4_SDD	2026-10-08T16:41:17+0500
namorjer	62828	ASSIGNED	SA5_Complex architecture	2026-10-08T16:41:17+0500
namorjer	62829	ASSIGNED	SA6_TOGAF framework	2026-10-08T16:41:17+0500
namorjer	62954	ACCEPTED	BE1_HttpAuth	2026-10-08T16:41:17+0500
namorjer	62955	ACCEPTED	BE2_APIFromSpec	2026-10-08T16:41:17+0500
namorjer	62957	ACCEPTED	BE3_Nginx Pro	2026-10-08T16:41:17+0500
namorjer	62958	ACCEPTED	BE4_GRPCAuth	2026-10-08T16:41:17+0500
namorjer	62959	ASSIGNED	BE5_Message broker	2026-10-08T16:41:17+0500
namorjer	62960	ASSIGNED	BE6_Data sharding	2026-10-08T16:41:17+0500
namorjer	62961	ASSIGNED	GD1_Meeting Unity	2026-10-08T16:41:17+0500
namorjer	62962	ASSIGNED	GD2_Game Design	2026-10-08T16:41:17+0500
namorjer	62963	ASSIGNED	GD3_DOD	2026-10-08T16:41:17+0500
namorjer	62964	ASSIGNED	GD4_Multiplayer	2026-10-08T16:41:17+0500
namorjer	62966	ASSIGNED	GD5_Shaders	2026-10-08T16:41:17+0500
namorjer	62967	ASSIGNED	GD6_Hypercasual	2026-10-08T16:41:17+0500
namorjer	62968	ASSIGNED	GD7_Unreal Engine	2026-10-08T16:41:17+0500
namorjer	63932	ASSIGNED	DO14_Final	2026-10-08T16:41:17+0500
namorjer	63934	ASSIGNED	DO13_CICD Pipeline	2026-10-08T16:41:17+0500
namorjer	64043	ASSIGNED	Mobile Kotlin_BasicApp	2026-10-08T16:41:17+0500
namorjer	64044	ASSIGNED	Mobile Kotlin_AuthApp	2026-10-08T16:41:17+0500
namorjer	64049	ASSIGNED	Mobile Swift_BasicApp	2026-10-08T16:41:17+0500
namorjer	64050	ASSIGNED	Mobile Swift_AuthApp	2026-10-08T16:41:17+0500
namorjer	64402	ASSIGNED	FE8_Data vis	2026-10-08T16:41:17+0500
namorjer	66062	ASSIGNED	DevOps Exam	2026-10-08T16:41:17+0500
namorjer	67412	ASSIGNED	CPP_Ex-p	2026-10-08T16:41:17+0500
namorjer	67417	ASSIGNED	CPP_Ex-t	2026-10-08T16:41:17+0500
namorjer	68823	ASSIGNED	C_Ex-t	2026-10-08T16:41:17+0500
namorjer	68824	ASSIGNED	C_Ex-p	2026-10-08T16:41:17+0500
namorjer	68883	ASSIGNED	SQL_Ex-t	2026-10-08T16:41:17+0500
namorjer	68901	ASSIGNED	SQL_Ex-p	2026-10-08T16:41:17+0500
namorjer	68976	ASSIGNED	DO_Ex-t	2026-10-08T16:41:17+0500
namorjer	68977	ASSIGNED	A_Ex-t	2026-10-08T16:41:17+0500
namorjer	69039	ASSIGNED	AP1-CS-T01	2026-10-08T16:41:17+0500
namorjer	69040	ASSIGNED	AP1-CS-T02	2026-10-08T16:41:17+0500
namorjer	69041	ASSIGNED	AP1-CS-P01	2026-10-08T16:41:17+0500
namorjer	69042	ASSIGNED	AP1-CS-T03	2026-10-08T16:41:17+0500
namorjer	69043	ASSIGNED	AP1-CS-T04B	2026-10-08T16:41:17+0500
namorjer	69044	ASSIGNED	AP1-CS-T05B	2026-10-08T16:41:17+0500
namorjer	69045	FAILED	AP1-Go-T01	2026-10-08T16:41:17+0500
namorjer	69046	FAILED	AP1-Go-T02	2026-10-08T16:41:17+0500
namorjer	69047	ACCEPTED	AP1-Go-P01	2026-10-08T16:41:17+0500
namorjer	69048	FAILED	AP1-Go-T03	2026-10-08T16:41:17+0500
namorjer	69049	ACCEPTED	AP1-Go-T04B	2026-10-08T16:41:17+0500
namorjer	69051	ACCEPTED	AP1-Go-T05B	2026-10-08T16:41:17+0500
namorjer	69052	FAILED	C7_BrickGame_v1.0	2026-10-08T16:41:17+0500
namorjer	69053	ASSIGNED	CPP3_BrickGame_v2.0	2026-10-08T16:41:17+0500
namorjer	69055	ASSIGNED	AP2_BrickGame_v3.0_Python	2026-10-08T16:41:17+0500
namorjer	69056	ASSIGNED	AP2_BrickGame_v3.0_Jv	2026-10-08T16:41:17+0500
namorjer	69057	ASSIGNED	AP2_BrickGame v3.0_JS	2026-10-08T16:41:17+0500
namorjer	69058	ASSIGNED	AP2_BrickGame_v3.0_Go	2026-10-08T16:41:17+0500
namorjer	69059	ASSIGNED	AP2_BrickGame_v3.0_C#	2026-10-08T16:41:17+0500
namorjer	69060	ASSIGNED	AP2_BrickGame_v3.0_Kt	2026-10-08T16:41:17+0500
namorjer	69061	ASSIGNED	AP2_BrickGame_v3.0_Sw	2026-10-08T16:41:17+0500
namorjer	69062	ACCEPTED	AP1-Jv-T01	2026-10-08T16:41:17+0500
namorjer	69063	ACCEPTED	AP1-Jv-T02	2026-10-08T16:41:17+0500
namorjer	69064	FAILED	AP1-Jv-P01	2026-10-08T16:41:17+0500
namorjer	69065	ACCEPTED	AP1-Jv-T03	2026-10-08T16:41:17+0500
namorjer	69066	ACCEPTED	AP1-Jv-T04B	2026-10-08T16:41:17+0500
namorjer	69067	ACCEPTED	AP1-Jv-T05B	2026-10-08T16:41:17+0500
namorjer	69068	ASSIGNED	AP1-Jv-T04M	2026-10-08T16:41:17+0500
namorjer	69069	ASSIGNED	AP1-Jv-T05M	2026-10-08T16:41:17+0500
namorjer	69070	IN_PROGRESS	AP1-JS-T01	2026-10-08T16:41:17+0500
namorjer	69071	ASSIGNED	AP1-JS-T02	2026-10-08T16:41:17+0500
namorjer	69072	ASSIGNED	AP1-JS-P01	2026-10-08T16:41:17+0500
namorjer	69073	ASSIGNED	AP1-JS-T03	2026-10-08T16:41:17+0500
namorjer	69074	ASSIGNED	AP1-JS-T04F	2026-10-08T16:41:17+0500
namorjer	69075	ASSIGNED	AP1-JS-T05F	2026-10-08T16:41:17+0500
namorjer	69076	ASSIGNED	AP1-JS-T04B	2026-10-08T16:41:17+0500
namorjer	69077	ASSIGNED	AP1-JS-T05B	2026-10-08T16:41:17+0500
namorjer	69078	ASSIGNED	AP1-Kt-T01	2026-10-08T16:41:17+0500
namorjer	69079	ASSIGNED	AP1-Kt-T02	2026-10-08T16:41:17+0500
namorjer	69080	ASSIGNED	AP1-Kt-P01	2026-10-08T16:41:17+0500
namorjer	69081	ASSIGNED	AP1-Kt-T03	2026-10-08T16:41:17+0500
namorjer	69082	ASSIGNED	AP1-Kt-T04M	2026-10-08T16:41:17+0500
namorjer	69083	ASSIGNED	AP1-Kt-T05M	2026-10-08T16:41:17+0500
namorjer	69084	ASSIGNED	AP1-Kt-T04B	2026-10-08T16:41:17+0500
namorjer	69085	ASSIGNED	AP1-Kt-T05B	2026-10-08T16:41:17+0500
namorjer	69086	ASSIGNED	AP1-Py-T01	2026-10-08T16:41:17+0500
namorjer	69087	ASSIGNED	AP1-Py-T02	2026-10-08T16:41:17+0500
namorjer	69088	ASSIGNED	AP1-Py-P01	2026-10-08T16:41:17+0500
namorjer	69089	ASSIGNED	AP1-Py-T04B	2026-10-08T16:41:17+0500
namorjer	69090	ASSIGNED	AP1-Py-T03	2026-10-08T16:41:17+0500
namorjer	69091	ASSIGNED	AP1-Py-T05B	2026-10-08T16:41:17+0500
namorjer	69094	ASSIGNED	AP1-Sw-T01	2026-10-08T16:41:17+0500
namorjer	69096	ASSIGNED	AP1-Sw-T02	2026-10-08T16:41:17+0500
namorjer	69097	ASSIGNED	AP1-Sw-P01	2026-10-08T16:41:17+0500
namorjer	69098	ASSIGNED	AP1-Sw-T03	2026-10-08T16:41:17+0500
namorjer	69099	ASSIGNED	AP1-Sw-T04M	2026-10-08T16:41:17+0500
namorjer	69100	ASSIGNED	AP1-Sw-T05M	2026-10-08T16:41:17+0500
namorjer	69101	ASSIGNED	AP1-Sw-T04B	2026-10-08T16:41:17+0500
namorjer	69102	ASSIGNED	AP1-Sw-T05B	2026-10-08T16:41:17+0500
namorjer	69103	ASSIGNED	A1_Maze_C	2026-10-08T16:41:17+0500
namorjer	69104	ASSIGNED	A2_SimpleNavigator_v1.0_C	2026-10-08T16:41:17+0500
namorjer	69105	ASSIGNED	A3_Parallels_C	2026-10-08T16:41:17+0500
namorjer	69106	ASSIGNED	A4_Crypto_C	2026-10-08T16:41:17+0500
namorjer	69107	ASSIGNED	A5_s21_memory_C	2026-10-08T16:41:17+0500
namorjer	69108	ASSIGNED	A6_Transactions_C	2026-10-08T16:41:17+0500
namorjer	69109	ASSIGNED	A7_DNA_Analyzer_C	2026-10-08T16:41:17+0500
namorjer	69110	ASSIGNED	A8_Algorithmic_trading_C	2026-10-08T16:41:17+0500
namorjer	69113	ASSIGNED	A1_Maze_CPP	2026-10-08T16:41:17+0500
namorjer	69114	ASSIGNED	A1_Maze_Py	2026-10-08T16:41:17+0500
namorjer	69115	ASSIGNED	A1_Maze_Go	2026-10-08T16:41:17+0500
namorjer	69116	ASSIGNED	A1_Maze_Jv	2026-10-08T16:41:17+0500
namorjer	69117	ASSIGNED	A1_Maze_JS	2026-10-08T16:41:17+0500
namorjer	69118	ASSIGNED	A1_Maze_C#	2026-10-08T16:41:17+0500
namorjer	69119	ASSIGNED	A1_Maze_Kt	2026-10-08T16:41:17+0500
namorjer	69120	ASSIGNED	A1_Maze_Sw	2026-10-08T16:41:17+0500
namorjer	69121	ASSIGNED	A2_SimpleNavigator_v1.0_CPP	2026-10-08T16:41:17+0500
namorjer	69122	ASSIGNED	A2_SimpleNavigator_v1.0_Py	2026-10-08T16:41:17+0500
namorjer	69123	ASSIGNED	A2_SimpleNavigator_v1.0_Go	2026-10-08T16:41:17+0500
namorjer	69124	ASSIGNED	A2_SimpleNavigator_v1.0_Jv	2026-10-08T16:41:17+0500
namorjer	69125	ASSIGNED	A2_SimpleNavigator_v1.0_JS	2026-10-08T16:41:17+0500
namorjer	69126	ASSIGNED	A2_SimpleNavigator_v1.0_C#	2026-10-08T16:41:17+0500
namorjer	69127	ASSIGNED	A2_SimpleNavigator_v1.0_Kt	2026-10-08T16:41:17+0500
namorjer	69128	ASSIGNED	A2_SimpleNavigator_v1.0_Sw	2026-10-08T16:41:17+0500
namorjer	69140	ASSIGNED	IOS1_UIKit	2026-10-08T16:41:17+0500
namorjer	69188	ASSIGNED	APJ_Ex-t	2026-10-08T16:41:17+0500
namorjer	69205	ASSIGNED	AND1_Activity	2026-10-08T16:41:17+0500
namorjer	69277	ASSIGNED	APG_Ex-t	2026-10-08T16:41:17+0500
namorjer	69278	ASSIGNED	APCS_Ex-t	2026-10-08T16:41:17+0500
namorjer	69279	ASSIGNED	APP_Ex-t	2026-10-08T16:41:17+0500
namorjer	69280	ASSIGNED	APJS_Ex-t	2026-10-08T16:41:17+0500
namorjer	69281	ASSIGNED	APS_Ex-t	2026-10-08T16:41:17+0500
namorjer	69282	ASSIGNED	APK_Ex-t	2026-10-08T16:41:17+0500
namorjer	69337	ASSIGNED	PjM1_ProjPM	2026-10-08T16:41:17+0500
namorjer	69372	ASSIGNED	PjM2_LifeCycle	2026-10-08T16:41:17+0500
namorjer	69373	ASSIGNED	PjM3_BasicM	2026-10-08T16:41:17+0500
namorjer	69463	ASSIGNED	AND2_Async operations	2026-10-08T16:41:17+0500
namorjer	69464	ASSIGNED	AND3_Custom View	2026-10-08T16:41:17+0500
namorjer	69465	ASSIGNED	AND4_Notification	2026-10-08T16:41:17+0500
namorjer	69466	ASSIGNED	AND5_OpenGL	2026-10-08T16:41:17+0500
namorjer	69467	ASSIGNED	AND6_Test	2026-10-08T16:41:17+0500
namorjer	69468	ASSIGNED	AND7_Gradle	2026-10-08T16:41:17+0500
namorjer	69469	ASSIGNED	AND8_Compose	2026-10-08T16:41:17+0500
namorjer	69478	ASSIGNED	IOS2_SwiftUI	2026-10-08T16:41:17+0500
namorjer	69534	ASSIGNED	IOS5_Maps	2026-10-08T16:41:17+0500
namorjer	69535	ASSIGNED	IOS6_Additional	2026-10-08T16:41:17+0500
namorjer	69538	ASSIGNED	IOS3_Network	2026-10-08T16:41:17+0500
namorjer	69539	ASSIGNED	IOS4_DataStorage	2026-10-08T16:41:17+0500
namorjer	69540	ASSIGNED	BSA00_Decomposition	2026-10-08T16:41:17+0500
namorjer	69541	ASSIGNED	BSA1_Stakeholders	2026-10-08T16:41:17+0500
namorjer	69542	ASSIGNED	BSA2_Requirements	2026-10-08T16:41:17+0500
namorjer	69543	ASSIGNED	BSA3_HowToRequirements	2026-10-08T16:41:17+0500
namorjer	69544	ASSIGNED	BSA4_Domains	2026-10-08T16:41:17+0500
namorjer	69545	ASSIGNED	BSA5_Diagrams	2026-10-08T16:41:17+0500
namorjer	69546	ASSIGNED	BSA6_BPMN	2026-10-08T16:41:17+0500
namorjer	69547	ASSIGNED	BSA7_UserStory	2026-10-08T16:41:17+0500
namorjer	69548	ASSIGNED	BSA8_UseCase	2026-10-08T16:41:17+0500
namorjer	69549	ASSIGNED	BSA9_Objects and Roles	2026-10-08T16:41:17+0500
namorjer	69550	ASSIGNED	BSA10_FR Design	2026-10-08T16:41:17+0500
namorjer	69551	ASSIGNED	BSA11_UserInterfaces	2026-10-08T16:41:17+0500
namorjer	69552	ASSIGNED	BSA12_NFRs	2026-10-08T16:41:17+0500
namorjer	69553	ASSIGNED	BSA13_ReqMgmt	2026-10-08T16:41:17+0500
namorjer	69554	ASSIGNED	BSA14_SystemIntegration	2026-10-08T16:41:17+0500
namorjer	69555	ASSIGNED	BSA15_REST	2026-10-08T16:41:17+0500
namorjer	69556	ASSIGNED	BSA16_SOAP	2026-10-08T16:41:17+0500
namorjer	69627	ASSIGNED	CT9_Educational way	2026-10-08T16:41:17+0500
namorjer	69676	ASSIGNED	IOS7_Test	2026-10-08T16:41:17+0500
namorjer	70735	ASSIGNED	A3_Parallels_CPP	2026-10-08T16:41:17+0500
namorjer	70736	ASSIGNED	A3_Parallels_Py	2026-10-08T16:41:17+0500
namorjer	70737	ASSIGNED	A3_Parallels_Go	2026-10-08T16:41:17+0500
namorjer	70738	ASSIGNED	A3_Parallels_Jv	2026-10-08T16:41:17+0500
namorjer	70739	ASSIGNED	A3_Parallels_JS	2026-10-08T16:41:17+0500
namorjer	70740	ASSIGNED	A3_Parallels_C#	2026-10-08T16:41:17+0500
namorjer	70741	ASSIGNED	A3_Parallels_Kt	2026-10-08T16:41:17+0500
namorjer	70742	ASSIGNED	A3_Parallels_Sw	2026-10-08T16:41:17+0500
namorjer	70756	ASSIGNED	A5_s21_memory_CPP	2026-10-08T16:41:17+0500
namorjer	70757	ASSIGNED	A4_Crypto_CPP	2026-10-08T16:41:17+0500
namorjer	70758	ASSIGNED	A4_Crypto_Py	2026-10-08T16:41:17+0500
namorjer	70759	ASSIGNED	A4_Crypto_Go	2026-10-08T16:41:17+0500
namorjer	70760	ASSIGNED	A4_Crypto_Jv	2026-10-08T16:41:17+0500
namorjer	70761	ASSIGNED	A4_Crypto_JS	2026-10-08T16:41:17+0500
namorjer	70762	ASSIGNED	A4_Crypto_C#	2026-10-08T16:41:17+0500
namorjer	70763	ASSIGNED	A4_Crypto_Kt	2026-10-08T16:41:17+0500
namorjer	70764	ASSIGNED	A4_Crypto_Sw	2026-10-08T16:41:17+0500
namorjer	70767	ASSIGNED	A6_Transactions_CPP	2026-10-08T16:41:17+0500
namorjer	70768	ASSIGNED	A6_Transactions_Py	2026-10-08T16:41:17+0500
namorjer	70769	ASSIGNED	A6_Transactions_Go	2026-10-08T16:41:17+0500
namorjer	70770	ASSIGNED	A6_Transactions_Jv	2026-10-08T16:41:17+0500
namorjer	70771	ASSIGNED	A6_Transactions_JS	2026-10-08T16:41:17+0500
namorjer	70772	ASSIGNED	A6_Transactions_C#	2026-10-08T16:41:17+0500
namorjer	70773	ASSIGNED	A6_Transactions_Kt	2026-10-08T16:41:17+0500
namorjer	70774	ASSIGNED	A6_Transactions_Sw	2026-10-08T16:41:17+0500
namorjer	70781	ASSIGNED	A7_DNA_Analyzer_CPP	2026-10-08T16:41:17+0500
namorjer	70782	ASSIGNED	A7_DNA Analyzer_Py	2026-10-08T16:41:17+0500
namorjer	70783	ASSIGNED	A7_DNA_Analyzer_Go	2026-10-08T16:41:17+0500
namorjer	70784	ASSIGNED	A7_DNA Analyzer_Jv	2026-10-08T16:41:17+0500
namorjer	70785	ASSIGNED	A7_DNA Analyzer_JS	2026-10-08T16:41:17+0500
namorjer	70786	ASSIGNED	A7_DNA_Analyzer_C#	2026-10-08T16:41:17+0500
namorjer	70787	ASSIGNED	A7_DNA_Analyzer_Kt	2026-10-08T16:41:17+0500
namorjer	70788	ASSIGNED	A7_DNA_Analyzer_Sw	2026-10-08T16:41:17+0500
namorjer	70795	ASSIGNED	A8_Algorithmic_trading_CPP	2026-10-08T16:41:17+0500
namorjer	70796	ASSIGNED	A8_Algorithmic trading_Py	2026-10-08T16:41:17+0500
namorjer	70797	ASSIGNED	A8_Algorithmic_trading_Go	2026-10-08T16:41:17+0500
namorjer	70798	ASSIGNED	A8_Algorithmic trading_Jv	2026-10-08T16:41:17+0500
namorjer	70799	ASSIGNED	A8_Algorithmic trading_JS	2026-10-08T16:41:17+0500
namorjer	70800	ASSIGNED	A8_Algorithmic_trading_C#	2026-10-08T16:41:17+0500
namorjer	70801	ASSIGNED	A8_Algorithmic_trading_Kt	2026-10-08T16:41:17+0500
namorjer	70802	ASSIGNED	A8_Algorithmic_trading_Sw	2026-10-08T16:41:17+0500
namorjer	70843	ASSIGNED	AP5_BrickGame_v4.0_Python	2026-10-08T16:41:17+0500
namorjer	70844	ASSIGNED	AP5_BrickGame_v4.0_C#	2026-10-08T16:41:17+0500
namorjer	70845	ASSIGNED	AP5_BrickGame_v4.0_Jv	2026-10-08T16:41:17+0500
namorjer	70846	ASSIGNED	AP5_BrickGame_v4.0_JS	2026-10-08T16:41:17+0500
namorjer	70847	ASSIGNED	AP5_BrickGame_v4.0_Go	2026-10-08T16:41:17+0500
namorjer	70848	ASSIGNED	AP5_BrickGame_v4.0_Kt	2026-10-08T16:41:17+0500
namorjer	70849	ASSIGNED	AP5_BrickGame_v4.0_Sw	2026-10-08T16:41:17+0500
namorjer	70922	ASSIGNED	PG1_Pangolin	2026-10-08T16:41:17+0500
namorjer	71028	ASSIGNED	CbS1_Networking_basics_Part 1	2026-10-08T16:41:17+0500
namorjer	71029	ASSIGNED	CbS2_Networking_basics_Part 2	2026-10-08T16:41:17+0500
namorjer	71030	ASSIGNED	CbS3_Networking_basics_Part 3	2026-10-08T16:41:17+0500
namorjer	71031	ASSIGNED	CbS4_Networking_basics_Part 4	2026-10-08T16:41:17+0500
namorjer	71032	ASSIGNED	CbS5_Linux_basics	2026-10-08T16:41:17+0500
namorjer	71033	ASSIGNED	CbS6_Windows_basics	2026-10-08T16:41:17+0500
namorjer	71034	ASSIGNED	CbS8_Crypto_symmetric	2026-10-08T16:41:17+0500
namorjer	71035	ASSIGNED	CbS7_Crypto_intro	2026-10-08T16:41:17+0500
namorjer	71036	ASSIGNED	CbS9_Crypto_asymmetric	2026-10-08T16:41:17+0500
namorjer	71037	ASSIGNED	CbS10_Data_channel_protection	2026-10-08T16:41:17+0500
namorjer	71039	ASSIGNED	CbS12_Network_attacks	2026-10-08T16:41:17+0500
namorjer	71040	ASSIGNED	CbS13_Threat_detection_principles	2026-10-08T16:41:17+0500
namorjer	71041	ASSIGNED	CbS14_Designing_secure_networks	2026-10-08T16:41:17+0500
namorjer	71042	ASSIGNED	CbS15_IS_legislation	2026-10-08T16:41:17+0500
namorjer	71043	ASSIGNED	CbS16_Project_lifecycle	2026-10-08T16:41:17+0500
namorjer	71044	ASSIGNED	CbS17_Physical_security	2026-10-08T16:41:17+0500
namorjer	71045	ASSIGNED	CbS18_Social_engineering	2026-10-08T16:41:17+0500
namorjer	71963	ASSIGNED	QA1_Foundation	2026-10-08T16:41:17+0500
namorjer	71971	ASSIGNED	QA2_Test artifacts	2026-10-08T16:41:17+0500
namorjer	72004	ASSIGNED	AP4_Info21 v2.0 Web_Python 	2026-10-08T16:41:17+0500
namorjer	72005	ASSIGNED	AP4_Info21 v2.0 Web_Jv	2026-10-08T16:41:17+0500
namorjer	72006	ASSIGNED	AP4_Info21 v2.0 Web_JS	2026-10-08T16:41:17+0500
namorjer	72007	ASSIGNED	AP4_Info21 v2.0 Web_Go	2026-10-08T16:41:17+0500
namorjer	72008	ASSIGNED	AP4_Info21 v2.0 Web_C#	2026-10-08T16:41:17+0500
namorjer	72009	ASSIGNED	AP4_Info21 v2.0 Web_Kt	2026-10-08T16:41:17+0500
namorjer	72010	ASSIGNED	AP4_Info21 v2.0 Web_Sw	2026-10-08T16:41:17+0500
namorjer	72011	ASSIGNED	AP6_RetailAnalitycs v2.0 Web_Jv	2026-10-08T16:41:17+0500
namorjer	72012	ASSIGNED	AP6_RetailAnalitycs v2.0 Web_Python	2026-10-08T16:41:17+0500
namorjer	72013	ASSIGNED	AP6_RetailAnalitycs v2.0 Web_JS	2026-10-08T16:41:17+0500
namorjer	72015	ASSIGNED	AP6_RetailAnalitycs v2.0 Web_Go	2026-10-08T16:41:17+0500
namorjer	72016	ASSIGNED	AP6_RetailAnalitycs v2.0 Web_C#	2026-10-08T16:41:17+0500
namorjer	72026	ASSIGNED	AP6_RetailAnalitycs v2.0 Web_Kt	2026-10-08T16:41:17+0500
namorjer	72027	ASSIGNED	AP6_RetailAnalitycs v2.0 Web_Sw	2026-10-08T16:41:17+0500
namorjer	72160	ASSIGNED	AP3_SpecialtyCoffee_Python	2026-10-08T16:41:17+0500
namorjer	72161	ASSIGNED	AP3_SpecialtyCoffee_Jv	2026-10-08T16:41:17+0500
namorjer	72164	ASSIGNED	AP3_SpecialtyCoffee_JS	2026-10-08T16:41:17+0500
namorjer	72165	ASSIGNED	AP3_SpecialtyCoffee_Go	2026-10-08T16:41:17+0500
namorjer	72166	ASSIGNED	AP3_SpecialtyCoffee_C#	2026-10-08T16:41:17+0500
namorjer	72167	ASSIGNED	AP3_SpecialtyCoffee_Kt	2026-10-08T16:41:17+0500
namorjer	72168	ASSIGNED	AP3_SpecialtyCoffee_Sw	2026-10-08T16:41:17+0500
namorjer	72454	ASSIGNED	BSA_Ex	2026-10-08T16:41:17+0500
namorjer	72687	ASSIGNED	AQA1_Basics	2026-10-08T16:41:17+0500
namorjer	72791	ASSIGNED	CbS11_Enterprise_IT_landscape	2026-10-08T16:41:17+0500
namorjer	72880	ASSIGNED	QA3_Test design and test analysis	2026-10-08T16:41:17+0500
namorjer	72911	ASSIGNED	CT_Part3	2026-10-08T16:41:17+0500
namorjer	72919	ASSIGNED	AQA2_API testing	2026-10-08T16:41:17+0500
namorjer	72920	ASSIGNED	AQA3_UI Web testing	2026-10-08T16:41:17+0500
namorjer	72935	ASSIGNED	QA4_Types and levels of testing	2026-10-08T16:41:17+0500
namorjer	72939	ASSIGNED	QA5_Defects	2026-10-08T16:41:17+0500
namorjer	72944	ASSIGNED	QA6_Web testing	2026-10-08T16:41:17+0500
namorjer	72946	ASSIGNED	QA7_Backend testing	2026-10-08T16:41:17+0500
namorjer	72957	ASSIGNED	QA8_Mobile testing	2026-10-08T16:41:17+0500
namorjer	72958	ASSIGNED	QA9_Basics of Web Security	2026-10-08T16:41:17+0500
namorjer	72998	ASSIGNED	AQA4_Mobile testing	2026-10-08T16:41:17+0500
namorjer	73030	ACCEPTED	CT1_Self-determination	2026-10-08T16:41:17+0500
namorjer	73031	ACCEPTED	CT2_Dream job	2026-10-08T16:41:17+0500
namorjer	73032	ASSIGNED	CT3_CV Resume	2026-10-08T16:41:17+0500
namorjer	73033	ASSIGNED	CT4_Interview	2026-10-08T16:41:17+0500
namorjer	73034	ASSIGNED	CT5_Teamwork	2026-10-08T16:41:17+0500
namorjer	73035	ASSIGNED	CT6_Corporate culture	2026-10-08T16:41:17+0500
namorjer	73036	ASSIGNED	CT7_Corporate Communication	2026-10-08T16:41:17+0500
namorjer	73037	ASSIGNED	CT8_Career planning	2026-10-08T16:41:17+0500
namorjer	73202	ACCEPTED	SberJv1_Team Git workflow	2026-10-08T16:41:17+0500
namorjer	73204	ACCEPTED	SberJv2_Setup	2026-10-08T16:41:17+0500
namorjer	73205	ASSIGNED	QA_Ex	2026-10-08T16:41:17+0500
namorjer	73206	ACCEPTED	SberJv3_Clean code	2026-10-08T16:41:17+0500
namorjer	73207	ACCEPTED	SberJv5_Observability	2026-10-08T16:41:17+0500
namorjer	73209	ASSIGNED	SberJv6_DB Performance	2026-10-08T16:41:17+0500
namorjer	73210	ASSIGNED	BInf1_PlasmidQC	2026-10-08T16:41:17+0500
namorjer	73212	ASSIGNED	BInf2_HBBScan	2026-10-08T16:41:17+0500
namorjer	73216	ASSIGNED	BInf3_GenomeMatch	2026-10-08T16:41:17+0500
namorjer	73226	ASSIGNED	BInf4_FLM splice	2026-10-08T16:41:17+0500
namorjer	73227	ASSIGNED	BInf5_Soma align	2026-10-08T16:41:17+0500
namorjer	73228	ASSIGNED	BInf6_BlaNDM1 resist	2026-10-08T16:41:17+0500
namorjer	73229	ASSIGNED	BInf7_RbcL evolution	2026-10-08T16:41:17+0500
namorjer	73230	ASSIGNED	BInf8_SNP SUC2 Osm	2026-10-08T16:41:17+0500
namorjer	73232	ASSIGNED	BInf10_Plasmid Resist	2026-10-08T16:41:17+0500
namorjer	73235	ASSIGNED	BInf13_EcoliPhylo	2026-10-08T16:41:17+0500
namorjer	73243	ASSIGNED	UX/UI2_UX Design 	2026-10-08T16:41:17+0500
namorjer	73244	ASSIGNED	UX/UI3_UI Design 	2026-10-08T16:41:17+0500
namorjer	73245	ASSIGNED	UX/UI4_Design&UI kit	2026-10-08T16:41:17+0500
namorjer	73246	ASSIGNED	UX/UI5_Prototyp&test	2026-10-08T16:41:17+0500
namorjer	73247	ASSIGNED	UX/UI6_Website builder	2026-10-08T16:41:17+0500
namorjer	73254	ASSIGNED	UX/UI10_Mobile application	2026-10-08T16:41:17+0500
namorjer	73260	ASSIGNED	AI1_Agent 	2026-10-08T16:41:17+0500
namorjer	73277	ASSIGNED	PjM5_ReqGather	2026-10-08T16:41:17+0500
namorjer	73278	ASSIGNED	PjM4_PjMTools	2026-10-08T16:41:17+0500
namorjer	73279	IN_REVIEWS	SberJv4_Reliability	2026-10-08T16:41:17+0500
namorjer	73282	ASSIGNED	PjM8_RisksMng	2026-10-08T16:41:17+0500
namorjer	73283	ASSIGNED	PjM9_PlanStr	2026-10-08T16:41:17+0500
namorjer	73284	ASSIGNED	PjM10_EffPlan	2026-10-08T16:41:17+0500
namorjer	73285	ASSIGNED	PjM11_Backlog	2026-10-08T16:41:17+0500
namorjer	73286	ASSIGNED	PjM12_Budget	2026-10-08T16:41:17+0500
namorjer	73287	ASSIGNED	PjM13_BusCorr	2026-10-08T16:41:17+0500
namorjer	73290	ASSIGNED	PjM16_TeamCom	2026-10-08T16:41:17+0500
namorjer	73292	ASSIGNED	PjM18_Analytic	2026-10-08T16:41:17+0500
namorjer	73293	ASSIGNED	PjM19_ProtDsgn	2026-10-08T16:41:17+0500
namorjer	73294	ASSIGNED	PjM20_FrontBack	2026-10-08T16:41:17+0500
namorjer	73295	ASSIGNED	PjM21_ITInfStruct	2026-10-08T16:41:17+0500
namorjer	73297	ASSIGNED	UX/UI1_Intro	2026-10-08T16:41:17+0500
namorjer	73298	ASSIGNED	PjM_Ex	2026-10-08T16:41:17+0500
namorjer	73300	ASSIGNED	DSB1_UNIX_Command_Line_Tools_DELETE	2026-10-08T16:41:17+0500
namorjer	73301	ASSIGNED	DSB2_Syntax&Semantics	2026-10-08T16:41:17+0500
namorjer	73302	ASSIGNED	DSB3_OOP skills	2026-10-08T16:41:17+0500
namorjer	73303	ASSIGNED	DSB4_Package management	2026-10-08T16:41:17+0500
namorjer	73304	ASSIGNED	DSB5_Efficient code practices	2026-10-08T16:41:17+0500
namorjer	73305	ASSIGNED	DSB6_MovieLens Analytics	2026-10-08T16:41:17+0500
namorjer	73306	ASSIGNED	DSB7_Pandas	2026-10-08T16:41:17+0500
namorjer	73307	ASSIGNED	DSB8_SQL&Pandas	2026-10-08T16:41:17+0500
namorjer	73308	ASSIGNED	DSB9_Pandas_SQL& Data Visual	2026-10-08T16:41:17+0500
namorjer	73309	ASSIGNED	DSB10_Intro to ML	2026-10-08T16:41:17+0500
namorjer	73310	ASSIGNED	DSB11_ML: Advanced	2026-10-08T16:41:17+0500
namorjer	73311	ASSIGNED	DSB12_Food&nutrition	2026-10-08T16:41:17+0500
namorjer	73366	ASSIGNED	UX/UI7_Transferring layouts	2026-10-08T16:41:17+0500
namorjer	73367	ASSIGNED	UX/UI8_Team processes	2026-10-08T16:41:17+0500
namorjer	73368	ASSIGNED	UX/UI9_Formation of requirements	2026-10-08T16:41:17+0500
namorjer	73375	ASSIGNED	UX/UI11_Interface creation	2026-10-08T16:41:17+0500
namorjer	73376	ASSIGNED	UX/UI12_Portfolio	2026-10-08T16:41:17+0500
namorjer	73381	ASSIGNED	PjM6_ProAnalysis	2026-10-08T16:41:17+0500
namorjer	73382	ASSIGNED	PjM7_UserStory	2026-10-08T16:41:17+0500
namorjer	73396	ASSIGNED	BInf9_HY5 StemMut	2026-10-08T16:41:17+0500
namorjer	73398	ASSIGNED	BInf11_SNP screen	2026-10-08T16:41:17+0500
namorjer	73399	ASSIGNED	BInf12_Diagnostic pipeline	2026-10-08T16:41:17+0500
namorjer	73400	ASSIGNED	BInf14_BRCA1 evolution	2026-10-08T16:41:17+0500
namorjer	73401	ASSIGNED	BInf15_ESBL Resistome	2026-10-08T16:41:17+0500
namorjer	73402	ASSIGNED	BInf16_CFTR genotyping	2026-10-08T16:41:17+0500
namorjer	73430	ASSIGNED	PjM22_CompPro	2026-10-08T16:41:17+0500
namorjer	73446	ASSIGNED	UX/UI_Ex	2026-10-08T16:41:17+0500
namorjer	73461	ASSIGNED	PjM14_EffNeg	2026-10-08T16:41:17+0500
namorjer	73462	ASSIGNED	PjM15_PubApp	2026-10-08T16:41:17+0500
namorjer	73463	ASSIGNED	PM1_PMStarterPack	2026-10-08T16:41:17+0500
namorjer	73465	ASSIGNED	PM2_MetricsDriven	2026-10-08T16:41:17+0500
namorjer	73466	ASSIGNED	PM3_UnitEconomics	2026-10-08T16:41:17+0500
namorjer	73467	ASSIGNED	PM4_ResearchCycle	2026-10-08T16:41:17+0500
namorjer	73468	ASSIGNED	PM5_DesignDriven	2026-10-08T16:41:17+0500
namorjer	73473	ASSIGNED	PM6_UserRetention	2026-10-08T16:41:17+0500
namorjer	73474	ASSIGNED	PM7_DiscoveryCycles	2026-10-08T16:41:17+0500
namorjer	73475	ASSIGNED	PM8_DevToProd	2026-10-08T16:41:17+0500
namorjer	73476	ASSIGNED	PM9_TrafficToSale	2026-10-08T16:41:17+0500
namorjer	73477	ASSIGNED	PM10_SoloShip	2026-10-08T16:41:17+0500
namorjer	73478	ASSIGNED	PjM17_TeamMng	2026-10-08T16:41:17+0500
namorjer	73494	ASSIGNED	Core_Strategy	2026-10-08T16:41:17+0500
namorjer	73542	ASSIGNED	PM_Ex	2026-10-08T16:41:17+0500
namorjer	73604	ASSIGNED	AIE1_Request Router	2026-10-08T16:41:17+0500
namorjer	73605	ASSIGNED	AIE2_JSON Logs Parser	2026-10-08T16:41:17+0500
namorjer	73606	ASSIGNED	AIE3_Mock API Client	2026-10-08T16:41:17+0500
namorjer	73607	ASSIGNED	AIE4_Docs Preprocessing	2026-10-08T16:41:17+0500
namorjer	73608	ASSIGNED	AIE5_Rule FAQ Bot	2026-10-08T16:41:17+0500
namorjer	73609	ASSIGNED	AIE6_Legacy Code Refactor	2026-10-08T16:41:17+0500
namorjer	73610	ASSIGNED	AIE7_Embedding Cache Service	2026-10-08T16:41:17+0500
namorjer	73611	ASSIGNED	AIE8_Vector Metadata Store	2026-10-08T16:41:17+0500
namorjer	73613	ASSIGNED	AIE10_LLM Gateway Cache	2026-10-08T16:41:17+0500
namorjer	73614	ASSIGNED	AIE11_Contract Alignment	2026-10-08T16:41:17+0500
namorjer	73615	ASSIGNED	AIE12_First Call Logging	2026-10-08T16:41:17+0500
namorjer	73616	ASSIGNED	AIE13_Prompt Strategies Compare	2026-10-08T16:41:17+0500
namorjer	73617	ASSIGNED	AIE14_BOT_Hallucination Control Bot	2026-10-08T16:41:17+0500
namorjer	73618	ASSIGNED	AIE15_Chunking Strategies	2026-10-08T16:41:17+0500
namorjer	73619	ASSIGNED	AIE16_Chroma Hybrid Search	2026-10-08T16:41:17+0500
namorjer	73621	ASSIGNED	AIE18_Incremental Index Update	2026-10-08T16:41:17+0500
namorjer	73622	ASSIGNED	AIE19_Product Analytics Suite	2026-10-08T16:41:17+0500
namorjer	73623	ASSIGNED	AIE20_Requirements Analysis	2026-10-08T16:41:17+0500
namorjer	73624	ASSIGNED	AIE21_Prompt Defence Red	2026-10-08T16:41:17+0500
namorjer	73625	ASSIGNED	AIE22_Enterprise Integration Map	2026-10-08T16:41:17+0500
namorjer	73626	ASSIGNED	AIE23_Tool Agent RAG	2026-10-08T16:41:17+0500
namorjer	73628	ASSIGNED	AIE25_Agents Subagents	2026-10-08T16:41:17+0500
namorjer	73629	ASSIGNED	AIE26_Production AI Assistant	2026-10-08T16:41:17+0500
namorjer	73632	ASSIGNED	AIE9_Async Text Classifier	2026-10-08T16:41:17+0500
namorjer	73633	ASSIGNED	AIE17_Full RAG Citations	2026-10-08T16:41:17+0500
namorjer	73634	ASSIGNED	AIE24_Server n8n Workflow	2026-10-08T16:41:17+0500
namorjer	73636	ASSIGNED	TP1_SegmentScan	2026-10-08T16:41:17+0500
namorjer	73637	ASSIGNED	TP2_InsightScope	2026-10-08T16:41:17+0500
namorjer	73638	ASSIGNED	TP3_ProductConcept	2026-10-08T16:41:17+0500
namorjer	73639	ASSIGNED	TP4_ModelFit	2026-10-08T16:41:17+0500
namorjer	73640	ASSIGNED	TP5_Unitecon	2026-10-08T16:41:17+0500
namorjer	73641	ASSIGNED	TP6_MVPScope	2026-10-08T16:41:17+0500
namorjer	73642	ASSIGNED	TP7_MVPBuild	2026-10-08T16:41:17+0500
namorjer	73643	ASSIGNED	TP8_MVPDeploy	2026-10-08T16:41:17+0500
namorjer	73644	ASSIGNED	TP9_GoToMarket	2026-10-08T16:41:17+0500
namorjer	73645	ASSIGNED	TP10_SupportFlow	2026-10-08T16:41:17+0500
namorjer	73646	ASSIGNED	TP11_DataLegal	2026-10-08T16:41:17+0500
namorjer	73647	ASSIGNED	TP12_Strategy	2026-10-08T16:41:17+0500
namorjer	73648	ASSIGNED	TP13_PitchReady	2026-10-08T16:41:17+0500
quarkron	21389	ASSIGNED	APP1 Bootcamp. Day00	2026-10-08T16:41:20+0500
quarkron	21390	ASSIGNED	APP1 Bootcamp. Day01	2026-10-08T16:41:20+0500
quarkron	21412	ASSIGNED	APP1 Bootcamp. Day03	2026-10-08T16:41:20+0500
quarkron	21413	ASSIGNED	APP1 Bootcamp. Day02	2026-10-08T16:41:20+0500
quarkron	21414	ASSIGNED	APP1 Bootcamp. Day04	2026-10-08T16:41:20+0500
quarkron	21415	ASSIGNED	APP1 Bootcamp. Team00	2026-10-08T16:41:20+0500
quarkron	21416	ASSIGNED	APP1 Bootcamp. Day05	2026-10-08T16:41:20+0500
quarkron	21417	ASSIGNED	APP1 Bootcamp. Day06	2026-10-08T16:41:20+0500
quarkron	21418	ASSIGNED	APP1 Bootcamp. Day07	2026-10-08T16:41:20+0500
quarkron	21419	ASSIGNED	APP1 Bootcamp. Day08	2026-10-08T16:41:20+0500
quarkron	21420	ASSIGNED	APP1 Bootcamp. Team01	2026-10-08T16:41:20+0500
quarkron	26477	ACCEPTED	C3_s21_stringplus	2026-10-08T16:41:20+0500
quarkron	26478	ACCEPTED	C2_SimpleBashUtils	2026-10-08T16:41:20+0500
quarkron	26480	ACCEPTED	C4_s21_math	2026-10-08T16:41:20+0500
quarkron	26481	ACCEPTED	C5_s21_decimal	2026-10-08T16:41:20+0500
quarkron	26482	ACCEPTED	C6_s21_matrix	2026-10-08T16:41:20+0500
quarkron	26483	ACCEPTED	SmartCalc_v1.0	2026-10-08T16:41:20+0500
quarkron	26484	ACCEPTED	C8_3DViewer_v1.0	2026-10-08T16:41:20+0500
quarkron	26485	ACCEPTED	CPP1_s21_matrix+	2026-10-08T16:41:20+0500
quarkron	26486	ACCEPTED	CPP2_s21_containers	2026-10-08T16:41:20+0500
quarkron	26487	ACCEPTED	CPP3_SmartCalc_v2.0	2026-10-08T16:41:20+0500
quarkron	26488	ACCEPTED	CPP4_3DViewer_v2.0	2026-10-08T16:41:20+0500
quarkron	26489	ASSIGNED	CPP5_3DViewer_v2.1	2026-10-08T16:41:20+0500
quarkron	26490	ASSIGNED	CPP6_3DViewer_v2.2	2026-10-08T16:41:20+0500
quarkron	26491	FAILED	CPP7_MLP	2026-10-08T16:41:20+0500
quarkron	26492	FAILED	CPP8_PhotoLab_v1.0	2026-10-08T16:41:20+0500
quarkron	26493	FAILED	CPP9_Monitoring System	2026-10-08T16:41:20+0500
quarkron	26557	ACCEPTED	DO1_Linux	2026-10-08T16:41:20+0500
quarkron	26558	ACCEPTED	DO2_Linux Network	2026-10-08T16:41:20+0500
quarkron	26559	ASSIGNED	RetailAnalytics_v2.0_Web_Go	2026-10-08T16:41:20+0500
quarkron	26560	ASSIGNED	SmartCalc_v4.0_Web_Go	2026-10-08T16:41:20+0500
quarkron	26561	ACCEPTED	DO3_LinuxMonitoring v1.0	2026-10-08T16:41:20+0500
quarkron	26562	ASSIGNED	Info21_v2.0_Web_Go	2026-10-08T16:41:20+0500
quarkron	26563	ACCEPTED	DO4_LinuxMonitoring v2.0	2026-10-08T16:41:20+0500
quarkron	26564	ASSIGNED	SimpleWebStudio_v1.0_Go	2026-10-08T16:41:20+0500
quarkron	26565	ACCEPTED	DO5_SimpleDocker	2026-10-08T16:41:20+0500
quarkron	26566	ACCEPTED	DO6_CICD	2026-10-08T16:41:20+0500
quarkron	26567	ASSIGNED	SmartCalc_v3.0 Desktop (Go)	2026-10-08T16:41:20+0500
quarkron	26568	ACCEPTED	Maze	2026-10-08T16:41:20+0500
quarkron	26569	ACCEPTED	SimpleNavigator v1.0	2026-10-08T16:41:20+0500
quarkron	26570	ASSIGNED	RetailAnalytics_v2.0_Web_Python	2026-10-08T16:41:20+0500
quarkron	26571	ASSIGNED	Parallels	2026-10-08T16:41:20+0500
quarkron	26572	REGISTERED	Crypto	2026-10-08T16:41:20+0500
quarkron	26573	ASSIGNED	SmartCalc_v4.0_Web_Python	2026-10-08T16:41:20+0500
quarkron	26574	ASSIGNED	s21_memory	2026-10-08T16:41:20+0500
quarkron	26575	ASSIGNED	Info21_v2.0_Web_Python	2026-10-08T16:41:20+0500
quarkron	26577	ASSIGNED	DNA Analyzer	2026-10-08T16:41:20+0500
quarkron	26578	ASSIGNED	Algorithmic trading	2026-10-08T16:41:20+0500
quarkron	26579	ASSIGNED	SimpleWebStudio_v1.0_Python	2026-10-08T16:41:20+0500
quarkron	26581	ASSIGNED	SmartCalc_v3.0 Desktop (Python)	2026-10-08T16:41:20+0500
quarkron	26583	ACCEPTED	SQL2_Info21_v1.0	2026-10-08T16:41:20+0500
quarkron	26584	ASSIGNED	RetailAnalytics_v2.0_Web_Java	2026-10-08T16:41:20+0500
quarkron	26585	ACCEPTED	SQL3_RetailAnalitycs v1.0	2026-10-08T16:41:20+0500
quarkron	26586	ASSIGNED	SmartCalc_v4.0_Web_Java	2026-10-08T16:41:20+0500
quarkron	26589	IN_PROGRESS	Info21_v2.0_Web_Java	2026-10-08T16:41:20+0500
quarkron	26590	ASSIGNED	SmartCalc v3.0 Desktop (C#)	2026-10-08T16:41:20+0500
quarkron	26592	ASSIGNED	SimpleWebStudio v1.0 C#	2026-10-08T16:41:20+0500
quarkron	26593	ASSIGNED	Info21_v2.0_Web_C#	2026-10-08T16:41:20+0500
quarkron	26594	ASSIGNED	SmartCalc v4.0 Web C#	2026-10-08T16:41:20+0500
quarkron	26595	ACCEPTED	SmartCalc_v3.0 Desktop (Java)	2026-10-08T16:41:20+0500
quarkron	26596	ASSIGNED	RetailAnalytics_v2.0_Web_C#	2026-10-08T16:41:20+0500
quarkron	27289	ASSIGNED	DS Healthcare. Project 01 	2026-10-08T16:41:20+0500
quarkron	27290	ASSIGNED	DS Healthcare. Project 02	2026-10-08T16:41:20+0500
quarkron	27292	ASSIGNED	DS Healthcare. Project 03	2026-10-08T16:41:20+0500
quarkron	27295	ASSIGNED	DS Healthcare. Project 04	2026-10-08T16:41:20+0500
quarkron	27298	ASSIGNED	DS Healthcare. Project 05	2026-10-08T16:41:20+0500
quarkron	27299	ASSIGNED	DS Healthcare. Project 06	2026-10-08T16:41:20+0500
quarkron	27364	ASSIGNED	Transactions	2026-10-08T16:41:20+0500
quarkron	27373	ASSIGNED	SimpleWebStudio_v1.0_Java	2026-10-08T16:41:20+0500
quarkron	27711	ASSIGNED	APC1 Bootcamp. Day00	2026-10-08T16:41:20+0500
quarkron	27714	ASSIGNED	APC1 Bootcamp. Day01	2026-10-08T16:41:20+0500
quarkron	27715	ASSIGNED	APC1 Bootcamp. Day02	2026-10-08T16:41:20+0500
quarkron	27716	ASSIGNED	APC1 Bootcamp. Day03	2026-10-08T16:41:20+0500
quarkron	27717	ASSIGNED	APC1 Bootcamp. Day04	2026-10-08T16:41:20+0500
quarkron	27718	ASSIGNED	APC1 Bootcamp. Day05	2026-10-08T16:41:20+0500
quarkron	27719	ASSIGNED	APC1 Bootcamp. Day06	2026-10-08T16:41:20+0500
quarkron	27720	ASSIGNED	APC1 Bootcamp. Day07	2026-10-08T16:41:20+0500
quarkron	27721	ASSIGNED	APC1 Bootcamp. Day08	2026-10-08T16:41:20+0500
quarkron	27723	ASSIGNED	APC1 Bootcamp. Team01	2026-10-08T16:41:20+0500
quarkron	28037	ASSIGNED	APG1 Bootcamp. Day00	2026-10-08T16:41:20+0500
quarkron	28038	ASSIGNED	APG1 Bootcamp.  Day01	2026-10-08T16:41:20+0500
quarkron	28039	ASSIGNED	APG1 Bootcamp. Day02	2026-10-08T16:41:20+0500
quarkron	28040	ASSIGNED	APG1 Bootcamp. Day03	2026-10-08T16:41:20+0500
quarkron	28041	ASSIGNED	APG1 Bootcamp. Day04	2026-10-08T16:41:20+0500
quarkron	28042	ASSIGNED	APG1 Bootcamp.  Day05	2026-10-08T16:41:20+0500
quarkron	28043	ASSIGNED	APG1 Bootcamp.  Day06	2026-10-08T16:41:20+0500
quarkron	28044	ASSIGNED	APG1 Bootcamp. Day07	2026-10-08T16:41:20+0500
quarkron	28045	ASSIGNED	APG1 Bootcamp. Day08	2026-10-08T16:41:20+0500
quarkron	28046	ASSIGNED	APG1 Bootcamp. Day09	2026-10-08T16:41:20+0500
quarkron	28047	ASSIGNED	APG1 Bootcamp. Team00	2026-10-08T16:41:20+0500
quarkron	28048	ASSIGNED	APG1 Bootcamp. Team01	2026-10-08T16:41:20+0500
quarkron	28350	ASSIGNED	APC1 Bootcamp. Team00	2026-10-08T16:41:20+0500
quarkron	40313	ASSIGNED	ROSB1_Intro	2026-10-08T16:41:20+0500
quarkron	40648	ASSIGNED	ROSB2_Advanced node	2026-10-08T16:41:20+0500
quarkron	40649	ASSIGNED	ROSB3_TF library 	2026-10-08T16:41:20+0500
quarkron	40650	ASSIGNED	ROSB4_Robot simulation	2026-10-08T16:41:20+0500
quarkron	40651	ASSIGNED	ROSB5_Robot sensor 	2026-10-08T16:41:20+0500
quarkron	40652	ASSIGNED	ROSB7_Robot mapping	2026-10-08T16:41:20+0500
quarkron	40653	ASSIGNED	ROSB8_Robot navigation	2026-10-08T16:41:20+0500
quarkron	40655	ASSIGNED	ROSB9_MoveIt arm control	2026-10-08T16:41:20+0500
quarkron	40656	ASSIGNED	ROSB10_Computer vision 	2026-10-08T16:41:20+0500
quarkron	40657	ASSIGNED	ROSB11_Robot behaviors 	2026-10-08T16:41:20+0500
quarkron	40658	ASSIGNED	ROSB6_Robot programming	2026-10-08T16:41:20+0500
quarkron	40659	ASSIGNED	ROSB12_Robotics Pro	2026-10-08T16:41:20+0500
quarkron	40886	ASSIGNED	APP1 Bootcamp. Day09	2026-10-08T16:41:20+0500
quarkron	40910	ACCEPTED	SQLB2_Retrieving data	2026-10-08T16:41:20+0500
quarkron	40911	ACCEPTED	SQLB3_Retrieving data deep dive	2026-10-08T16:41:20+0500
quarkron	40912	ACCEPTED	SQLB4_DML	2026-10-08T16:41:20+0500
quarkron	40913	ACCEPTED	SQLB5_Snapshots	2026-10-08T16:41:20+0500
quarkron	40914	ACCEPTED	SQLB7_Database index 	2026-10-08T16:41:20+0500
quarkron	40915	ACCEPTED	SQLB8_Integrating features	2026-10-08T16:41:20+0500
quarkron	40916	ACCEPTED	SQLB9_OLAP	2026-10-08T16:41:20+0500
quarkron	40918	FAILED	SQLB10_Isolation levels	2026-10-08T16:41:20+0500
quarkron	40919	FAILED	SQLB11_Functions and procs	2026-10-08T16:41:20+0500
quarkron	40922	ACCEPTED	SQLB12_Warehouse fundamentals	2026-10-08T16:41:20+0500
quarkron	40964	ACCEPTED	SQLB1_Basics	2026-10-08T16:41:20+0500
quarkron	41377	REGISTERED	DevOps Exam_DELETE	2026-10-08T16:41:20+0500
quarkron	47708	ACCEPTED	SQLB6_Salesman problem	2026-10-08T16:41:20+0500
quarkron	51184	ASSIGNED	FE1_Browser extensions	2026-10-08T16:41:20+0500
quarkron	51185	ASSIGNED	FE2_Angular framework	2026-10-08T16:41:20+0500
quarkron	51186	ASSIGNED	FE3_Vue framework	2026-10-08T16:41:20+0500
quarkron	51187	ASSIGNED	FE4_CSS and animations	2026-10-08T16:41:20+0500
quarkron	51188	ASSIGNED	FE5_Canvas tag 	2026-10-08T16:41:20+0500
quarkron	51190	ASSIGNED	FE6_WebSocket	2026-10-08T16:41:20+0500
quarkron	51191	ASSIGNED	FE7_Code quality	2026-10-08T16:41:20+0500
quarkron	51202	ACCEPTED	CT2_Dream_job	2026-10-08T16:41:20+0500
quarkron	51205	ACCEPTED	CT1_Self_determination	2026-10-08T16:41:20+0500
quarkron	51210	ASSIGNED	Проект в разработке	2026-10-08T16:41:20+0500
quarkron	51262	ASSIGNED	DB Bootcamp. Day00	2026-10-08T16:41:20+0500
quarkron	51263	ASSIGNED	DB Bootcamp. Day01	2026-10-08T16:41:20+0500
quarkron	51264	ASSIGNED	DB Bootcamp. Day02	2026-10-08T16:41:20+0500
quarkron	51363	ASSIGNED	FEB1_JS	2026-10-08T16:41:20+0500
quarkron	51394	ASSIGNED	FEB2_Native JS	2026-10-08T16:41:20+0500
quarkron	51399	ASSIGNED	FEB3_HTML and CSS	2026-10-08T16:41:20+0500
quarkron	51409	ASSIGNED	FEB4_Advanced Web	2026-10-08T16:41:20+0500
quarkron	51411	ASSIGNED	FEB5_Express framework	2026-10-08T16:41:20+0500
quarkron	51412	ASSIGNED	FEB6_HTML templating	2026-10-08T16:41:20+0500
quarkron	51413	ASSIGNED	DB Bootcamp. Day03	2026-10-08T16:41:20+0500
quarkron	51414	ASSIGNED	FEB7_SeaBattle game	2026-10-08T16:41:20+0500
quarkron	51415	ASSIGNED	FEB8_React	2026-10-08T16:41:20+0500
quarkron	51416	ASSIGNED	FEB9_Memoization	2026-10-08T16:41:20+0500
quarkron	51417	ASSIGNED	FEB10_Data storages	2026-10-08T16:41:20+0500
quarkron	51418	ASSIGNED	FEB11_Routing	2026-10-08T16:41:20+0500
quarkron	51419	ASSIGNED	FEB12_React Redux	2026-10-08T16:41:20+0500
quarkron	51420	ASSIGNED	FEB13_TypeScript	2026-10-08T16:41:20+0500
quarkron	51435	ASSIGNED	DB Bootcamp. Day04	2026-10-08T16:41:20+0500
quarkron	51462	ASSIGNED	FEB14_Web Building	2026-10-08T16:41:20+0500
quarkron	51472	ASSIGNED	EEB1_Basics	2026-10-08T16:41:20+0500
quarkron	51473	ASSIGNED	EEB2_AC circuit analysis	2026-10-08T16:41:20+0500
quarkron	51474	ASSIGNED	EEB3_Circuit calc	2026-10-08T16:41:20+0500
quarkron	51475	ASSIGNED	EEB4_Connection circuits	2026-10-08T16:41:20+0500
quarkron	51476	ASSIGNED	EEB5_Operational amplifiers	2026-10-08T16:41:20+0500
quarkron	51477	ASSIGNED	EEB6_Filters	2026-10-08T16:41:20+0500
quarkron	51478	ASSIGNED	EEB7_Speed control	2026-10-08T16:41:20+0500
quarkron	51479	ASSIGNED	EEB8_Arduino boards	2026-10-08T16:41:20+0500
quarkron	51480	ASSIGNED	EEB9_Module integration	2026-10-08T16:41:20+0500
quarkron	51481	ASSIGNED	EEB10_STM fundamentals	2026-10-08T16:41:20+0500
quarkron	51482	ASSIGNED	EEB11_STM code	2026-10-08T16:41:20+0500
quarkron	51483	ASSIGNED	EEB12_Transferring data	2026-10-08T16:41:20+0500
quarkron	51484	ASSIGNED	EEB13_Satellite odometer	2026-10-08T16:41:20+0500
quarkron	51485	ASSIGNED	DS1_Tweets	2026-10-08T16:41:20+0500
quarkron	51486	ASSIGNED	DS2_Churn prediction	2026-10-08T16:41:20+0500
quarkron	51487	ASSIGNED	DS3_My Spotify	2026-10-08T16:41:20+0500
quarkron	51488	ASSIGNED	DS4_Understanding customer	2026-10-08T16:41:20+0500
quarkron	51489	ASSIGNED	DS5_Uber	2026-10-08T16:41:20+0500
quarkron	51490	ASSIGNED	DS8_Fried Eggs	2026-10-08T16:41:20+0500
quarkron	51491	ASSIGNED	DS7_Amazon	2026-10-08T16:41:20+0500
quarkron	51492	ASSIGNED	DS6_City life	2026-10-08T16:41:20+0500
quarkron	51496	ASSIGNED	DSB1_UNIX Command Line Tools_	2026-10-08T16:41:20+0500
quarkron	51497	ASSIGNED	DSB2_Syntax&Semantics_	2026-10-08T16:41:20+0500
quarkron	51498	ASSIGNED	DSB3_OOP skills_	2026-10-08T16:41:20+0500
quarkron	51499	ASSIGNED	DSB4_Package management_	2026-10-08T16:41:20+0500
quarkron	51500	ASSIGNED	DSB5_Efficient code practices_	2026-10-08T16:41:20+0500
quarkron	51501	ASSIGNED	DSB6_MovieLens Analytics_	2026-10-08T16:41:20+0500
quarkron	51502	ASSIGNED	DSB7_Pandas_	2026-10-08T16:41:20+0500
quarkron	51503	ASSIGNED	DSB8_SQL&Pandas_	2026-10-08T16:41:20+0500
quarkron	51504	ASSIGNED	DSB9_Pandas_SQL& Data Visual_	2026-10-08T16:41:20+0500
quarkron	51505	ASSIGNED	DSB10_Intro to ML_	2026-10-08T16:41:20+0500
quarkron	51506	ASSIGNED	DSB11_ML: Advanced_	2026-10-08T16:41:20+0500
quarkron	51507	ASSIGNED	DSB12_Food&nutrition_	2026-10-08T16:41:20+0500
quarkron	51508	ASSIGNED	DB Bootcamp. Day05	2026-10-08T16:41:20+0500
quarkron	51509	ASSIGNED	DB Bootcamp. Day06	2026-10-08T16:41:20+0500
quarkron	51510	ASSIGNED	DB Bootcamp. Day07	2026-10-08T16:41:20+0500
quarkron	51511	ASSIGNED	DB Bootcamp. Day08	2026-10-08T16:41:20+0500
quarkron	51512	ASSIGNED	DB Bootcamp. Day09	2026-10-08T16:41:20+0500
quarkron	51513	ASSIGNED	DB Bootcamp. Team00	2026-10-08T16:41:20+0500
quarkron	51517	ACCEPTED	CT3_CV_Resume	2026-10-08T16:41:20+0500
quarkron	51518	ACCEPTED	CT4_Interview_	2026-10-08T16:41:20+0500
quarkron	51529	ACCEPTED	CT5_Teamwork_	2026-10-08T16:41:20+0500
quarkron	51652	ASSIGNED	DB Bootcamp. Team01	2026-10-08T16:41:20+0500
quarkron	51654	ACCEPTED	CT6_Corporate_culture 	2026-10-08T16:41:20+0500
quarkron	51659	ACCEPTED	CT7_Corporate_Communication	2026-10-08T16:41:20+0500
quarkron	51660	ACCEPTED	CT8_Career_planning	2026-10-08T16:41:20+0500
quarkron	52870	ASSIGNED	Kotlin Bootcamp. Day00	2026-10-08T16:41:20+0500
quarkron	52871	ASSIGNED	Kotlin Bootcamp. Day01	2026-10-08T16:41:20+0500
quarkron	52872	ASSIGNED	Kotlin Bootcamp. Day02	2026-10-08T16:41:20+0500
quarkron	52873	ASSIGNED	Kotlin Bootcamp. Day03	2026-10-08T16:41:20+0500
quarkron	52878	ASSIGNED	Kotlin Bootcamp. Day04	2026-10-08T16:41:20+0500
quarkron	52879	ASSIGNED	Kotlin Bootcamp. Team00	2026-10-08T16:41:20+0500
quarkron	52880	ASSIGNED	Kotlin Bootcamp. Day05	2026-10-08T16:41:20+0500
quarkron	52881	ASSIGNED	Kotlin Bootcamp. Day06	2026-10-08T16:41:20+0500
quarkron	52882	ASSIGNED	Kotlin Bootcamp. Day07	2026-10-08T16:41:20+0500
quarkron	52883	ASSIGNED	Kotlin Bootcamp. Day08	2026-10-08T16:41:20+0500
quarkron	52884	ASSIGNED	Kotlin Bootcamp. Day09	2026-10-08T16:41:20+0500
quarkron	52885	ASSIGNED	Kotlin Bootcamp. Team01	2026-10-08T16:41:20+0500
quarkron	53016	ACCEPTED	Java Bootcamp. Day00	2026-10-08T16:41:20+0500
quarkron	53017	ACCEPTED	Java Bootcamp. Day01	2026-10-08T16:41:20+0500
quarkron	53018	ACCEPTED	Java Bootcamp. Day02	2026-10-08T16:41:20+0500
quarkron	53019	ACCEPTED	Java Bootcamp. Day03	2026-10-08T16:41:20+0500
quarkron	53020	ACCEPTED	Java Bootcamp. Day04	2026-10-08T16:41:20+0500
quarkron	53021	ACCEPTED	Java Bootcamp. Team00	2026-10-08T16:41:20+0500
quarkron	53022	ACCEPTED	Java Bootcamp. Day05	2026-10-08T16:41:20+0500
quarkron	53025	ACCEPTED	Java Bootcamp. Day06	2026-10-08T16:41:20+0500
quarkron	53026	ACCEPTED	Java Bootcamp. Day07	2026-10-08T16:41:20+0500
quarkron	53035	ACCEPTED	Java Bootcamp. Day08	2026-10-08T16:41:20+0500
quarkron	53036	ACCEPTED	Java Bootcamp. Day09	2026-10-08T16:41:20+0500
quarkron	53037	FAILED	Java Bootcamp. Team01	2026-10-08T16:41:20+0500
quarkron	57572	FAILED	CPP Exam	2026-10-08T16:41:20+0500
quarkron	57573	FAILED	CPPE-T	2026-10-08T16:41:20+0500
quarkron	59888	ASSIGNED	Core final testing	2026-10-08T16:41:20+0500
quarkron	59889	ASSIGNED	Core final exam	2026-10-08T16:41:20+0500
quarkron	60672	ASSIGNED	Swift Bootcamp. Day00	2026-10-08T16:41:20+0500
quarkron	60673	ASSIGNED	Swift Bootcamp. Day01	2026-10-08T16:41:20+0500
quarkron	60674	ASSIGNED	Swift Bootcamp. Day02	2026-10-08T16:41:20+0500
quarkron	60675	ASSIGNED	Swift Bootcamp. Day03	2026-10-08T16:41:20+0500
quarkron	60676	ASSIGNED	Swift Bootcamp. Day04	2026-10-08T16:41:20+0500
quarkron	60677	ASSIGNED	Swift Bootcamp. Team00	2026-10-08T16:41:20+0500
quarkron	60680	ASSIGNED	Swift Bootcamp. Day05	2026-10-08T16:41:20+0500
quarkron	60681	ASSIGNED	Swift Bootcamp. Day06	2026-10-08T16:41:20+0500
quarkron	60682	ASSIGNED	Swift Bootcamp. Day07	2026-10-08T16:41:20+0500
quarkron	60683	ASSIGNED	Swift Bootcamp. Day08	2026-10-08T16:41:20+0500
quarkron	60684	ASSIGNED	Swift Bootcamp. Day09	2026-10-08T16:41:20+0500
quarkron	60685	ASSIGNED	Swift Bootcamp. Team01	2026-10-08T16:41:20+0500
quarkron	61411	ASSIGNED	DO7_Docker Compose	2026-10-08T16:41:20+0500
quarkron	61424	ASSIGNED	DO8_AutomationTools	2026-10-08T16:41:20+0500
quarkron	61425	ASSIGNED	DO9_Monitoring	2026-10-08T16:41:20+0500
quarkron	61426	ASSIGNED	DO10_BasicK8s	2026-10-08T16:41:20+0500
quarkron	61427	ASSIGNED	DO11_AdvK8s	2026-10-08T16:41:20+0500
quarkron	61428	ASSIGNED	DO12_Helm	2026-10-08T16:41:20+0500
quarkron	62392	ASSIGNED	ML1_Introduction	2026-10-08T16:41:20+0500
quarkron	62393	ASSIGNED	ML2_Supervised learning	2026-10-08T16:41:20+0500
quarkron	62394	ASSIGNED	ML3_Validation	2026-10-08T16:41:20+0500
quarkron	62395	ASSIGNED	ML4_Classification problems	2026-10-08T16:41:20+0500
quarkron	62396	ASSIGNED	ML5_Decision trees	2026-10-08T16:41:20+0500
quarkron	62397	ASSIGNED	ML6_Unsupervised learning	2026-10-08T16:41:20+0500
quarkron	62398	ASSIGNED	ML7_Clustering algorithms	2026-10-08T16:41:20+0500
quarkron	62399	ASSIGNED	ML8_Neural networks	2026-10-08T16:41:20+0500
quarkron	62400	ASSIGNED	ML9_Convolutional networks 	2026-10-08T16:41:20+0500
quarkron	62401	ASSIGNED	ML10_RNNs	2026-10-08T16:41:20+0500
quarkron	62403	ASSIGNED	ML11_Attention mechanism	2026-10-08T16:41:20+0500
quarkron	62404	ASSIGNED	ML12_Generative ML	2026-10-08T16:41:20+0500
quarkron	62813	REGISTERED	SA1_Software specs	2026-10-08T16:41:20+0500
quarkron	62825	ASSIGNED	SA2_Software quality	2026-10-08T16:41:20+0500
quarkron	62826	ASSIGNED	SA3_Requirements analysis	2026-10-08T16:41:20+0500
quarkron	62827	ASSIGNED	SA4_SDD	2026-10-08T16:41:20+0500
quarkron	62828	ASSIGNED	SA5_Complex architecture	2026-10-08T16:41:20+0500
quarkron	62829	ASSIGNED	SA6_TOGAF framework	2026-10-08T16:41:20+0500
quarkron	62954	ACCEPTED	BE1_HttpAuth	2026-10-08T16:41:20+0500
quarkron	62955	ACCEPTED	BE2_APIFromSpec	2026-10-08T16:41:20+0500
quarkron	62957	ACCEPTED	BE3_Nginx Pro	2026-10-08T16:41:20+0500
quarkron	62958	ACCEPTED	BE4_GRPCAuth	2026-10-08T16:41:20+0500
quarkron	62959	ACCEPTED	BE5_Message broker	2026-10-08T16:41:20+0500
quarkron	62960	ACCEPTED	BE6_Data sharding	2026-10-08T16:41:20+0500
quarkron	62961	ASSIGNED	GD1_Meeting Unity	2026-10-08T16:41:20+0500
quarkron	62962	ASSIGNED	GD2_Game Design	2026-10-08T16:41:20+0500
quarkron	62963	ASSIGNED	GD3_DOD	2026-10-08T16:41:20+0500
quarkron	62964	ASSIGNED	GD4_Multiplayer	2026-10-08T16:41:20+0500
quarkron	62966	ASSIGNED	GD5_Shaders	2026-10-08T16:41:20+0500
quarkron	62967	ASSIGNED	GD6_Hypercasual	2026-10-08T16:41:20+0500
quarkron	62968	ASSIGNED	GD7_Unreal Engine	2026-10-08T16:41:20+0500
quarkron	63932	ASSIGNED	DO14_Final	2026-10-08T16:41:20+0500
quarkron	63934	ASSIGNED	DO13_CICD Pipeline	2026-10-08T16:41:20+0500
quarkron	64043	ASSIGNED	Mobile Kotlin_BasicApp	2026-10-08T16:41:20+0500
quarkron	64044	ASSIGNED	Mobile Kotlin_AuthApp	2026-10-08T16:41:20+0500
quarkron	64049	ASSIGNED	Mobile Swift_BasicApp	2026-10-08T16:41:20+0500
quarkron	64050	ASSIGNED	Mobile Swift_AuthApp	2026-10-08T16:41:20+0500
quarkron	64402	ASSIGNED	FE8_Data vis	2026-10-08T16:41:20+0500
quarkron	66062	REGISTERED	DevOps Exam	2026-10-08T16:41:20+0500
quarkron	67412	FAILED	CPP_Ex-p	2026-10-08T16:41:20+0500
quarkron	67417	FAILED	CPP_Ex-t	2026-10-08T16:41:20+0500
quarkron	68823	ASSIGNED	C_Ex-t	2026-10-08T16:41:20+0500
quarkron	68824	ASSIGNED	C_Ex-p	2026-10-08T16:41:20+0500
quarkron	68883	ACCEPTED	SQL_Ex-t	2026-10-08T16:41:20+0500
quarkron	68901	ASSIGNED	SQL_Ex-p	2026-10-08T16:41:20+0500
quarkron	68976	FAILED	DO_Ex-t	2026-10-08T16:41:20+0500
quarkron	68977	ASSIGNED	A_Ex-t	2026-10-08T16:41:20+0500
quarkron	69039	ASSIGNED	AP1-CS-T01	2026-10-08T16:41:20+0500
quarkron	69040	ASSIGNED	AP1-CS-T02	2026-10-08T16:41:20+0500
quarkron	69041	ASSIGNED	AP1-CS-P01	2026-10-08T16:41:20+0500
quarkron	69042	ASSIGNED	AP1-CS-T03	2026-10-08T16:41:20+0500
quarkron	69043	ASSIGNED	AP1-CS-T04B	2026-10-08T16:41:20+0500
quarkron	69044	ASSIGNED	AP1-CS-T05B	2026-10-08T16:41:20+0500
quarkron	69045	ASSIGNED	AP1-Go-T01	2026-10-08T16:41:20+0500
quarkron	69046	ASSIGNED	AP1-Go-T02	2026-10-08T16:41:20+0500
quarkron	69047	ASSIGNED	AP1-Go-P01	2026-10-08T16:41:20+0500
quarkron	69048	ASSIGNED	AP1-Go-T03	2026-10-08T16:41:20+0500
quarkron	69049	ASSIGNED	AP1-Go-T04B	2026-10-08T16:41:20+0500
quarkron	69051	ASSIGNED	AP1-Go-T05B	2026-10-08T16:41:20+0500
quarkron	69052	ASSIGNED	C7_BrickGame_v1.0	2026-10-08T16:41:20+0500
quarkron	69053	FAILED	CPP3_BrickGame_v2.0	2026-10-08T16:41:20+0500
quarkron	69055	ASSIGNED	AP2_BrickGame_v3.0_Python	2026-10-08T16:41:20+0500
quarkron	69056	ASSIGNED	AP2_BrickGame_v3.0_Jv	2026-10-08T16:41:20+0500
quarkron	69057	ASSIGNED	AP2_BrickGame v3.0_JS	2026-10-08T16:41:20+0500
quarkron	69058	ASSIGNED	AP2_BrickGame_v3.0_Go	2026-10-08T16:41:20+0500
quarkron	69059	ASSIGNED	AP2_BrickGame_v3.0_C#	2026-10-08T16:41:20+0500
quarkron	69060	ASSIGNED	AP2_BrickGame_v3.0_Kt	2026-10-08T16:41:20+0500
quarkron	69061	ASSIGNED	AP2_BrickGame_v3.0_Sw	2026-10-08T16:41:20+0500
quarkron	69062	ASSIGNED	AP1-Jv-T01	2026-10-08T16:41:20+0500
quarkron	69063	ASSIGNED	AP1-Jv-T02	2026-10-08T16:41:20+0500
quarkron	69064	ASSIGNED	AP1-Jv-P01	2026-10-08T16:41:20+0500
quarkron	69065	ASSIGNED	AP1-Jv-T03	2026-10-08T16:41:20+0500
quarkron	69066	ASSIGNED	AP1-Jv-T04B	2026-10-08T16:41:20+0500
quarkron	69067	ASSIGNED	AP1-Jv-T05B	2026-10-08T16:41:20+0500
quarkron	69068	ASSIGNED	AP1-Jv-T04M	2026-10-08T16:41:20+0500
quarkron	69069	ASSIGNED	AP1-Jv-T05M	2026-10-08T16:41:20+0500
quarkron	69070	ASSIGNED	AP1-JS-T01	2026-10-08T16:41:20+0500
quarkron	69071	ASSIGNED	AP1-JS-T02	2026-10-08T16:41:20+0500
quarkron	69072	ASSIGNED	AP1-JS-P01	2026-10-08T16:41:20+0500
quarkron	69073	ASSIGNED	AP1-JS-T03	2026-10-08T16:41:20+0500
quarkron	69074	ASSIGNED	AP1-JS-T04F	2026-10-08T16:41:20+0500
quarkron	69075	ASSIGNED	AP1-JS-T05F	2026-10-08T16:41:20+0500
quarkron	69076	ASSIGNED	AP1-JS-T04B	2026-10-08T16:41:20+0500
quarkron	69077	ASSIGNED	AP1-JS-T05B	2026-10-08T16:41:20+0500
quarkron	69078	ASSIGNED	AP1-Kt-T01	2026-10-08T16:41:20+0500
quarkron	69079	ASSIGNED	AP1-Kt-T02	2026-10-08T16:41:20+0500
quarkron	69080	ASSIGNED	AP1-Kt-P01	2026-10-08T16:41:20+0500
quarkron	69081	ASSIGNED	AP1-Kt-T03	2026-10-08T16:41:20+0500
quarkron	69082	ASSIGNED	AP1-Kt-T04M	2026-10-08T16:41:20+0500
quarkron	69083	ASSIGNED	AP1-Kt-T05M	2026-10-08T16:41:20+0500
quarkron	69084	ASSIGNED	AP1-Kt-T04B	2026-10-08T16:41:20+0500
quarkron	69085	ASSIGNED	AP1-Kt-T05B	2026-10-08T16:41:20+0500
quarkron	69086	ASSIGNED	AP1-Py-T01	2026-10-08T16:41:20+0500
quarkron	69087	ASSIGNED	AP1-Py-T02	2026-10-08T16:41:20+0500
quarkron	69088	ASSIGNED	AP1-Py-P01	2026-10-08T16:41:20+0500
quarkron	69089	ASSIGNED	AP1-Py-T04B	2026-10-08T16:41:20+0500
quarkron	69090	ASSIGNED	AP1-Py-T03	2026-10-08T16:41:20+0500
quarkron	69091	ASSIGNED	AP1-Py-T05B	2026-10-08T16:41:20+0500
quarkron	69094	ASSIGNED	AP1-Sw-T01	2026-10-08T16:41:20+0500
quarkron	69096	ASSIGNED	AP1-Sw-T02	2026-10-08T16:41:20+0500
quarkron	69097	ASSIGNED	AP1-Sw-P01	2026-10-08T16:41:20+0500
quarkron	69098	ASSIGNED	AP1-Sw-T03	2026-10-08T16:41:20+0500
quarkron	69099	ASSIGNED	AP1-Sw-T04M	2026-10-08T16:41:20+0500
quarkron	69100	ASSIGNED	AP1-Sw-T05M	2026-10-08T16:41:20+0500
quarkron	69101	ASSIGNED	AP1-Sw-T04B	2026-10-08T16:41:20+0500
quarkron	69102	ASSIGNED	AP1-Sw-T05B	2026-10-08T16:41:20+0500
quarkron	69103	ASSIGNED	A1_Maze_C	2026-10-08T16:41:20+0500
quarkron	69104	ASSIGNED	A2_SimpleNavigator_v1.0_C	2026-10-08T16:41:20+0500
quarkron	69105	ASSIGNED	A3_Parallels_C	2026-10-08T16:41:20+0500
quarkron	69106	ASSIGNED	A4_Crypto_C	2026-10-08T16:41:20+0500
quarkron	69107	ASSIGNED	A5_s21_memory_C	2026-10-08T16:41:20+0500
quarkron	69108	ASSIGNED	A6_Transactions_C	2026-10-08T16:41:20+0500
quarkron	69109	ASSIGNED	A7_DNA_Analyzer_C	2026-10-08T16:41:20+0500
quarkron	69110	ASSIGNED	A8_Algorithmic_trading_C	2026-10-08T16:41:20+0500
quarkron	69113	ASSIGNED	A1_Maze_CPP	2026-10-08T16:41:20+0500
quarkron	69114	ASSIGNED	A1_Maze_Py	2026-10-08T16:41:20+0500
quarkron	69115	ASSIGNED	A1_Maze_Go	2026-10-08T16:41:20+0500
quarkron	69116	ASSIGNED	A1_Maze_Jv	2026-10-08T16:41:20+0500
quarkron	69117	ASSIGNED	A1_Maze_JS	2026-10-08T16:41:20+0500
quarkron	69118	ASSIGNED	A1_Maze_C#	2026-10-08T16:41:20+0500
quarkron	69119	ASSIGNED	A1_Maze_Kt	2026-10-08T16:41:20+0500
quarkron	69120	ASSIGNED	A1_Maze_Sw	2026-10-08T16:41:20+0500
quarkron	69121	ACCEPTED	A2_SimpleNavigator_v1.0_CPP	2026-10-08T16:41:20+0500
quarkron	69122	ASSIGNED	A2_SimpleNavigator_v1.0_Py	2026-10-08T16:41:20+0500
quarkron	69123	ASSIGNED	A2_SimpleNavigator_v1.0_Go	2026-10-08T16:41:20+0500
quarkron	69124	ASSIGNED	A2_SimpleNavigator_v1.0_Jv	2026-10-08T16:41:20+0500
quarkron	69125	ASSIGNED	A2_SimpleNavigator_v1.0_JS	2026-10-08T16:41:20+0500
quarkron	69126	ASSIGNED	A2_SimpleNavigator_v1.0_C#	2026-10-08T16:41:20+0500
quarkron	69127	ASSIGNED	A2_SimpleNavigator_v1.0_Kt	2026-10-08T16:41:20+0500
quarkron	69128	ASSIGNED	A2_SimpleNavigator_v1.0_Sw	2026-10-08T16:41:20+0500
quarkron	69140	ASSIGNED	IOS1_UIKit	2026-10-08T16:41:20+0500
quarkron	69188	ACCEPTED	APJ_Ex-t	2026-10-08T16:41:20+0500
quarkron	69205	ASSIGNED	AND1_Activity	2026-10-08T16:41:20+0500
quarkron	69277	ASSIGNED	APG_Ex-t	2026-10-08T16:41:20+0500
quarkron	69278	ASSIGNED	APCS_Ex-t	2026-10-08T16:41:20+0500
quarkron	69279	ASSIGNED	APP_Ex-t	2026-10-08T16:41:20+0500
quarkron	69280	ASSIGNED	APJS_Ex-t	2026-10-08T16:41:20+0500
quarkron	69281	ASSIGNED	APS_Ex-t	2026-10-08T16:41:20+0500
quarkron	69282	ASSIGNED	APK_Ex-t	2026-10-08T16:41:20+0500
quarkron	69337	ASSIGNED	PjM1_ProjPM	2026-10-08T16:41:20+0500
quarkron	69372	ASSIGNED	PjM2_LifeCycle	2026-10-08T16:41:20+0500
quarkron	69373	ASSIGNED	PjM3_BasicM	2026-10-08T16:41:20+0500
quarkron	69463	ASSIGNED	AND2_Async operations	2026-10-08T16:41:20+0500
quarkron	69464	ASSIGNED	AND3_Custom View	2026-10-08T16:41:20+0500
quarkron	69465	ASSIGNED	AND4_Notification	2026-10-08T16:41:20+0500
quarkron	69466	ASSIGNED	AND5_OpenGL	2026-10-08T16:41:20+0500
quarkron	69467	ASSIGNED	AND6_Test	2026-10-08T16:41:20+0500
quarkron	69468	ASSIGNED	AND7_Gradle	2026-10-08T16:41:20+0500
quarkron	69469	ASSIGNED	AND8_Compose	2026-10-08T16:41:20+0500
quarkron	69478	ASSIGNED	IOS2_SwiftUI	2026-10-08T16:41:20+0500
quarkron	69534	ASSIGNED	IOS5_Maps	2026-10-08T16:41:20+0500
quarkron	69535	ASSIGNED	IOS6_Additional	2026-10-08T16:41:20+0500
quarkron	69538	ASSIGNED	IOS3_Network	2026-10-08T16:41:20+0500
quarkron	69539	ASSIGNED	IOS4_DataStorage	2026-10-08T16:41:20+0500
quarkron	69540	ASSIGNED	BSA00_Decomposition	2026-10-08T16:41:20+0500
quarkron	69541	ASSIGNED	BSA1_Stakeholders	2026-10-08T16:41:20+0500
quarkron	69542	ASSIGNED	BSA2_Requirements	2026-10-08T16:41:20+0500
quarkron	69543	ASSIGNED	BSA3_HowToRequirements	2026-10-08T16:41:20+0500
quarkron	69544	ASSIGNED	BSA4_Domains	2026-10-08T16:41:20+0500
quarkron	69545	ASSIGNED	BSA5_Diagrams	2026-10-08T16:41:20+0500
quarkron	69546	ASSIGNED	BSA6_BPMN	2026-10-08T16:41:20+0500
quarkron	69547	ASSIGNED	BSA7_UserStory	2026-10-08T16:41:20+0500
quarkron	69548	ASSIGNED	BSA8_UseCase	2026-10-08T16:41:20+0500
quarkron	69549	ASSIGNED	BSA9_Objects and Roles	2026-10-08T16:41:20+0500
quarkron	69550	ASSIGNED	BSA10_FR Design	2026-10-08T16:41:20+0500
quarkron	69551	ASSIGNED	BSA11_UserInterfaces	2026-10-08T16:41:20+0500
quarkron	69552	ASSIGNED	BSA12_NFRs	2026-10-08T16:41:20+0500
quarkron	69553	ASSIGNED	BSA13_ReqMgmt	2026-10-08T16:41:20+0500
quarkron	69554	ASSIGNED	BSA14_SystemIntegration	2026-10-08T16:41:20+0500
quarkron	69555	ASSIGNED	BSA15_REST	2026-10-08T16:41:20+0500
quarkron	69556	ASSIGNED	BSA16_SOAP	2026-10-08T16:41:20+0500
quarkron	69627	ACCEPTED	CT9_Educational way	2026-10-08T16:41:20+0500
quarkron	69676	ASSIGNED	IOS7_Test	2026-10-08T16:41:20+0500
quarkron	70735	ASSIGNED	A3_Parallels_CPP	2026-10-08T16:41:20+0500
quarkron	70736	ASSIGNED	A3_Parallels_Py	2026-10-08T16:41:20+0500
quarkron	70737	ASSIGNED	A3_Parallels_Go	2026-10-08T16:41:20+0500
quarkron	70738	ASSIGNED	A3_Parallels_Jv	2026-10-08T16:41:20+0500
quarkron	70739	ASSIGNED	A3_Parallels_JS	2026-10-08T16:41:20+0500
quarkron	70740	ASSIGNED	A3_Parallels_C#	2026-10-08T16:41:20+0500
quarkron	70741	ASSIGNED	A3_Parallels_Kt	2026-10-08T16:41:20+0500
quarkron	70742	ASSIGNED	A3_Parallels_Sw	2026-10-08T16:41:20+0500
quarkron	70756	ASSIGNED	A5_s21_memory_CPP	2026-10-08T16:41:20+0500
quarkron	70757	ASSIGNED	A4_Crypto_CPP	2026-10-08T16:41:20+0500
quarkron	70758	ASSIGNED	A4_Crypto_Py	2026-10-08T16:41:20+0500
quarkron	70759	ASSIGNED	A4_Crypto_Go	2026-10-08T16:41:20+0500
quarkron	70760	ASSIGNED	A4_Crypto_Jv	2026-10-08T16:41:20+0500
quarkron	70761	ASSIGNED	A4_Crypto_JS	2026-10-08T16:41:20+0500
quarkron	70762	ASSIGNED	A4_Crypto_C#	2026-10-08T16:41:20+0500
quarkron	70763	ASSIGNED	A4_Crypto_Kt	2026-10-08T16:41:20+0500
quarkron	70764	ASSIGNED	A4_Crypto_Sw	2026-10-08T16:41:20+0500
quarkron	70767	ASSIGNED	A6_Transactions_CPP	2026-10-08T16:41:20+0500
quarkron	70768	ASSIGNED	A6_Transactions_Py	2026-10-08T16:41:20+0500
quarkron	70769	ASSIGNED	A6_Transactions_Go	2026-10-08T16:41:20+0500
quarkron	70770	ASSIGNED	A6_Transactions_Jv	2026-10-08T16:41:20+0500
quarkron	70771	ASSIGNED	A6_Transactions_JS	2026-10-08T16:41:20+0500
quarkron	70772	ASSIGNED	A6_Transactions_C#	2026-10-08T16:41:20+0500
quarkron	70773	ASSIGNED	A6_Transactions_Kt	2026-10-08T16:41:20+0500
quarkron	70774	ASSIGNED	A6_Transactions_Sw	2026-10-08T16:41:20+0500
quarkron	70781	ASSIGNED	A7_DNA_Analyzer_CPP	2026-10-08T16:41:20+0500
quarkron	70782	ASSIGNED	A7_DNA Analyzer_Py	2026-10-08T16:41:20+0500
quarkron	70783	ASSIGNED	A7_DNA_Analyzer_Go	2026-10-08T16:41:20+0500
quarkron	70784	ASSIGNED	A7_DNA Analyzer_Jv	2026-10-08T16:41:20+0500
quarkron	70785	ASSIGNED	A7_DNA Analyzer_JS	2026-10-08T16:41:20+0500
quarkron	70786	ASSIGNED	A7_DNA_Analyzer_C#	2026-10-08T16:41:20+0500
quarkron	70787	ASSIGNED	A7_DNA_Analyzer_Kt	2026-10-08T16:41:20+0500
quarkron	70788	ASSIGNED	A7_DNA_Analyzer_Sw	2026-10-08T16:41:20+0500
quarkron	70795	ASSIGNED	A8_Algorithmic_trading_CPP	2026-10-08T16:41:20+0500
quarkron	70796	ASSIGNED	A8_Algorithmic trading_Py	2026-10-08T16:41:20+0500
quarkron	70797	ASSIGNED	A8_Algorithmic_trading_Go	2026-10-08T16:41:20+0500
quarkron	70798	ASSIGNED	A8_Algorithmic trading_Jv	2026-10-08T16:41:20+0500
quarkron	70799	ASSIGNED	A8_Algorithmic trading_JS	2026-10-08T16:41:20+0500
quarkron	70800	ASSIGNED	A8_Algorithmic_trading_C#	2026-10-08T16:41:20+0500
quarkron	70801	ASSIGNED	A8_Algorithmic_trading_Kt	2026-10-08T16:41:20+0500
quarkron	70802	ASSIGNED	A8_Algorithmic_trading_Sw	2026-10-08T16:41:20+0500
quarkron	70843	ASSIGNED	AP5_BrickGame_v4.0_Python	2026-10-08T16:41:20+0500
quarkron	70844	ASSIGNED	AP5_BrickGame_v4.0_C#	2026-10-08T16:41:20+0500
quarkron	70845	ASSIGNED	AP5_BrickGame_v4.0_Jv	2026-10-08T16:41:20+0500
quarkron	70846	ASSIGNED	AP5_BrickGame_v4.0_JS	2026-10-08T16:41:20+0500
quarkron	70847	ASSIGNED	AP5_BrickGame_v4.0_Go	2026-10-08T16:41:20+0500
quarkron	70848	ASSIGNED	AP5_BrickGame_v4.0_Kt	2026-10-08T16:41:20+0500
quarkron	70849	ASSIGNED	AP5_BrickGame_v4.0_Sw	2026-10-08T16:41:20+0500
quarkron	70922	REGISTERED	PG1_Pangolin	2026-10-08T16:41:20+0500
quarkron	71028	ASSIGNED	CbS1_Networking_basics_Part 1	2026-10-08T16:41:20+0500
quarkron	71029	ASSIGNED	CbS2_Networking_basics_Part 2	2026-10-08T16:41:20+0500
quarkron	71030	ASSIGNED	CbS3_Networking_basics_Part 3	2026-10-08T16:41:20+0500
quarkron	71031	ASSIGNED	CbS4_Networking_basics_Part 4	2026-10-08T16:41:20+0500
quarkron	71032	ASSIGNED	CbS5_Linux_basics	2026-10-08T16:41:20+0500
quarkron	71033	ASSIGNED	CbS6_Windows_basics	2026-10-08T16:41:20+0500
quarkron	71034	ASSIGNED	CbS8_Crypto_symmetric	2026-10-08T16:41:20+0500
quarkron	71035	ASSIGNED	CbS7_Crypto_intro	2026-10-08T16:41:20+0500
quarkron	71036	ASSIGNED	CbS9_Crypto_asymmetric	2026-10-08T16:41:20+0500
quarkron	71037	ASSIGNED	CbS10_Data_channel_protection	2026-10-08T16:41:20+0500
quarkron	71039	ASSIGNED	CbS12_Network_attacks	2026-10-08T16:41:20+0500
quarkron	71040	ASSIGNED	CbS13_Threat_detection_principles	2026-10-08T16:41:20+0500
quarkron	71041	ASSIGNED	CbS14_Designing_secure_networks	2026-10-08T16:41:20+0500
quarkron	71042	ASSIGNED	CbS15_IS_legislation	2026-10-08T16:41:20+0500
quarkron	71043	ASSIGNED	CbS16_Project_lifecycle	2026-10-08T16:41:20+0500
quarkron	71044	ASSIGNED	CbS17_Physical_security	2026-10-08T16:41:20+0500
quarkron	71045	ASSIGNED	CbS18_Social_engineering	2026-10-08T16:41:20+0500
quarkron	71963	IN_REVIEWS	QA1_Foundation	2026-10-08T16:41:20+0500
quarkron	71971	ASSIGNED	QA2_Test artifacts	2026-10-08T16:41:20+0500
quarkron	72004	ASSIGNED	AP4_Info21 v2.0 Web_Python 	2026-10-08T16:41:20+0500
quarkron	72005	IN_PROGRESS	AP4_Info21 v2.0 Web_Jv	2026-10-08T16:41:20+0500
quarkron	72006	ASSIGNED	AP4_Info21 v2.0 Web_JS	2026-10-08T16:41:20+0500
quarkron	72007	ASSIGNED	AP4_Info21 v2.0 Web_Go	2026-10-08T16:41:20+0500
quarkron	72008	ASSIGNED	AP4_Info21 v2.0 Web_C#	2026-10-08T16:41:20+0500
quarkron	72009	ASSIGNED	AP4_Info21 v2.0 Web_Kt	2026-10-08T16:41:20+0500
quarkron	72010	ASSIGNED	AP4_Info21 v2.0 Web_Sw	2026-10-08T16:41:20+0500
quarkron	72011	ASSIGNED	AP6_RetailAnalitycs v2.0 Web_Jv	2026-10-08T16:41:20+0500
quarkron	72012	ASSIGNED	AP6_RetailAnalitycs v2.0 Web_Python	2026-10-08T16:41:20+0500
quarkron	72013	ASSIGNED	AP6_RetailAnalitycs v2.0 Web_JS	2026-10-08T16:41:20+0500
quarkron	72015	ASSIGNED	AP6_RetailAnalitycs v2.0 Web_Go	2026-10-08T16:41:20+0500
quarkron	72016	ASSIGNED	AP6_RetailAnalitycs v2.0 Web_C#	2026-10-08T16:41:20+0500
quarkron	72026	ASSIGNED	AP6_RetailAnalitycs v2.0 Web_Kt	2026-10-08T16:41:20+0500
quarkron	72027	ASSIGNED	AP6_RetailAnalitycs v2.0 Web_Sw	2026-10-08T16:41:20+0500
quarkron	72160	ASSIGNED	AP3_SpecialtyCoffee_Python	2026-10-08T16:41:20+0500
quarkron	72161	IN_REVIEWS	AP3_SpecialtyCoffee_Jv	2026-10-08T16:41:20+0500
quarkron	72164	ASSIGNED	AP3_SpecialtyCoffee_JS	2026-10-08T16:41:20+0500
quarkron	72165	ASSIGNED	AP3_SpecialtyCoffee_Go	2026-10-08T16:41:20+0500
quarkron	72166	ASSIGNED	AP3_SpecialtyCoffee_C#	2026-10-08T16:41:20+0500
quarkron	72167	ASSIGNED	AP3_SpecialtyCoffee_Kt	2026-10-08T16:41:20+0500
quarkron	72168	ASSIGNED	AP3_SpecialtyCoffee_Sw	2026-10-08T16:41:20+0500
quarkron	72454	ASSIGNED	BSA_Ex	2026-10-08T16:41:20+0500
quarkron	72687	ASSIGNED	AQA1_Basics	2026-10-08T16:41:20+0500
quarkron	72791	ASSIGNED	CbS11_Enterprise_IT_landscape	2026-10-08T16:41:20+0500
quarkron	72880	ASSIGNED	QA3_Test design and test analysis	2026-10-08T16:41:20+0500
quarkron	72911	ASSIGNED	CT_Part3	2026-10-08T16:41:20+0500
quarkron	72919	ASSIGNED	AQA2_API testing	2026-10-08T16:41:20+0500
quarkron	72920	ASSIGNED	AQA3_UI Web testing	2026-10-08T16:41:20+0500
quarkron	72935	ASSIGNED	QA4_Types and levels of testing	2026-10-08T16:41:20+0500
quarkron	72939	ASSIGNED	QA5_Defects	2026-10-08T16:41:20+0500
quarkron	72944	ASSIGNED	QA6_Web testing	2026-10-08T16:41:20+0500
quarkron	72946	ASSIGNED	QA7_Backend testing	2026-10-08T16:41:20+0500
quarkron	72957	ASSIGNED	QA8_Mobile testing	2026-10-08T16:41:20+0500
quarkron	72958	ASSIGNED	QA9_Basics of Web Security	2026-10-08T16:41:20+0500
quarkron	72998	ASSIGNED	AQA4_Mobile testing	2026-10-08T16:41:20+0500
quarkron	73030	ASSIGNED	CT1_Self-determination	2026-10-08T16:41:20+0500
quarkron	73031	ASSIGNED	CT2_Dream job	2026-10-08T16:41:20+0500
quarkron	73032	ASSIGNED	CT3_CV Resume	2026-10-08T16:41:20+0500
quarkron	73033	ASSIGNED	CT4_Interview	2026-10-08T16:41:20+0500
quarkron	73034	ASSIGNED	CT5_Teamwork	2026-10-08T16:41:20+0500
quarkron	73035	ASSIGNED	CT6_Corporate culture	2026-10-08T16:41:20+0500
quarkron	73036	ASSIGNED	CT7_Corporate Communication	2026-10-08T16:41:20+0500
quarkron	73037	ASSIGNED	CT8_Career planning	2026-10-08T16:41:20+0500
quarkron	73202	ACCEPTED	SberJv1_Team Git workflow	2026-10-08T16:41:20+0500
quarkron	73204	ACCEPTED	SberJv2_Setup	2026-10-08T16:41:20+0500
quarkron	73205	ASSIGNED	QA_Ex	2026-10-08T16:41:20+0500
quarkron	73206	ACCEPTED	SberJv3_Clean code	2026-10-08T16:41:20+0500
quarkron	73207	IN_PROGRESS	SberJv5_Observability	2026-10-08T16:41:20+0500
quarkron	73209	ASSIGNED	SberJv6_DB Performance	2026-10-08T16:41:20+0500
quarkron	73210	ASSIGNED	BInf1_PlasmidQC	2026-10-08T16:41:20+0500
quarkron	73212	ASSIGNED	BInf2_HBBScan	2026-10-08T16:41:20+0500
quarkron	73216	ASSIGNED	BInf3_GenomeMatch	2026-10-08T16:41:20+0500
quarkron	73226	ASSIGNED	BInf4_FLM splice	2026-10-08T16:41:20+0500
quarkron	73227	ASSIGNED	BInf5_Soma align	2026-10-08T16:41:20+0500
quarkron	73228	ASSIGNED	BInf6_BlaNDM1 resist	2026-10-08T16:41:20+0500
quarkron	73229	ASSIGNED	BInf7_RbcL evolution	2026-10-08T16:41:20+0500
quarkron	73230	ASSIGNED	BInf8_SNP SUC2 Osm	2026-10-08T16:41:20+0500
quarkron	73232	ASSIGNED	BInf10_Plasmid Resist	2026-10-08T16:41:20+0500
quarkron	73235	ASSIGNED	BInf13_EcoliPhylo	2026-10-08T16:41:20+0500
quarkron	73243	ASSIGNED	UX/UI2_UX Design 	2026-10-08T16:41:20+0500
quarkron	73244	ASSIGNED	UX/UI3_UI Design 	2026-10-08T16:41:20+0500
quarkron	73245	ASSIGNED	UX/UI4_Design&UI kit	2026-10-08T16:41:20+0500
quarkron	73246	ASSIGNED	UX/UI5_Prototyp&test	2026-10-08T16:41:20+0500
quarkron	73247	ASSIGNED	UX/UI6_Website builder	2026-10-08T16:41:20+0500
quarkron	73254	ASSIGNED	UX/UI10_Mobile application	2026-10-08T16:41:20+0500
quarkron	73260	ASSIGNED	AI1_Agent 	2026-10-08T16:41:20+0500
quarkron	73277	ASSIGNED	PjM5_ReqGather	2026-10-08T16:41:20+0500
quarkron	73278	ASSIGNED	PjM4_PjMTools	2026-10-08T16:41:20+0500
quarkron	73279	IN_REVIEWS	SberJv4_Reliability	2026-10-08T16:41:20+0500
quarkron	73282	ASSIGNED	PjM8_RisksMng	2026-10-08T16:41:20+0500
quarkron	73283	ASSIGNED	PjM9_PlanStr	2026-10-08T16:41:20+0500
quarkron	73284	ASSIGNED	PjM10_EffPlan	2026-10-08T16:41:20+0500
quarkron	73285	ASSIGNED	PjM11_Backlog	2026-10-08T16:41:20+0500
quarkron	73286	ASSIGNED	PjM12_Budget	2026-10-08T16:41:20+0500
quarkron	73287	ASSIGNED	PjM13_BusCorr	2026-10-08T16:41:20+0500
quarkron	73290	ASSIGNED	PjM16_TeamCom	2026-10-08T16:41:20+0500
quarkron	73292	ASSIGNED	PjM18_Analytic	2026-10-08T16:41:20+0500
quarkron	73293	ASSIGNED	PjM19_ProtDsgn	2026-10-08T16:41:20+0500
quarkron	73294	ASSIGNED	PjM20_FrontBack	2026-10-08T16:41:20+0500
quarkron	73295	ASSIGNED	PjM21_ITInfStruct	2026-10-08T16:41:20+0500
quarkron	73297	ASSIGNED	UX/UI1_Intro	2026-10-08T16:41:20+0500
quarkron	73298	ASSIGNED	PjM_Ex	2026-10-08T16:41:20+0500
quarkron	73300	ASSIGNED	DSB1_UNIX_Command_Line_Tools_DELETE	2026-10-08T16:41:20+0500
quarkron	73301	ASSIGNED	DSB2_Syntax&Semantics	2026-10-08T16:41:20+0500
quarkron	73302	ASSIGNED	DSB3_OOP skills	2026-10-08T16:41:20+0500
quarkron	73303	ASSIGNED	DSB4_Package management	2026-10-08T16:41:20+0500
quarkron	73304	ASSIGNED	DSB5_Efficient code practices	2026-10-08T16:41:20+0500
quarkron	73305	ASSIGNED	DSB6_MovieLens Analytics	2026-10-08T16:41:20+0500
quarkron	73306	ASSIGNED	DSB7_Pandas	2026-10-08T16:41:20+0500
quarkron	73307	ASSIGNED	DSB8_SQL&Pandas	2026-10-08T16:41:20+0500
quarkron	73308	ASSIGNED	DSB9_Pandas_SQL& Data Visual	2026-10-08T16:41:20+0500
quarkron	73309	ASSIGNED	DSB10_Intro to ML	2026-10-08T16:41:20+0500
quarkron	73310	ASSIGNED	DSB11_ML: Advanced	2026-10-08T16:41:20+0500
quarkron	73311	ASSIGNED	DSB12_Food&nutrition	2026-10-08T16:41:20+0500
quarkron	73366	ASSIGNED	UX/UI7_Transferring layouts	2026-10-08T16:41:20+0500
quarkron	73367	ASSIGNED	UX/UI8_Team processes	2026-10-08T16:41:20+0500
quarkron	73368	ASSIGNED	UX/UI9_Formation of requirements	2026-10-08T16:41:20+0500
quarkron	73375	ASSIGNED	UX/UI11_Interface creation	2026-10-08T16:41:20+0500
quarkron	73376	ASSIGNED	UX/UI12_Portfolio	2026-10-08T16:41:20+0500
quarkron	73381	ASSIGNED	PjM6_ProAnalysis	2026-10-08T16:41:20+0500
quarkron	73382	ASSIGNED	PjM7_UserStory	2026-10-08T16:41:20+0500
quarkron	73396	ASSIGNED	BInf9_HY5 StemMut	2026-10-08T16:41:20+0500
quarkron	73398	ASSIGNED	BInf11_SNP screen	2026-10-08T16:41:20+0500
quarkron	73399	ASSIGNED	BInf12_Diagnostic pipeline	2026-10-08T16:41:20+0500
quarkron	73400	ASSIGNED	BInf14_BRCA1 evolution	2026-10-08T16:41:20+0500
quarkron	73401	ASSIGNED	BInf15_ESBL Resistome	2026-10-08T16:41:20+0500
quarkron	73402	ASSIGNED	BInf16_CFTR genotyping	2026-10-08T16:41:20+0500
quarkron	73430	ASSIGNED	PjM22_CompPro	2026-10-08T16:41:20+0500
quarkron	73446	ASSIGNED	UX/UI_Ex	2026-10-08T16:41:20+0500
quarkron	73461	ASSIGNED	PjM14_EffNeg	2026-10-08T16:41:20+0500
quarkron	73462	ASSIGNED	PjM15_PubApp	2026-10-08T16:41:20+0500
quarkron	73463	ASSIGNED	PM1_PMStarterPack	2026-10-08T16:41:20+0500
quarkron	73465	ASSIGNED	PM2_MetricsDriven	2026-10-08T16:41:20+0500
quarkron	73466	ASSIGNED	PM3_UnitEconomics	2026-10-08T16:41:20+0500
quarkron	73467	ASSIGNED	PM4_ResearchCycle	2026-10-08T16:41:20+0500
quarkron	73468	ASSIGNED	PM5_DesignDriven	2026-10-08T16:41:20+0500
quarkron	73473	ASSIGNED	PM6_UserRetention	2026-10-08T16:41:20+0500
quarkron	73474	ASSIGNED	PM7_DiscoveryCycles	2026-10-08T16:41:20+0500
quarkron	73475	ASSIGNED	PM8_DevToProd	2026-10-08T16:41:20+0500
quarkron	73476	ASSIGNED	PM9_TrafficToSale	2026-10-08T16:41:20+0500
quarkron	73477	ASSIGNED	PM10_SoloShip	2026-10-08T16:41:20+0500
quarkron	73478	ASSIGNED	PjM17_TeamMng	2026-10-08T16:41:20+0500
quarkron	73494	ASSIGNED	Core_Strategy	2026-10-08T16:41:20+0500
quarkron	73542	ASSIGNED	PM_Ex	2026-10-08T16:41:20+0500
quarkron	73604	ASSIGNED	AIE1_Request Router	2026-10-08T16:41:20+0500
quarkron	73605	ASSIGNED	AIE2_JSON Logs Parser	2026-10-08T16:41:20+0500
quarkron	73606	ASSIGNED	AIE3_Mock API Client	2026-10-08T16:41:20+0500
quarkron	73607	ASSIGNED	AIE4_Docs Preprocessing	2026-10-08T16:41:20+0500
quarkron	73608	ASSIGNED	AIE5_Rule FAQ Bot	2026-10-08T16:41:20+0500
quarkron	73609	ASSIGNED	AIE6_Legacy Code Refactor	2026-10-08T16:41:20+0500
quarkron	73610	ASSIGNED	AIE7_Embedding Cache Service	2026-10-08T16:41:20+0500
quarkron	73611	ASSIGNED	AIE8_Vector Metadata Store	2026-10-08T16:41:20+0500
quarkron	73613	ASSIGNED	AIE10_LLM Gateway Cache	2026-10-08T16:41:20+0500
quarkron	73614	ASSIGNED	AIE11_Contract Alignment	2026-10-08T16:41:20+0500
quarkron	73615	ASSIGNED	AIE12_First Call Logging	2026-10-08T16:41:20+0500
quarkron	73616	ASSIGNED	AIE13_Prompt Strategies Compare	2026-10-08T16:41:20+0500
quarkron	73617	ASSIGNED	AIE14_BOT_Hallucination Control Bot	2026-10-08T16:41:20+0500
quarkron	73618	ASSIGNED	AIE15_Chunking Strategies	2026-10-08T16:41:20+0500
quarkron	73619	ASSIGNED	AIE16_Chroma Hybrid Search	2026-10-08T16:41:20+0500
quarkron	73621	ASSIGNED	AIE18_Incremental Index Update	2026-10-08T16:41:20+0500
quarkron	73622	ASSIGNED	AIE19_Product Analytics Suite	2026-10-08T16:41:20+0500
quarkron	73623	ASSIGNED	AIE20_Requirements Analysis	2026-10-08T16:41:20+0500
quarkron	73624	ASSIGNED	AIE21_Prompt Defence Red	2026-10-08T16:41:20+0500
quarkron	73625	ASSIGNED	AIE22_Enterprise Integration Map	2026-10-08T16:41:20+0500
quarkron	73626	ASSIGNED	AIE23_Tool Agent RAG	2026-10-08T16:41:20+0500
quarkron	73628	ASSIGNED	AIE25_Agents Subagents	2026-10-08T16:41:20+0500
quarkron	73629	ASSIGNED	AIE26_Production AI Assistant	2026-10-08T16:41:20+0500
quarkron	73632	ASSIGNED	AIE9_Async Text Classifier	2026-10-08T16:41:20+0500
quarkron	73633	ASSIGNED	AIE17_Full RAG Citations	2026-10-08T16:41:20+0500
quarkron	73634	ASSIGNED	AIE24_Server n8n Workflow	2026-10-08T16:41:20+0500
quarkron	73636	ASSIGNED	TP1_SegmentScan	2026-10-08T16:41:20+0500
quarkron	73637	ASSIGNED	TP2_InsightScope	2026-10-08T16:41:20+0500
quarkron	73638	ASSIGNED	TP3_ProductConcept	2026-10-08T16:41:20+0500
quarkron	73639	ASSIGNED	TP4_ModelFit	2026-10-08T16:41:20+0500
quarkron	73640	ASSIGNED	TP5_Unitecon	2026-10-08T16:41:20+0500
quarkron	73641	ASSIGNED	TP6_MVPScope	2026-10-08T16:41:20+0500
quarkron	73642	ASSIGNED	TP7_MVPBuild	2026-10-08T16:41:20+0500
quarkron	73643	ASSIGNED	TP8_MVPDeploy	2026-10-08T16:41:20+0500
quarkron	73644	ASSIGNED	TP9_GoToMarket	2026-10-08T16:41:20+0500
quarkron	73645	ASSIGNED	TP10_SupportFlow	2026-10-08T16:41:20+0500
quarkron	73646	ASSIGNED	TP11_DataLegal	2026-10-08T16:41:20+0500
quarkron	73647	ASSIGNED	TP12_Strategy	2026-10-08T16:41:20+0500
quarkron	73648	ASSIGNED	TP13_PitchReady	2026-10-08T16:41:20+0500
selmymar	21389	ASSIGNED	APP1 Bootcamp. Day00	2026-10-08T16:41:22+0500
selmymar	21390	ASSIGNED	APP1 Bootcamp. Day01	2026-10-08T16:41:22+0500
selmymar	21412	ASSIGNED	APP1 Bootcamp. Day03	2026-10-08T16:41:22+0500
selmymar	21413	ASSIGNED	APP1 Bootcamp. Day02	2026-10-08T16:41:22+0500
selmymar	21414	ASSIGNED	APP1 Bootcamp. Day04	2026-10-08T16:41:22+0500
selmymar	21415	ASSIGNED	APP1 Bootcamp. Team00	2026-10-08T16:41:22+0500
selmymar	21416	ASSIGNED	APP1 Bootcamp. Day05	2026-10-08T16:41:22+0500
selmymar	21417	ASSIGNED	APP1 Bootcamp. Day06	2026-10-08T16:41:22+0500
selmymar	21418	ASSIGNED	APP1 Bootcamp. Day07	2026-10-08T16:41:22+0500
selmymar	21419	ASSIGNED	APP1 Bootcamp. Day08	2026-10-08T16:41:22+0500
selmymar	21420	ASSIGNED	APP1 Bootcamp. Team01	2026-10-08T16:41:22+0500
selmymar	26477	ACCEPTED	C3_s21_stringplus	2026-10-08T16:41:22+0500
selmymar	26478	ACCEPTED	C2_SimpleBashUtils	2026-10-08T16:41:22+0500
selmymar	26480	ASSIGNED	C4_s21_math	2026-10-08T16:41:22+0500
selmymar	26481	ACCEPTED	C5_s21_decimal	2026-10-08T16:41:22+0500
selmymar	26482	ACCEPTED	C6_s21_matrix	2026-10-08T16:41:22+0500
selmymar	26483	ASSIGNED	SmartCalc_v1.0	2026-10-08T16:41:22+0500
selmymar	26484	ASSIGNED	C8_3DViewer_v1.0	2026-10-08T16:41:22+0500
selmymar	26485	ASSIGNED	CPP1_s21_matrix+	2026-10-08T16:41:22+0500
selmymar	26486	ASSIGNED	CPP2_s21_containers	2026-10-08T16:41:22+0500
selmymar	26487	ASSIGNED	CPP3_SmartCalc_v2.0	2026-10-08T16:41:22+0500
selmymar	26488	ASSIGNED	CPP4_3DViewer_v2.0	2026-10-08T16:41:22+0500
selmymar	26489	ASSIGNED	CPP5_3DViewer_v2.1	2026-10-08T16:41:22+0500
selmymar	26490	ASSIGNED	CPP6_3DViewer_v2.2	2026-10-08T16:41:22+0500
selmymar	26491	ASSIGNED	CPP7_MLP	2026-10-08T16:41:22+0500
selmymar	26492	ASSIGNED	CPP8_PhotoLab_v1.0	2026-10-08T16:41:22+0500
selmymar	26493	ASSIGNED	CPP9_Monitoring System	2026-10-08T16:41:22+0500
selmymar	26557	ACCEPTED	DO1_Linux	2026-10-08T16:41:22+0500
selmymar	26558	ACCEPTED	DO2_Linux Network	2026-10-08T16:41:22+0500
selmymar	26559	ASSIGNED	RetailAnalytics_v2.0_Web_Go	2026-10-08T16:41:22+0500
selmymar	26560	ASSIGNED	SmartCalc_v4.0_Web_Go	2026-10-08T16:41:22+0500
selmymar	26561	ASSIGNED	DO3_LinuxMonitoring v1.0	2026-10-08T16:41:22+0500
selmymar	26562	ASSIGNED	Info21_v2.0_Web_Go	2026-10-08T16:41:22+0500
selmymar	26563	ASSIGNED	DO4_LinuxMonitoring v2.0	2026-10-08T16:41:22+0500
selmymar	26564	ASSIGNED	SimpleWebStudio_v1.0_Go	2026-10-08T16:41:22+0500
selmymar	26565	ACCEPTED	DO5_SimpleDocker	2026-10-08T16:41:22+0500
selmymar	26566	ACCEPTED	DO6_CICD	2026-10-08T16:41:22+0500
selmymar	26567	ASSIGNED	SmartCalc_v3.0 Desktop (Go)	2026-10-08T16:41:22+0500
selmymar	26568	ASSIGNED	Maze	2026-10-08T16:41:22+0500
selmymar	26569	ASSIGNED	SimpleNavigator v1.0	2026-10-08T16:41:22+0500
selmymar	26570	ASSIGNED	RetailAnalytics_v2.0_Web_Python	2026-10-08T16:41:22+0500
selmymar	26571	ASSIGNED	Parallels	2026-10-08T16:41:22+0500
selmymar	26572	ASSIGNED	Crypto	2026-10-08T16:41:22+0500
selmymar	26573	ASSIGNED	SmartCalc_v4.0_Web_Python	2026-10-08T16:41:22+0500
selmymar	26574	ASSIGNED	s21_memory	2026-10-08T16:41:22+0500
selmymar	26575	ASSIGNED	Info21_v2.0_Web_Python	2026-10-08T16:41:22+0500
selmymar	26577	ASSIGNED	DNA Analyzer	2026-10-08T16:41:22+0500
selmymar	26578	ASSIGNED	Algorithmic trading	2026-10-08T16:41:22+0500
selmymar	26579	ASSIGNED	SimpleWebStudio_v1.0_Python	2026-10-08T16:41:22+0500
selmymar	26581	ASSIGNED	SmartCalc_v3.0 Desktop (Python)	2026-10-08T16:41:22+0500
selmymar	26583	ASSIGNED	SQL2_Info21_v1.0	2026-10-08T16:41:22+0500
selmymar	26584	ASSIGNED	RetailAnalytics_v2.0_Web_Java	2026-10-08T16:41:22+0500
selmymar	26585	ASSIGNED	SQL3_RetailAnalitycs v1.0	2026-10-08T16:41:22+0500
selmymar	26586	ASSIGNED	SmartCalc_v4.0_Web_Java	2026-10-08T16:41:22+0500
selmymar	26589	ASSIGNED	Info21_v2.0_Web_Java	2026-10-08T16:41:22+0500
selmymar	26590	ASSIGNED	SmartCalc v3.0 Desktop (C#)	2026-10-08T16:41:22+0500
selmymar	26592	ASSIGNED	SimpleWebStudio v1.0 C#	2026-10-08T16:41:22+0500
selmymar	26593	ASSIGNED	Info21_v2.0_Web_C#	2026-10-08T16:41:22+0500
selmymar	26594	ASSIGNED	SmartCalc v4.0 Web C#	2026-10-08T16:41:22+0500
selmymar	26595	ASSIGNED	SmartCalc_v3.0 Desktop (Java)	2026-10-08T16:41:22+0500
selmymar	26596	ASSIGNED	RetailAnalytics_v2.0_Web_C#	2026-10-08T16:41:22+0500
selmymar	27289	ASSIGNED	DS Healthcare. Project 01 	2026-10-08T16:41:22+0500
selmymar	27290	ASSIGNED	DS Healthcare. Project 02	2026-10-08T16:41:22+0500
selmymar	27292	ASSIGNED	DS Healthcare. Project 03	2026-10-08T16:41:22+0500
selmymar	27295	ASSIGNED	DS Healthcare. Project 04	2026-10-08T16:41:22+0500
selmymar	27298	ASSIGNED	DS Healthcare. Project 05	2026-10-08T16:41:22+0500
selmymar	27299	ASSIGNED	DS Healthcare. Project 06	2026-10-08T16:41:22+0500
selmymar	27364	ASSIGNED	Transactions	2026-10-08T16:41:22+0500
selmymar	27373	ASSIGNED	SimpleWebStudio_v1.0_Java	2026-10-08T16:41:22+0500
selmymar	27711	ASSIGNED	APC1 Bootcamp. Day00	2026-10-08T16:41:22+0500
selmymar	27714	ASSIGNED	APC1 Bootcamp. Day01	2026-10-08T16:41:22+0500
selmymar	27715	ASSIGNED	APC1 Bootcamp. Day02	2026-10-08T16:41:22+0500
selmymar	27716	ASSIGNED	APC1 Bootcamp. Day03	2026-10-08T16:41:22+0500
selmymar	27717	ASSIGNED	APC1 Bootcamp. Day04	2026-10-08T16:41:22+0500
selmymar	27718	ASSIGNED	APC1 Bootcamp. Day05	2026-10-08T16:41:22+0500
selmymar	27719	ASSIGNED	APC1 Bootcamp. Day06	2026-10-08T16:41:22+0500
selmymar	27720	ASSIGNED	APC1 Bootcamp. Day07	2026-10-08T16:41:22+0500
selmymar	27721	ASSIGNED	APC1 Bootcamp. Day08	2026-10-08T16:41:22+0500
selmymar	27723	ASSIGNED	APC1 Bootcamp. Team01	2026-10-08T16:41:22+0500
selmymar	28037	ASSIGNED	APG1 Bootcamp. Day00	2026-10-08T16:41:22+0500
selmymar	28038	ASSIGNED	APG1 Bootcamp.  Day01	2026-10-08T16:41:22+0500
selmymar	28039	ASSIGNED	APG1 Bootcamp. Day02	2026-10-08T16:41:22+0500
selmymar	28040	ASSIGNED	APG1 Bootcamp. Day03	2026-10-08T16:41:22+0500
selmymar	28041	ASSIGNED	APG1 Bootcamp. Day04	2026-10-08T16:41:22+0500
selmymar	28042	ASSIGNED	APG1 Bootcamp.  Day05	2026-10-08T16:41:22+0500
selmymar	28043	ASSIGNED	APG1 Bootcamp.  Day06	2026-10-08T16:41:22+0500
selmymar	28044	ASSIGNED	APG1 Bootcamp. Day07	2026-10-08T16:41:22+0500
selmymar	28045	ASSIGNED	APG1 Bootcamp. Day08	2026-10-08T16:41:22+0500
selmymar	28046	ASSIGNED	APG1 Bootcamp. Day09	2026-10-08T16:41:22+0500
selmymar	28047	ASSIGNED	APG1 Bootcamp. Team00	2026-10-08T16:41:22+0500
selmymar	28048	ASSIGNED	APG1 Bootcamp. Team01	2026-10-08T16:41:22+0500
selmymar	28350	ASSIGNED	APC1 Bootcamp. Team00	2026-10-08T16:41:22+0500
selmymar	40313	ASSIGNED	ROSB1_Intro	2026-10-08T16:41:22+0500
selmymar	40648	ASSIGNED	ROSB2_Advanced node	2026-10-08T16:41:22+0500
selmymar	40649	ASSIGNED	ROSB3_TF library 	2026-10-08T16:41:22+0500
selmymar	40650	ASSIGNED	ROSB4_Robot simulation	2026-10-08T16:41:22+0500
selmymar	40651	ASSIGNED	ROSB5_Robot sensor 	2026-10-08T16:41:22+0500
selmymar	40652	ASSIGNED	ROSB7_Robot mapping	2026-10-08T16:41:22+0500
selmymar	40653	ASSIGNED	ROSB8_Robot navigation	2026-10-08T16:41:22+0500
selmymar	40655	ASSIGNED	ROSB9_MoveIt arm control	2026-10-08T16:41:22+0500
selmymar	40656	ASSIGNED	ROSB10_Computer vision 	2026-10-08T16:41:22+0500
selmymar	40657	ASSIGNED	ROSB11_Robot behaviors 	2026-10-08T16:41:22+0500
selmymar	40658	ASSIGNED	ROSB6_Robot programming	2026-10-08T16:41:22+0500
selmymar	40659	ASSIGNED	ROSB12_Robotics Pro	2026-10-08T16:41:22+0500
selmymar	40886	ASSIGNED	APP1 Bootcamp. Day09	2026-10-08T16:41:22+0500
selmymar	40910	ACCEPTED	SQLB2_Retrieving data	2026-10-08T16:41:22+0500
selmymar	40911	ACCEPTED	SQLB3_Retrieving data deep dive	2026-10-08T16:41:22+0500
selmymar	40912	ACCEPTED	SQLB4_DML	2026-10-08T16:41:22+0500
selmymar	40913	ACCEPTED	SQLB5_Snapshots	2026-10-08T16:41:22+0500
selmymar	40914	ACCEPTED	SQLB7_Database index 	2026-10-08T16:41:22+0500
selmymar	40915	FAILED	SQLB8_Integrating features	2026-10-08T16:41:22+0500
selmymar	40916	FAILED	SQLB9_OLAP	2026-10-08T16:41:22+0500
selmymar	40918	FAILED	SQLB10_Isolation levels	2026-10-08T16:41:22+0500
selmymar	40919	FAILED	SQLB11_Functions and procs	2026-10-08T16:41:22+0500
selmymar	40922	FAILED	SQLB12_Warehouse fundamentals	2026-10-08T16:41:22+0500
selmymar	40964	ACCEPTED	SQLB1_Basics	2026-10-08T16:41:22+0500
selmymar	41377	ASSIGNED	DevOps Exam_DELETE	2026-10-08T16:41:22+0500
selmymar	47708	ACCEPTED	SQLB6_Salesman problem	2026-10-08T16:41:22+0500
selmymar	51184	ASSIGNED	FE1_Browser extensions	2026-10-08T16:41:22+0500
selmymar	51185	ASSIGNED	FE2_Angular framework	2026-10-08T16:41:22+0500
selmymar	51186	ASSIGNED	FE3_Vue framework	2026-10-08T16:41:22+0500
selmymar	51187	ASSIGNED	FE4_CSS and animations	2026-10-08T16:41:22+0500
selmymar	51188	ASSIGNED	FE5_Canvas tag 	2026-10-08T16:41:22+0500
selmymar	51190	ASSIGNED	FE6_WebSocket	2026-10-08T16:41:22+0500
selmymar	51191	ASSIGNED	FE7_Code quality	2026-10-08T16:41:22+0500
selmymar	51202	ASSIGNED	CT2_Dream_job	2026-10-08T16:41:22+0500
selmymar	51205	ASSIGNED	CT1_Self_determination	2026-10-08T16:41:22+0500
selmymar	51210	ASSIGNED	Проект в разработке	2026-10-08T16:41:22+0500
selmymar	51262	ASSIGNED	DB Bootcamp. Day00	2026-10-08T16:41:22+0500
selmymar	51263	ASSIGNED	DB Bootcamp. Day01	2026-10-08T16:41:22+0500
selmymar	51264	ASSIGNED	DB Bootcamp. Day02	2026-10-08T16:41:22+0500
selmymar	51363	ASSIGNED	FEB1_JS	2026-10-08T16:41:22+0500
selmymar	51394	ASSIGNED	FEB2_Native JS	2026-10-08T16:41:22+0500
selmymar	51399	ASSIGNED	FEB3_HTML and CSS	2026-10-08T16:41:22+0500
selmymar	51409	ASSIGNED	FEB4_Advanced Web	2026-10-08T16:41:22+0500
selmymar	51411	ASSIGNED	FEB5_Express framework	2026-10-08T16:41:22+0500
selmymar	51412	ASSIGNED	FEB6_HTML templating	2026-10-08T16:41:22+0500
selmymar	51413	ASSIGNED	DB Bootcamp. Day03	2026-10-08T16:41:22+0500
selmymar	51414	ASSIGNED	FEB7_SeaBattle game	2026-10-08T16:41:22+0500
selmymar	51415	ASSIGNED	FEB8_React	2026-10-08T16:41:22+0500
selmymar	51416	ASSIGNED	FEB9_Memoization	2026-10-08T16:41:22+0500
selmymar	51417	ASSIGNED	FEB10_Data storages	2026-10-08T16:41:22+0500
selmymar	51418	ASSIGNED	FEB11_Routing	2026-10-08T16:41:22+0500
selmymar	51419	ASSIGNED	FEB12_React Redux	2026-10-08T16:41:22+0500
selmymar	51420	ASSIGNED	FEB13_TypeScript	2026-10-08T16:41:22+0500
selmymar	51435	ASSIGNED	DB Bootcamp. Day04	2026-10-08T16:41:22+0500
selmymar	51462	ASSIGNED	FEB14_Web Building	2026-10-08T16:41:22+0500
selmymar	51472	ASSIGNED	EEB1_Basics	2026-10-08T16:41:22+0500
selmymar	51473	ASSIGNED	EEB2_AC circuit analysis	2026-10-08T16:41:22+0500
selmymar	51474	ASSIGNED	EEB3_Circuit calc	2026-10-08T16:41:22+0500
selmymar	51475	ASSIGNED	EEB4_Connection circuits	2026-10-08T16:41:22+0500
selmymar	51476	ASSIGNED	EEB5_Operational amplifiers	2026-10-08T16:41:22+0500
selmymar	51477	ASSIGNED	EEB6_Filters	2026-10-08T16:41:22+0500
selmymar	51478	ASSIGNED	EEB7_Speed control	2026-10-08T16:41:22+0500
selmymar	51479	ASSIGNED	EEB8_Arduino boards	2026-10-08T16:41:22+0500
selmymar	51480	ASSIGNED	EEB9_Module integration	2026-10-08T16:41:22+0500
selmymar	51481	ASSIGNED	EEB10_STM fundamentals	2026-10-08T16:41:22+0500
selmymar	51482	ASSIGNED	EEB11_STM code	2026-10-08T16:41:22+0500
selmymar	51483	ASSIGNED	EEB12_Transferring data	2026-10-08T16:41:22+0500
selmymar	51484	ASSIGNED	EEB13_Satellite odometer	2026-10-08T16:41:22+0500
selmymar	51485	ASSIGNED	DS1_Tweets	2026-10-08T16:41:22+0500
selmymar	51486	ASSIGNED	DS2_Churn prediction	2026-10-08T16:41:22+0500
selmymar	51487	ASSIGNED	DS3_My Spotify	2026-10-08T16:41:22+0500
selmymar	51488	ASSIGNED	DS4_Understanding customer	2026-10-08T16:41:22+0500
selmymar	51489	ASSIGNED	DS5_Uber	2026-10-08T16:41:22+0500
selmymar	51490	ASSIGNED	DS8_Fried Eggs	2026-10-08T16:41:22+0500
selmymar	51491	ASSIGNED	DS7_Amazon	2026-10-08T16:41:22+0500
selmymar	51492	ASSIGNED	DS6_City life	2026-10-08T16:41:22+0500
selmymar	51496	IN_REVIEWS	DSB1_UNIX Command Line Tools_	2026-10-08T16:41:22+0500
selmymar	51497	IN_REVIEWS	DSB2_Syntax&Semantics_	2026-10-08T16:41:22+0500
selmymar	51498	ASSIGNED	DSB3_OOP skills_	2026-10-08T16:41:22+0500
selmymar	51499	ASSIGNED	DSB4_Package management_	2026-10-08T16:41:22+0500
selmymar	51500	ASSIGNED	DSB5_Efficient code practices_	2026-10-08T16:41:22+0500
selmymar	51501	ASSIGNED	DSB6_MovieLens Analytics_	2026-10-08T16:41:22+0500
selmymar	51502	ASSIGNED	DSB7_Pandas_	2026-10-08T16:41:22+0500
selmymar	51503	ASSIGNED	DSB8_SQL&Pandas_	2026-10-08T16:41:22+0500
selmymar	51504	ASSIGNED	DSB9_Pandas_SQL& Data Visual_	2026-10-08T16:41:22+0500
selmymar	51505	ASSIGNED	DSB10_Intro to ML_	2026-10-08T16:41:22+0500
selmymar	51506	ASSIGNED	DSB11_ML: Advanced_	2026-10-08T16:41:22+0500
selmymar	51507	ASSIGNED	DSB12_Food&nutrition_	2026-10-08T16:41:22+0500
selmymar	51508	ASSIGNED	DB Bootcamp. Day05	2026-10-08T16:41:22+0500
selmymar	51509	ASSIGNED	DB Bootcamp. Day06	2026-10-08T16:41:22+0500
selmymar	51510	ASSIGNED	DB Bootcamp. Day07	2026-10-08T16:41:22+0500
selmymar	51511	ASSIGNED	DB Bootcamp. Day08	2026-10-08T16:41:22+0500
selmymar	51512	ASSIGNED	DB Bootcamp. Day09	2026-10-08T16:41:22+0500
selmymar	51513	ASSIGNED	DB Bootcamp. Team00	2026-10-08T16:41:22+0500
selmymar	51517	ASSIGNED	CT3_CV_Resume	2026-10-08T16:41:22+0500
selmymar	51518	ASSIGNED	CT4_Interview_	2026-10-08T16:41:22+0500
selmymar	51529	ASSIGNED	CT5_Teamwork_	2026-10-08T16:41:22+0500
selmymar	51652	ASSIGNED	DB Bootcamp. Team01	2026-10-08T16:41:22+0500
selmymar	51654	ASSIGNED	CT6_Corporate_culture 	2026-10-08T16:41:22+0500
selmymar	51659	ASSIGNED	CT7_Corporate_Communication	2026-10-08T16:41:22+0500
selmymar	51660	ASSIGNED	CT8_Career_planning	2026-10-08T16:41:22+0500
selmymar	52870	ASSIGNED	Kotlin Bootcamp. Day00	2026-10-08T16:41:22+0500
selmymar	52871	ASSIGNED	Kotlin Bootcamp. Day01	2026-10-08T16:41:22+0500
selmymar	52872	ASSIGNED	Kotlin Bootcamp. Day02	2026-10-08T16:41:22+0500
selmymar	52873	ASSIGNED	Kotlin Bootcamp. Day03	2026-10-08T16:41:22+0500
selmymar	52878	ASSIGNED	Kotlin Bootcamp. Day04	2026-10-08T16:41:22+0500
selmymar	52879	ASSIGNED	Kotlin Bootcamp. Team00	2026-10-08T16:41:22+0500
selmymar	52880	ASSIGNED	Kotlin Bootcamp. Day05	2026-10-08T16:41:22+0500
selmymar	52881	ASSIGNED	Kotlin Bootcamp. Day06	2026-10-08T16:41:22+0500
selmymar	52882	ASSIGNED	Kotlin Bootcamp. Day07	2026-10-08T16:41:22+0500
selmymar	52883	ASSIGNED	Kotlin Bootcamp. Day08	2026-10-08T16:41:22+0500
selmymar	52884	ASSIGNED	Kotlin Bootcamp. Day09	2026-10-08T16:41:22+0500
selmymar	52885	ASSIGNED	Kotlin Bootcamp. Team01	2026-10-08T16:41:22+0500
selmymar	53016	ASSIGNED	Java Bootcamp. Day00	2026-10-08T16:41:22+0500
selmymar	53017	ASSIGNED	Java Bootcamp. Day01	2026-10-08T16:41:22+0500
selmymar	53018	ASSIGNED	Java Bootcamp. Day02	2026-10-08T16:41:22+0500
selmymar	53019	ASSIGNED	Java Bootcamp. Day03	2026-10-08T16:41:22+0500
selmymar	53020	ASSIGNED	Java Bootcamp. Day04	2026-10-08T16:41:22+0500
selmymar	53021	ASSIGNED	Java Bootcamp. Team00	2026-10-08T16:41:22+0500
selmymar	53022	ASSIGNED	Java Bootcamp. Day05	2026-10-08T16:41:22+0500
selmymar	53025	ASSIGNED	Java Bootcamp. Day06	2026-10-08T16:41:22+0500
selmymar	53026	ASSIGNED	Java Bootcamp. Day07	2026-10-08T16:41:22+0500
selmymar	53035	ASSIGNED	Java Bootcamp. Day08	2026-10-08T16:41:22+0500
selmymar	53036	ASSIGNED	Java Bootcamp. Day09	2026-10-08T16:41:22+0500
selmymar	53037	ASSIGNED	Java Bootcamp. Team01	2026-10-08T16:41:22+0500
selmymar	57572	ASSIGNED	CPP Exam	2026-10-08T16:41:22+0500
selmymar	57573	ASSIGNED	CPPE-T	2026-10-08T16:41:22+0500
selmymar	59888	ASSIGNED	Core final testing	2026-10-08T16:41:22+0500
selmymar	59889	ASSIGNED	Core final exam	2026-10-08T16:41:22+0500
selmymar	60672	ASSIGNED	Swift Bootcamp. Day00	2026-10-08T16:41:22+0500
selmymar	60673	ASSIGNED	Swift Bootcamp. Day01	2026-10-08T16:41:22+0500
selmymar	60674	ASSIGNED	Swift Bootcamp. Day02	2026-10-08T16:41:22+0500
selmymar	60675	ASSIGNED	Swift Bootcamp. Day03	2026-10-08T16:41:22+0500
selmymar	60676	ASSIGNED	Swift Bootcamp. Day04	2026-10-08T16:41:22+0500
selmymar	60677	ASSIGNED	Swift Bootcamp. Team00	2026-10-08T16:41:22+0500
selmymar	60680	ASSIGNED	Swift Bootcamp. Day05	2026-10-08T16:41:22+0500
selmymar	60681	ASSIGNED	Swift Bootcamp. Day06	2026-10-08T16:41:22+0500
selmymar	60682	ASSIGNED	Swift Bootcamp. Day07	2026-10-08T16:41:22+0500
selmymar	60683	ASSIGNED	Swift Bootcamp. Day08	2026-10-08T16:41:22+0500
selmymar	60684	ASSIGNED	Swift Bootcamp. Day09	2026-10-08T16:41:22+0500
selmymar	60685	ASSIGNED	Swift Bootcamp. Team01	2026-10-08T16:41:22+0500
selmymar	61411	ASSIGNED	DO7_Docker Compose	2026-10-08T16:41:22+0500
selmymar	61424	ASSIGNED	DO8_AutomationTools	2026-10-08T16:41:22+0500
selmymar	61425	ASSIGNED	DO9_Monitoring	2026-10-08T16:41:22+0500
selmymar	61426	ASSIGNED	DO10_BasicK8s	2026-10-08T16:41:22+0500
selmymar	61427	ASSIGNED	DO11_AdvK8s	2026-10-08T16:41:22+0500
selmymar	61428	ASSIGNED	DO12_Helm	2026-10-08T16:41:22+0500
selmymar	62392	ASSIGNED	ML1_Introduction	2026-10-08T16:41:22+0500
selmymar	62393	ASSIGNED	ML2_Supervised learning	2026-10-08T16:41:22+0500
selmymar	62394	ASSIGNED	ML3_Validation	2026-10-08T16:41:22+0500
selmymar	62395	ASSIGNED	ML4_Classification problems	2026-10-08T16:41:22+0500
selmymar	62396	ASSIGNED	ML5_Decision trees	2026-10-08T16:41:22+0500
selmymar	62397	ASSIGNED	ML6_Unsupervised learning	2026-10-08T16:41:22+0500
selmymar	62398	ASSIGNED	ML7_Clustering algorithms	2026-10-08T16:41:22+0500
selmymar	62399	ASSIGNED	ML8_Neural networks	2026-10-08T16:41:22+0500
selmymar	62400	ASSIGNED	ML9_Convolutional networks 	2026-10-08T16:41:22+0500
selmymar	62401	ASSIGNED	ML10_RNNs	2026-10-08T16:41:22+0500
selmymar	62403	ASSIGNED	ML11_Attention mechanism	2026-10-08T16:41:22+0500
selmymar	62404	ASSIGNED	ML12_Generative ML	2026-10-08T16:41:22+0500
selmymar	62813	ASSIGNED	SA1_Software specs	2026-10-08T16:41:22+0500
selmymar	62825	ASSIGNED	SA2_Software quality	2026-10-08T16:41:22+0500
selmymar	62826	ASSIGNED	SA3_Requirements analysis	2026-10-08T16:41:22+0500
selmymar	62827	ASSIGNED	SA4_SDD	2026-10-08T16:41:22+0500
selmymar	62828	ASSIGNED	SA5_Complex architecture	2026-10-08T16:41:22+0500
selmymar	62829	ASSIGNED	SA6_TOGAF framework	2026-10-08T16:41:22+0500
selmymar	62954	ACCEPTED	BE1_HttpAuth	2026-10-08T16:41:22+0500
selmymar	62955	ACCEPTED	BE2_APIFromSpec	2026-10-08T16:41:22+0500
selmymar	62957	ASSIGNED	BE3_Nginx Pro	2026-10-08T16:41:22+0500
selmymar	62958	ASSIGNED	BE4_GRPCAuth	2026-10-08T16:41:22+0500
selmymar	62959	ASSIGNED	BE5_Message broker	2026-10-08T16:41:22+0500
selmymar	62960	ASSIGNED	BE6_Data sharding	2026-10-08T16:41:22+0500
selmymar	62961	ASSIGNED	GD1_Meeting Unity	2026-10-08T16:41:22+0500
selmymar	62962	ASSIGNED	GD2_Game Design	2026-10-08T16:41:22+0500
selmymar	62963	ASSIGNED	GD3_DOD	2026-10-08T16:41:22+0500
selmymar	62964	ASSIGNED	GD4_Multiplayer	2026-10-08T16:41:22+0500
selmymar	62966	ASSIGNED	GD5_Shaders	2026-10-08T16:41:22+0500
selmymar	62967	ASSIGNED	GD6_Hypercasual	2026-10-08T16:41:22+0500
selmymar	62968	ASSIGNED	GD7_Unreal Engine	2026-10-08T16:41:22+0500
selmymar	63932	ASSIGNED	DO14_Final	2026-10-08T16:41:22+0500
selmymar	63934	ASSIGNED	DO13_CICD Pipeline	2026-10-08T16:41:22+0500
selmymar	64043	ASSIGNED	Mobile Kotlin_BasicApp	2026-10-08T16:41:22+0500
selmymar	64044	ASSIGNED	Mobile Kotlin_AuthApp	2026-10-08T16:41:22+0500
selmymar	64049	ASSIGNED	Mobile Swift_BasicApp	2026-10-08T16:41:22+0500
selmymar	64050	ASSIGNED	Mobile Swift_AuthApp	2026-10-08T16:41:22+0500
selmymar	64402	ASSIGNED	FE8_Data vis	2026-10-08T16:41:22+0500
selmymar	66062	ASSIGNED	DevOps Exam	2026-10-08T16:41:22+0500
selmymar	67412	ASSIGNED	CPP_Ex-p	2026-10-08T16:41:22+0500
selmymar	67417	ASSIGNED	CPP_Ex-t	2026-10-08T16:41:22+0500
selmymar	68823	ASSIGNED	C_Ex-t	2026-10-08T16:41:22+0500
selmymar	68824	ASSIGNED	C_Ex-p	2026-10-08T16:41:22+0500
selmymar	68883	ASSIGNED	SQL_Ex-t	2026-10-08T16:41:22+0500
selmymar	68901	ASSIGNED	SQL_Ex-p	2026-10-08T16:41:22+0500
selmymar	68976	ASSIGNED	DO_Ex-t	2026-10-08T16:41:22+0500
selmymar	68977	ASSIGNED	A_Ex-t	2026-10-08T16:41:22+0500
selmymar	69039	ASSIGNED	AP1-CS-T01	2026-10-08T16:41:22+0500
selmymar	69040	ASSIGNED	AP1-CS-T02	2026-10-08T16:41:22+0500
selmymar	69041	ASSIGNED	AP1-CS-P01	2026-10-08T16:41:22+0500
selmymar	69042	ASSIGNED	AP1-CS-T03	2026-10-08T16:41:22+0500
selmymar	69043	ASSIGNED	AP1-CS-T04B	2026-10-08T16:41:22+0500
selmymar	69044	ASSIGNED	AP1-CS-T05B	2026-10-08T16:41:22+0500
selmymar	69045	ACCEPTED	AP1-Go-T01	2026-10-08T16:41:22+0500
selmymar	69046	ACCEPTED	AP1-Go-T02	2026-10-08T16:41:22+0500
selmymar	69047	FAILED	AP1-Go-P01	2026-10-08T16:41:22+0500
selmymar	69048	ACCEPTED	AP1-Go-T03	2026-10-08T16:41:22+0500
selmymar	69049	IN_REVIEWS	AP1-Go-T04B	2026-10-08T16:41:22+0500
selmymar	69051	ASSIGNED	AP1-Go-T05B	2026-10-08T16:41:22+0500
selmymar	69052	IN_PROGRESS	C7_BrickGame_v1.0	2026-10-08T16:41:22+0500
selmymar	69053	ASSIGNED	CPP3_BrickGame_v2.0	2026-10-08T16:41:22+0500
selmymar	69055	ASSIGNED	AP2_BrickGame_v3.0_Python	2026-10-08T16:41:22+0500
selmymar	69056	ASSIGNED	AP2_BrickGame_v3.0_Jv	2026-10-08T16:41:22+0500
selmymar	69057	ASSIGNED	AP2_BrickGame v3.0_JS	2026-10-08T16:41:22+0500
selmymar	69058	ASSIGNED	AP2_BrickGame_v3.0_Go	2026-10-08T16:41:22+0500
selmymar	69059	ASSIGNED	AP2_BrickGame_v3.0_C#	2026-10-08T16:41:22+0500
selmymar	69060	ASSIGNED	AP2_BrickGame_v3.0_Kt	2026-10-08T16:41:22+0500
selmymar	69061	ASSIGNED	AP2_BrickGame_v3.0_Sw	2026-10-08T16:41:22+0500
selmymar	69062	ACCEPTED	AP1-Jv-T01	2026-10-08T16:41:22+0500
selmymar	69063	ACCEPTED	AP1-Jv-T02	2026-10-08T16:41:22+0500
selmymar	69064	FAILED	AP1-Jv-P01	2026-10-08T16:41:22+0500
selmymar	69065	ACCEPTED	AP1-Jv-T03	2026-10-08T16:41:22+0500
selmymar	69066	ACCEPTED	AP1-Jv-T04B	2026-10-08T16:41:22+0500
selmymar	69067	ACCEPTED	AP1-Jv-T05B	2026-10-08T16:41:22+0500
selmymar	69068	ASSIGNED	AP1-Jv-T04M	2026-10-08T16:41:22+0500
selmymar	69069	ASSIGNED	AP1-Jv-T05M	2026-10-08T16:41:22+0500
selmymar	69070	ASSIGNED	AP1-JS-T01	2026-10-08T16:41:22+0500
selmymar	69071	ASSIGNED	AP1-JS-T02	2026-10-08T16:41:22+0500
selmymar	69072	ASSIGNED	AP1-JS-P01	2026-10-08T16:41:22+0500
selmymar	69073	ASSIGNED	AP1-JS-T03	2026-10-08T16:41:22+0500
selmymar	69074	ASSIGNED	AP1-JS-T04F	2026-10-08T16:41:22+0500
selmymar	69075	ASSIGNED	AP1-JS-T05F	2026-10-08T16:41:22+0500
selmymar	69076	ASSIGNED	AP1-JS-T04B	2026-10-08T16:41:22+0500
selmymar	69077	ASSIGNED	AP1-JS-T05B	2026-10-08T16:41:22+0500
selmymar	69078	ASSIGNED	AP1-Kt-T01	2026-10-08T16:41:22+0500
selmymar	69079	ASSIGNED	AP1-Kt-T02	2026-10-08T16:41:22+0500
selmymar	69080	ASSIGNED	AP1-Kt-P01	2026-10-08T16:41:22+0500
selmymar	69081	ASSIGNED	AP1-Kt-T03	2026-10-08T16:41:22+0500
selmymar	69082	ASSIGNED	AP1-Kt-T04M	2026-10-08T16:41:22+0500
selmymar	69083	ASSIGNED	AP1-Kt-T05M	2026-10-08T16:41:22+0500
selmymar	69084	ASSIGNED	AP1-Kt-T04B	2026-10-08T16:41:22+0500
selmymar	69085	ASSIGNED	AP1-Kt-T05B	2026-10-08T16:41:22+0500
selmymar	69086	ASSIGNED	AP1-Py-T01	2026-10-08T16:41:22+0500
selmymar	69087	ASSIGNED	AP1-Py-T02	2026-10-08T16:41:22+0500
selmymar	69088	ASSIGNED	AP1-Py-P01	2026-10-08T16:41:22+0500
selmymar	69089	ASSIGNED	AP1-Py-T04B	2026-10-08T16:41:22+0500
selmymar	69090	ASSIGNED	AP1-Py-T03	2026-10-08T16:41:22+0500
selmymar	69091	ASSIGNED	AP1-Py-T05B	2026-10-08T16:41:22+0500
selmymar	69094	ASSIGNED	AP1-Sw-T01	2026-10-08T16:41:22+0500
selmymar	69096	ASSIGNED	AP1-Sw-T02	2026-10-08T16:41:22+0500
selmymar	69097	ASSIGNED	AP1-Sw-P01	2026-10-08T16:41:22+0500
selmymar	69098	ASSIGNED	AP1-Sw-T03	2026-10-08T16:41:22+0500
selmymar	69099	ASSIGNED	AP1-Sw-T04M	2026-10-08T16:41:22+0500
selmymar	69100	ASSIGNED	AP1-Sw-T05M	2026-10-08T16:41:22+0500
selmymar	69101	ASSIGNED	AP1-Sw-T04B	2026-10-08T16:41:22+0500
selmymar	69102	ASSIGNED	AP1-Sw-T05B	2026-10-08T16:41:22+0500
selmymar	69103	ASSIGNED	A1_Maze_C	2026-10-08T16:41:22+0500
selmymar	69104	ASSIGNED	A2_SimpleNavigator_v1.0_C	2026-10-08T16:41:22+0500
selmymar	69105	ASSIGNED	A3_Parallels_C	2026-10-08T16:41:22+0500
selmymar	69106	ASSIGNED	A4_Crypto_C	2026-10-08T16:41:22+0500
selmymar	69107	ASSIGNED	A5_s21_memory_C	2026-10-08T16:41:22+0500
selmymar	69108	ASSIGNED	A6_Transactions_C	2026-10-08T16:41:22+0500
selmymar	69109	ASSIGNED	A7_DNA_Analyzer_C	2026-10-08T16:41:22+0500
selmymar	69110	ASSIGNED	A8_Algorithmic_trading_C	2026-10-08T16:41:22+0500
selmymar	69113	ASSIGNED	A1_Maze_CPP	2026-10-08T16:41:22+0500
selmymar	69114	ASSIGNED	A1_Maze_Py	2026-10-08T16:41:22+0500
selmymar	69115	ASSIGNED	A1_Maze_Go	2026-10-08T16:41:22+0500
selmymar	69116	ASSIGNED	A1_Maze_Jv	2026-10-08T16:41:22+0500
selmymar	69117	ASSIGNED	A1_Maze_JS	2026-10-08T16:41:22+0500
selmymar	69118	ASSIGNED	A1_Maze_C#	2026-10-08T16:41:22+0500
selmymar	69119	ASSIGNED	A1_Maze_Kt	2026-10-08T16:41:22+0500
selmymar	69120	ASSIGNED	A1_Maze_Sw	2026-10-08T16:41:22+0500
selmymar	69121	ASSIGNED	A2_SimpleNavigator_v1.0_CPP	2026-10-08T16:41:22+0500
selmymar	69122	ASSIGNED	A2_SimpleNavigator_v1.0_Py	2026-10-08T16:41:22+0500
selmymar	69123	ASSIGNED	A2_SimpleNavigator_v1.0_Go	2026-10-08T16:41:22+0500
selmymar	69124	ASSIGNED	A2_SimpleNavigator_v1.0_Jv	2026-10-08T16:41:22+0500
selmymar	69125	ASSIGNED	A2_SimpleNavigator_v1.0_JS	2026-10-08T16:41:22+0500
selmymar	69126	ASSIGNED	A2_SimpleNavigator_v1.0_C#	2026-10-08T16:41:22+0500
selmymar	69127	ASSIGNED	A2_SimpleNavigator_v1.0_Kt	2026-10-08T16:41:22+0500
selmymar	69128	ASSIGNED	A2_SimpleNavigator_v1.0_Sw	2026-10-08T16:41:22+0500
selmymar	69140	ASSIGNED	IOS1_UIKit	2026-10-08T16:41:22+0500
selmymar	69188	REGISTERED	APJ_Ex-t	2026-10-08T16:41:22+0500
selmymar	69205	ASSIGNED	AND1_Activity	2026-10-08T16:41:22+0500
selmymar	69277	ASSIGNED	APG_Ex-t	2026-10-08T16:41:22+0500
selmymar	69278	ASSIGNED	APCS_Ex-t	2026-10-08T16:41:22+0500
selmymar	69279	ASSIGNED	APP_Ex-t	2026-10-08T16:41:22+0500
selmymar	69280	ASSIGNED	APJS_Ex-t	2026-10-08T16:41:22+0500
selmymar	69281	ASSIGNED	APS_Ex-t	2026-10-08T16:41:22+0500
selmymar	69282	ASSIGNED	APK_Ex-t	2026-10-08T16:41:22+0500
selmymar	69337	ASSIGNED	PjM1_ProjPM	2026-10-08T16:41:22+0500
selmymar	69372	ASSIGNED	PjM2_LifeCycle	2026-10-08T16:41:22+0500
selmymar	69373	ASSIGNED	PjM3_BasicM	2026-10-08T16:41:22+0500
selmymar	69463	ASSIGNED	AND2_Async operations	2026-10-08T16:41:22+0500
selmymar	69464	ASSIGNED	AND3_Custom View	2026-10-08T16:41:22+0500
selmymar	69465	ASSIGNED	AND4_Notification	2026-10-08T16:41:22+0500
selmymar	69466	ASSIGNED	AND5_OpenGL	2026-10-08T16:41:22+0500
selmymar	69467	ASSIGNED	AND6_Test	2026-10-08T16:41:22+0500
selmymar	69468	ASSIGNED	AND7_Gradle	2026-10-08T16:41:22+0500
selmymar	69469	ASSIGNED	AND8_Compose	2026-10-08T16:41:22+0500
selmymar	69478	ASSIGNED	IOS2_SwiftUI	2026-10-08T16:41:22+0500
selmymar	69534	ASSIGNED	IOS5_Maps	2026-10-08T16:41:22+0500
selmymar	69535	ASSIGNED	IOS6_Additional	2026-10-08T16:41:22+0500
selmymar	69538	ASSIGNED	IOS3_Network	2026-10-08T16:41:22+0500
selmymar	69539	ASSIGNED	IOS4_DataStorage	2026-10-08T16:41:22+0500
selmymar	69540	ASSIGNED	BSA00_Decomposition	2026-10-08T16:41:22+0500
selmymar	69541	ASSIGNED	BSA1_Stakeholders	2026-10-08T16:41:22+0500
selmymar	69542	ASSIGNED	BSA2_Requirements	2026-10-08T16:41:22+0500
selmymar	69543	ASSIGNED	BSA3_HowToRequirements	2026-10-08T16:41:22+0500
selmymar	69544	ASSIGNED	BSA4_Domains	2026-10-08T16:41:22+0500
selmymar	69545	ASSIGNED	BSA5_Diagrams	2026-10-08T16:41:22+0500
selmymar	69546	ASSIGNED	BSA6_BPMN	2026-10-08T16:41:22+0500
selmymar	69547	ASSIGNED	BSA7_UserStory	2026-10-08T16:41:22+0500
selmymar	69548	ASSIGNED	BSA8_UseCase	2026-10-08T16:41:22+0500
selmymar	69549	ASSIGNED	BSA9_Objects and Roles	2026-10-08T16:41:22+0500
selmymar	69550	ASSIGNED	BSA10_FR Design	2026-10-08T16:41:22+0500
selmymar	69551	ASSIGNED	BSA11_UserInterfaces	2026-10-08T16:41:22+0500
selmymar	69552	ASSIGNED	BSA12_NFRs	2026-10-08T16:41:22+0500
selmymar	69553	ASSIGNED	BSA13_ReqMgmt	2026-10-08T16:41:22+0500
selmymar	69554	ASSIGNED	BSA14_SystemIntegration	2026-10-08T16:41:22+0500
selmymar	69555	ASSIGNED	BSA15_REST	2026-10-08T16:41:22+0500
selmymar	69556	ASSIGNED	BSA16_SOAP	2026-10-08T16:41:22+0500
selmymar	69627	ASSIGNED	CT9_Educational way	2026-10-08T16:41:22+0500
selmymar	69676	ASSIGNED	IOS7_Test	2026-10-08T16:41:22+0500
selmymar	70735	ASSIGNED	A3_Parallels_CPP	2026-10-08T16:41:22+0500
selmymar	70736	ASSIGNED	A3_Parallels_Py	2026-10-08T16:41:22+0500
selmymar	70737	ASSIGNED	A3_Parallels_Go	2026-10-08T16:41:22+0500
selmymar	70738	ASSIGNED	A3_Parallels_Jv	2026-10-08T16:41:22+0500
selmymar	70739	ASSIGNED	A3_Parallels_JS	2026-10-08T16:41:22+0500
selmymar	70740	ASSIGNED	A3_Parallels_C#	2026-10-08T16:41:22+0500
selmymar	70741	ASSIGNED	A3_Parallels_Kt	2026-10-08T16:41:22+0500
selmymar	70742	ASSIGNED	A3_Parallels_Sw	2026-10-08T16:41:22+0500
selmymar	70756	ASSIGNED	A5_s21_memory_CPP	2026-10-08T16:41:22+0500
selmymar	70757	ASSIGNED	A4_Crypto_CPP	2026-10-08T16:41:22+0500
selmymar	70758	ASSIGNED	A4_Crypto_Py	2026-10-08T16:41:22+0500
selmymar	70759	ASSIGNED	A4_Crypto_Go	2026-10-08T16:41:22+0500
selmymar	70760	ASSIGNED	A4_Crypto_Jv	2026-10-08T16:41:22+0500
selmymar	70761	ASSIGNED	A4_Crypto_JS	2026-10-08T16:41:22+0500
selmymar	70762	ASSIGNED	A4_Crypto_C#	2026-10-08T16:41:22+0500
selmymar	70763	ASSIGNED	A4_Crypto_Kt	2026-10-08T16:41:22+0500
selmymar	70764	ASSIGNED	A4_Crypto_Sw	2026-10-08T16:41:22+0500
selmymar	70767	ASSIGNED	A6_Transactions_CPP	2026-10-08T16:41:22+0500
selmymar	70768	ASSIGNED	A6_Transactions_Py	2026-10-08T16:41:22+0500
selmymar	70769	ASSIGNED	A6_Transactions_Go	2026-10-08T16:41:22+0500
selmymar	70770	ASSIGNED	A6_Transactions_Jv	2026-10-08T16:41:22+0500
selmymar	70771	ASSIGNED	A6_Transactions_JS	2026-10-08T16:41:22+0500
selmymar	70772	ASSIGNED	A6_Transactions_C#	2026-10-08T16:41:22+0500
selmymar	70773	ASSIGNED	A6_Transactions_Kt	2026-10-08T16:41:22+0500
selmymar	70774	ASSIGNED	A6_Transactions_Sw	2026-10-08T16:41:22+0500
selmymar	70781	ASSIGNED	A7_DNA_Analyzer_CPP	2026-10-08T16:41:22+0500
selmymar	70782	ASSIGNED	A7_DNA Analyzer_Py	2026-10-08T16:41:22+0500
selmymar	70783	ASSIGNED	A7_DNA_Analyzer_Go	2026-10-08T16:41:22+0500
selmymar	70784	ASSIGNED	A7_DNA Analyzer_Jv	2026-10-08T16:41:22+0500
selmymar	70785	ASSIGNED	A7_DNA Analyzer_JS	2026-10-08T16:41:22+0500
selmymar	70786	ASSIGNED	A7_DNA_Analyzer_C#	2026-10-08T16:41:22+0500
selmymar	70787	ASSIGNED	A7_DNA_Analyzer_Kt	2026-10-08T16:41:22+0500
selmymar	70788	ASSIGNED	A7_DNA_Analyzer_Sw	2026-10-08T16:41:22+0500
selmymar	70795	ASSIGNED	A8_Algorithmic_trading_CPP	2026-10-08T16:41:22+0500
selmymar	70796	ASSIGNED	A8_Algorithmic trading_Py	2026-10-08T16:41:22+0500
selmymar	70797	ASSIGNED	A8_Algorithmic_trading_Go	2026-10-08T16:41:22+0500
selmymar	70798	ASSIGNED	A8_Algorithmic trading_Jv	2026-10-08T16:41:22+0500
selmymar	70799	ASSIGNED	A8_Algorithmic trading_JS	2026-10-08T16:41:22+0500
selmymar	70800	ASSIGNED	A8_Algorithmic_trading_C#	2026-10-08T16:41:22+0500
selmymar	70801	ASSIGNED	A8_Algorithmic_trading_Kt	2026-10-08T16:41:22+0500
selmymar	70802	ASSIGNED	A8_Algorithmic_trading_Sw	2026-10-08T16:41:22+0500
selmymar	70843	ASSIGNED	AP5_BrickGame_v4.0_Python	2026-10-08T16:41:22+0500
selmymar	70844	ASSIGNED	AP5_BrickGame_v4.0_C#	2026-10-08T16:41:22+0500
selmymar	70845	ASSIGNED	AP5_BrickGame_v4.0_Jv	2026-10-08T16:41:22+0500
selmymar	70846	ASSIGNED	AP5_BrickGame_v4.0_JS	2026-10-08T16:41:22+0500
selmymar	70847	ASSIGNED	AP5_BrickGame_v4.0_Go	2026-10-08T16:41:22+0500
selmymar	70848	ASSIGNED	AP5_BrickGame_v4.0_Kt	2026-10-08T16:41:22+0500
selmymar	70849	ASSIGNED	AP5_BrickGame_v4.0_Sw	2026-10-08T16:41:22+0500
selmymar	70922	IN_PROGRESS	PG1_Pangolin	2026-10-08T16:41:22+0500
selmymar	71028	ASSIGNED	CbS1_Networking_basics_Part 1	2026-10-08T16:41:22+0500
selmymar	71029	ASSIGNED	CbS2_Networking_basics_Part 2	2026-10-08T16:41:22+0500
selmymar	71030	ASSIGNED	CbS3_Networking_basics_Part 3	2026-10-08T16:41:22+0500
selmymar	71031	ASSIGNED	CbS4_Networking_basics_Part 4	2026-10-08T16:41:22+0500
selmymar	71032	ASSIGNED	CbS5_Linux_basics	2026-10-08T16:41:22+0500
selmymar	71033	ASSIGNED	CbS6_Windows_basics	2026-10-08T16:41:22+0500
selmymar	71034	ASSIGNED	CbS8_Crypto_symmetric	2026-10-08T16:41:22+0500
selmymar	71035	ASSIGNED	CbS7_Crypto_intro	2026-10-08T16:41:22+0500
selmymar	71036	ASSIGNED	CbS9_Crypto_asymmetric	2026-10-08T16:41:22+0500
selmymar	71037	ASSIGNED	CbS10_Data_channel_protection	2026-10-08T16:41:22+0500
selmymar	71039	ASSIGNED	CbS12_Network_attacks	2026-10-08T16:41:22+0500
selmymar	71040	ASSIGNED	CbS13_Threat_detection_principles	2026-10-08T16:41:22+0500
selmymar	71041	ASSIGNED	CbS14_Designing_secure_networks	2026-10-08T16:41:22+0500
selmymar	71042	ASSIGNED	CbS15_IS_legislation	2026-10-08T16:41:22+0500
selmymar	71043	ASSIGNED	CbS16_Project_lifecycle	2026-10-08T16:41:22+0500
selmymar	71044	ASSIGNED	CbS17_Physical_security	2026-10-08T16:41:22+0500
selmymar	71045	ASSIGNED	CbS18_Social_engineering	2026-10-08T16:41:22+0500
selmymar	71963	ASSIGNED	QA1_Foundation	2026-10-08T16:41:22+0500
selmymar	71971	ASSIGNED	QA2_Test artifacts	2026-10-08T16:41:22+0500
selmymar	72004	ASSIGNED	AP4_Info21 v2.0 Web_Python 	2026-10-08T16:41:22+0500
selmymar	72005	ASSIGNED	AP4_Info21 v2.0 Web_Jv	2026-10-08T16:41:22+0500
selmymar	72006	ASSIGNED	AP4_Info21 v2.0 Web_JS	2026-10-08T16:41:22+0500
selmymar	72007	ASSIGNED	AP4_Info21 v2.0 Web_Go	2026-10-08T16:41:22+0500
selmymar	72008	ASSIGNED	AP4_Info21 v2.0 Web_C#	2026-10-08T16:41:22+0500
selmymar	72009	ASSIGNED	AP4_Info21 v2.0 Web_Kt	2026-10-08T16:41:22+0500
selmymar	72010	ASSIGNED	AP4_Info21 v2.0 Web_Sw	2026-10-08T16:41:22+0500
selmymar	72011	ASSIGNED	AP6_RetailAnalitycs v2.0 Web_Jv	2026-10-08T16:41:22+0500
selmymar	72012	ASSIGNED	AP6_RetailAnalitycs v2.0 Web_Python	2026-10-08T16:41:22+0500
selmymar	72013	ASSIGNED	AP6_RetailAnalitycs v2.0 Web_JS	2026-10-08T16:41:22+0500
selmymar	72015	ASSIGNED	AP6_RetailAnalitycs v2.0 Web_Go	2026-10-08T16:41:22+0500
selmymar	72016	ASSIGNED	AP6_RetailAnalitycs v2.0 Web_C#	2026-10-08T16:41:22+0500
selmymar	72026	ASSIGNED	AP6_RetailAnalitycs v2.0 Web_Kt	2026-10-08T16:41:22+0500
selmymar	72027	ASSIGNED	AP6_RetailAnalitycs v2.0 Web_Sw	2026-10-08T16:41:22+0500
selmymar	72160	ASSIGNED	AP3_SpecialtyCoffee_Python	2026-10-08T16:41:22+0500
selmymar	72161	ASSIGNED	AP3_SpecialtyCoffee_Jv	2026-10-08T16:41:22+0500
selmymar	72164	ASSIGNED	AP3_SpecialtyCoffee_JS	2026-10-08T16:41:22+0500
selmymar	72165	ASSIGNED	AP3_SpecialtyCoffee_Go	2026-10-08T16:41:22+0500
selmymar	72166	ASSIGNED	AP3_SpecialtyCoffee_C#	2026-10-08T16:41:22+0500
selmymar	72167	ASSIGNED	AP3_SpecialtyCoffee_Kt	2026-10-08T16:41:22+0500
selmymar	72168	ASSIGNED	AP3_SpecialtyCoffee_Sw	2026-10-08T16:41:22+0500
selmymar	72454	ASSIGNED	BSA_Ex	2026-10-08T16:41:22+0500
selmymar	72687	ASSIGNED	AQA1_Basics	2026-10-08T16:41:22+0500
selmymar	72791	ASSIGNED	CbS11_Enterprise_IT_landscape	2026-10-08T16:41:22+0500
selmymar	72880	ASSIGNED	QA3_Test design and test analysis	2026-10-08T16:41:22+0500
selmymar	72911	ASSIGNED	CT_Part3	2026-10-08T16:41:22+0500
selmymar	72919	ASSIGNED	AQA2_API testing	2026-10-08T16:41:22+0500
selmymar	72920	ASSIGNED	AQA3_UI Web testing	2026-10-08T16:41:22+0500
selmymar	72935	ASSIGNED	QA4_Types and levels of testing	2026-10-08T16:41:22+0500
selmymar	72939	ASSIGNED	QA5_Defects	2026-10-08T16:41:22+0500
selmymar	72944	ASSIGNED	QA6_Web testing	2026-10-08T16:41:22+0500
selmymar	72946	ASSIGNED	QA7_Backend testing	2026-10-08T16:41:22+0500
selmymar	72957	ASSIGNED	QA8_Mobile testing	2026-10-08T16:41:22+0500
selmymar	72958	ASSIGNED	QA9_Basics of Web Security	2026-10-08T16:41:22+0500
selmymar	72998	ASSIGNED	AQA4_Mobile testing	2026-10-08T16:41:22+0500
selmymar	73030	ACCEPTED	CT1_Self-determination	2026-10-08T16:41:22+0500
selmymar	73031	ACCEPTED	CT2_Dream job	2026-10-08T16:41:22+0500
selmymar	73032	ASSIGNED	CT3_CV Resume	2026-10-08T16:41:22+0500
selmymar	73033	ASSIGNED	CT4_Interview	2026-10-08T16:41:22+0500
selmymar	73034	ASSIGNED	CT5_Teamwork	2026-10-08T16:41:22+0500
selmymar	73035	ASSIGNED	CT6_Corporate culture	2026-10-08T16:41:22+0500
selmymar	73036	ASSIGNED	CT7_Corporate Communication	2026-10-08T16:41:22+0500
selmymar	73037	ASSIGNED	CT8_Career planning	2026-10-08T16:41:22+0500
selmymar	73202	ACCEPTED	SberJv1_Team Git workflow	2026-10-08T16:41:22+0500
selmymar	73204	ACCEPTED	SberJv2_Setup	2026-10-08T16:41:22+0500
selmymar	73205	ASSIGNED	QA_Ex	2026-10-08T16:41:22+0500
selmymar	73206	ACCEPTED	SberJv3_Clean code	2026-10-08T16:41:22+0500
selmymar	73207	IN_PROGRESS	SberJv5_Observability	2026-10-08T16:41:22+0500
selmymar	73209	ASSIGNED	SberJv6_DB Performance	2026-10-08T16:41:22+0500
selmymar	73210	ASSIGNED	BInf1_PlasmidQC	2026-10-08T16:41:22+0500
selmymar	73212	ASSIGNED	BInf2_HBBScan	2026-10-08T16:41:22+0500
selmymar	73216	ASSIGNED	BInf3_GenomeMatch	2026-10-08T16:41:22+0500
selmymar	73226	ASSIGNED	BInf4_FLM splice	2026-10-08T16:41:22+0500
selmymar	73227	ASSIGNED	BInf5_Soma align	2026-10-08T16:41:22+0500
selmymar	73228	ASSIGNED	BInf6_BlaNDM1 resist	2026-10-08T16:41:22+0500
selmymar	73229	ASSIGNED	BInf7_RbcL evolution	2026-10-08T16:41:22+0500
selmymar	73230	ASSIGNED	BInf8_SNP SUC2 Osm	2026-10-08T16:41:22+0500
selmymar	73232	ASSIGNED	BInf10_Plasmid Resist	2026-10-08T16:41:22+0500
selmymar	73235	ASSIGNED	BInf13_EcoliPhylo	2026-10-08T16:41:22+0500
selmymar	73243	ASSIGNED	UX/UI2_UX Design 	2026-10-08T16:41:22+0500
selmymar	73244	ASSIGNED	UX/UI3_UI Design 	2026-10-08T16:41:22+0500
selmymar	73245	ASSIGNED	UX/UI4_Design&UI kit	2026-10-08T16:41:22+0500
selmymar	73246	ASSIGNED	UX/UI5_Prototyp&test	2026-10-08T16:41:22+0500
selmymar	73247	ASSIGNED	UX/UI6_Website builder	2026-10-08T16:41:22+0500
selmymar	73254	ASSIGNED	UX/UI10_Mobile application	2026-10-08T16:41:22+0500
selmymar	73260	ASSIGNED	AI1_Agent 	2026-10-08T16:41:22+0500
selmymar	73277	ASSIGNED	PjM5_ReqGather	2026-10-08T16:41:22+0500
selmymar	73278	ASSIGNED	PjM4_PjMTools	2026-10-08T16:41:22+0500
selmymar	73279	ACCEPTED	SberJv4_Reliability	2026-10-08T16:41:22+0500
selmymar	73282	ASSIGNED	PjM8_RisksMng	2026-10-08T16:41:22+0500
selmymar	73283	ASSIGNED	PjM9_PlanStr	2026-10-08T16:41:22+0500
selmymar	73284	ASSIGNED	PjM10_EffPlan	2026-10-08T16:41:22+0500
selmymar	73285	ASSIGNED	PjM11_Backlog	2026-10-08T16:41:22+0500
selmymar	73286	ASSIGNED	PjM12_Budget	2026-10-08T16:41:22+0500
selmymar	73287	ASSIGNED	PjM13_BusCorr	2026-10-08T16:41:22+0500
selmymar	73290	ASSIGNED	PjM16_TeamCom	2026-10-08T16:41:22+0500
selmymar	73292	ASSIGNED	PjM18_Analytic	2026-10-08T16:41:22+0500
selmymar	73293	ASSIGNED	PjM19_ProtDsgn	2026-10-08T16:41:22+0500
selmymar	73294	ASSIGNED	PjM20_FrontBack	2026-10-08T16:41:22+0500
selmymar	73295	ASSIGNED	PjM21_ITInfStruct	2026-10-08T16:41:22+0500
selmymar	73297	ASSIGNED	UX/UI1_Intro	2026-10-08T16:41:22+0500
selmymar	73298	ASSIGNED	PjM_Ex	2026-10-08T16:41:22+0500
selmymar	73300	ASSIGNED	DSB1_UNIX_Command_Line_Tools_DELETE	2026-10-08T16:41:22+0500
selmymar	73301	ASSIGNED	DSB2_Syntax&Semantics	2026-10-08T16:41:22+0500
selmymar	73302	ASSIGNED	DSB3_OOP skills	2026-10-08T16:41:22+0500
selmymar	73303	ASSIGNED	DSB4_Package management	2026-10-08T16:41:22+0500
selmymar	73304	ASSIGNED	DSB5_Efficient code practices	2026-10-08T16:41:22+0500
selmymar	73305	ASSIGNED	DSB6_MovieLens Analytics	2026-10-08T16:41:22+0500
selmymar	73306	ASSIGNED	DSB7_Pandas	2026-10-08T16:41:22+0500
selmymar	73307	ASSIGNED	DSB8_SQL&Pandas	2026-10-08T16:41:22+0500
selmymar	73308	ASSIGNED	DSB9_Pandas_SQL& Data Visual	2026-10-08T16:41:22+0500
selmymar	73309	ASSIGNED	DSB10_Intro to ML	2026-10-08T16:41:22+0500
selmymar	73310	ASSIGNED	DSB11_ML: Advanced	2026-10-08T16:41:22+0500
selmymar	73311	ASSIGNED	DSB12_Food&nutrition	2026-10-08T16:41:22+0500
selmymar	73366	ASSIGNED	UX/UI7_Transferring layouts	2026-10-08T16:41:22+0500
selmymar	73367	ASSIGNED	UX/UI8_Team processes	2026-10-08T16:41:22+0500
selmymar	73368	ASSIGNED	UX/UI9_Formation of requirements	2026-10-08T16:41:22+0500
selmymar	73375	ASSIGNED	UX/UI11_Interface creation	2026-10-08T16:41:22+0500
selmymar	73376	ASSIGNED	UX/UI12_Portfolio	2026-10-08T16:41:22+0500
selmymar	73381	ASSIGNED	PjM6_ProAnalysis	2026-10-08T16:41:22+0500
selmymar	73382	ASSIGNED	PjM7_UserStory	2026-10-08T16:41:22+0500
selmymar	73396	ASSIGNED	BInf9_HY5 StemMut	2026-10-08T16:41:22+0500
selmymar	73398	ASSIGNED	BInf11_SNP screen	2026-10-08T16:41:22+0500
selmymar	73399	ASSIGNED	BInf12_Diagnostic pipeline	2026-10-08T16:41:22+0500
selmymar	73400	ASSIGNED	BInf14_BRCA1 evolution	2026-10-08T16:41:22+0500
selmymar	73401	ASSIGNED	BInf15_ESBL Resistome	2026-10-08T16:41:22+0500
selmymar	73402	ASSIGNED	BInf16_CFTR genotyping	2026-10-08T16:41:22+0500
selmymar	73430	ASSIGNED	PjM22_CompPro	2026-10-08T16:41:22+0500
selmymar	73446	ASSIGNED	UX/UI_Ex	2026-10-08T16:41:22+0500
selmymar	73461	ASSIGNED	PjM14_EffNeg	2026-10-08T16:41:22+0500
selmymar	73462	ASSIGNED	PjM15_PubApp	2026-10-08T16:41:22+0500
selmymar	73463	ASSIGNED	PM1_PMStarterPack	2026-10-08T16:41:22+0500
selmymar	73465	ASSIGNED	PM2_MetricsDriven	2026-10-08T16:41:22+0500
selmymar	73466	ASSIGNED	PM3_UnitEconomics	2026-10-08T16:41:22+0500
selmymar	73467	ASSIGNED	PM4_ResearchCycle	2026-10-08T16:41:22+0500
selmymar	73468	ASSIGNED	PM5_DesignDriven	2026-10-08T16:41:22+0500
selmymar	73473	ASSIGNED	PM6_UserRetention	2026-10-08T16:41:22+0500
selmymar	73474	ASSIGNED	PM7_DiscoveryCycles	2026-10-08T16:41:22+0500
selmymar	73475	ASSIGNED	PM8_DevToProd	2026-10-08T16:41:22+0500
selmymar	73476	ASSIGNED	PM9_TrafficToSale	2026-10-08T16:41:22+0500
selmymar	73477	ASSIGNED	PM10_SoloShip	2026-10-08T16:41:22+0500
selmymar	73478	ASSIGNED	PjM17_TeamMng	2026-10-08T16:41:22+0500
selmymar	73494	ASSIGNED	Core_Strategy	2026-10-08T16:41:22+0500
selmymar	73542	ASSIGNED	PM_Ex	2026-10-08T16:41:22+0500
selmymar	73604	ASSIGNED	AIE1_Request Router	2026-10-08T16:41:22+0500
selmymar	73605	ASSIGNED	AIE2_JSON Logs Parser	2026-10-08T16:41:22+0500
selmymar	73606	ASSIGNED	AIE3_Mock API Client	2026-10-08T16:41:22+0500
selmymar	73607	ASSIGNED	AIE4_Docs Preprocessing	2026-10-08T16:41:22+0500
selmymar	73608	ASSIGNED	AIE5_Rule FAQ Bot	2026-10-08T16:41:22+0500
selmymar	73609	ASSIGNED	AIE6_Legacy Code Refactor	2026-10-08T16:41:22+0500
selmymar	73610	ASSIGNED	AIE7_Embedding Cache Service	2026-10-08T16:41:22+0500
selmymar	73611	ASSIGNED	AIE8_Vector Metadata Store	2026-10-08T16:41:22+0500
selmymar	73613	ASSIGNED	AIE10_LLM Gateway Cache	2026-10-08T16:41:22+0500
selmymar	73614	ASSIGNED	AIE11_Contract Alignment	2026-10-08T16:41:22+0500
selmymar	73615	ASSIGNED	AIE12_First Call Logging	2026-10-08T16:41:22+0500
selmymar	73616	ASSIGNED	AIE13_Prompt Strategies Compare	2026-10-08T16:41:22+0500
selmymar	73617	ASSIGNED	AIE14_BOT_Hallucination Control Bot	2026-10-08T16:41:22+0500
selmymar	73618	ASSIGNED	AIE15_Chunking Strategies	2026-10-08T16:41:22+0500
selmymar	73619	ASSIGNED	AIE16_Chroma Hybrid Search	2026-10-08T16:41:22+0500
selmymar	73621	ASSIGNED	AIE18_Incremental Index Update	2026-10-08T16:41:22+0500
selmymar	73622	ASSIGNED	AIE19_Product Analytics Suite	2026-10-08T16:41:22+0500
selmymar	73623	ASSIGNED	AIE20_Requirements Analysis	2026-10-08T16:41:22+0500
selmymar	73624	ASSIGNED	AIE21_Prompt Defence Red	2026-10-08T16:41:22+0500
selmymar	73625	ASSIGNED	AIE22_Enterprise Integration Map	2026-10-08T16:41:22+0500
selmymar	73626	ASSIGNED	AIE23_Tool Agent RAG	2026-10-08T16:41:22+0500
selmymar	73628	ASSIGNED	AIE25_Agents Subagents	2026-10-08T16:41:22+0500
selmymar	73629	ASSIGNED	AIE26_Production AI Assistant	2026-10-08T16:41:22+0500
selmymar	73632	ASSIGNED	AIE9_Async Text Classifier	2026-10-08T16:41:22+0500
selmymar	73633	ASSIGNED	AIE17_Full RAG Citations	2026-10-08T16:41:22+0500
selmymar	73634	ASSIGNED	AIE24_Server n8n Workflow	2026-10-08T16:41:22+0500
selmymar	73636	ASSIGNED	TP1_SegmentScan	2026-10-08T16:41:22+0500
selmymar	73637	ASSIGNED	TP2_InsightScope	2026-10-08T16:41:22+0500
selmymar	73638	ASSIGNED	TP3_ProductConcept	2026-10-08T16:41:22+0500
selmymar	73639	ASSIGNED	TP4_ModelFit	2026-10-08T16:41:22+0500
selmymar	73640	ASSIGNED	TP5_Unitecon	2026-10-08T16:41:22+0500
selmymar	73641	ASSIGNED	TP6_MVPScope	2026-10-08T16:41:22+0500
selmymar	73642	ASSIGNED	TP7_MVPBuild	2026-10-08T16:41:22+0500
selmymar	73643	ASSIGNED	TP8_MVPDeploy	2026-10-08T16:41:22+0500
selmymar	73644	ASSIGNED	TP9_GoToMarket	2026-10-08T16:41:22+0500
selmymar	73645	ASSIGNED	TP10_SupportFlow	2026-10-08T16:41:22+0500
selmymar	73646	ASSIGNED	TP11_DataLegal	2026-10-08T16:41:22+0500
selmymar	73647	ASSIGNED	TP12_Strategy	2026-10-08T16:41:22+0500
selmymar	73648	ASSIGNED	TP13_PitchReady	2026-10-08T16:41:22+0500
stefanye	21389	ASSIGNED	APP1 Bootcamp. Day00	2026-10-08T16:41:25+0500
stefanye	21390	ASSIGNED	APP1 Bootcamp. Day01	2026-10-08T16:41:25+0500
stefanye	21412	ASSIGNED	APP1 Bootcamp. Day03	2026-10-08T16:41:25+0500
stefanye	21413	ASSIGNED	APP1 Bootcamp. Day02	2026-10-08T16:41:25+0500
stefanye	21414	ASSIGNED	APP1 Bootcamp. Day04	2026-10-08T16:41:25+0500
stefanye	21415	ASSIGNED	APP1 Bootcamp. Team00	2026-10-08T16:41:25+0500
stefanye	21416	ASSIGNED	APP1 Bootcamp. Day05	2026-10-08T16:41:25+0500
stefanye	21417	ASSIGNED	APP1 Bootcamp. Day06	2026-10-08T16:41:25+0500
stefanye	21418	ASSIGNED	APP1 Bootcamp. Day07	2026-10-08T16:41:25+0500
stefanye	21419	ASSIGNED	APP1 Bootcamp. Day08	2026-10-08T16:41:25+0500
stefanye	21420	ASSIGNED	APP1 Bootcamp. Team01	2026-10-08T16:41:25+0500
stefanye	26477	ACCEPTED	C3_s21_stringplus	2026-10-08T16:41:25+0500
stefanye	26478	ACCEPTED	C2_SimpleBashUtils	2026-10-08T16:41:25+0500
stefanye	26480	ASSIGNED	C4_s21_math	2026-10-08T16:41:25+0500
stefanye	26481	ACCEPTED	C5_s21_decimal	2026-10-08T16:41:25+0500
stefanye	26482	ACCEPTED	C6_s21_matrix	2026-10-08T16:41:25+0500
stefanye	26483	ASSIGNED	SmartCalc_v1.0	2026-10-08T16:41:25+0500
stefanye	26484	ASSIGNED	C8_3DViewer_v1.0	2026-10-08T16:41:25+0500
stefanye	26485	ASSIGNED	CPP1_s21_matrix+	2026-10-08T16:41:25+0500
stefanye	26486	ASSIGNED	CPP2_s21_containers	2026-10-08T16:41:25+0500
stefanye	26487	ASSIGNED	CPP3_SmartCalc_v2.0	2026-10-08T16:41:25+0500
stefanye	26488	ASSIGNED	CPP4_3DViewer_v2.0	2026-10-08T16:41:25+0500
stefanye	26489	ASSIGNED	CPP5_3DViewer_v2.1	2026-10-08T16:41:25+0500
stefanye	26490	ASSIGNED	CPP6_3DViewer_v2.2	2026-10-08T16:41:25+0500
stefanye	26491	ASSIGNED	CPP7_MLP	2026-10-08T16:41:25+0500
stefanye	26492	ASSIGNED	CPP8_PhotoLab_v1.0	2026-10-08T16:41:25+0500
stefanye	26493	ASSIGNED	CPP9_Monitoring System	2026-10-08T16:41:25+0500
stefanye	26557	ACCEPTED	DO1_Linux	2026-10-08T16:41:25+0500
stefanye	26558	ACCEPTED	DO2_Linux Network	2026-10-08T16:41:25+0500
stefanye	26559	ASSIGNED	RetailAnalytics_v2.0_Web_Go	2026-10-08T16:41:25+0500
stefanye	26560	ASSIGNED	SmartCalc_v4.0_Web_Go	2026-10-08T16:41:25+0500
stefanye	26561	ASSIGNED	DO3_LinuxMonitoring v1.0	2026-10-08T16:41:25+0500
stefanye	26562	ASSIGNED	Info21_v2.0_Web_Go	2026-10-08T16:41:25+0500
stefanye	26563	ASSIGNED	DO4_LinuxMonitoring v2.0	2026-10-08T16:41:25+0500
stefanye	26564	ASSIGNED	SimpleWebStudio_v1.0_Go	2026-10-08T16:41:25+0500
stefanye	26565	ACCEPTED	DO5_SimpleDocker	2026-10-08T16:41:25+0500
stefanye	26566	ACCEPTED	DO6_CICD	2026-10-08T16:41:25+0500
stefanye	26567	ASSIGNED	SmartCalc_v3.0 Desktop (Go)	2026-10-08T16:41:25+0500
stefanye	26568	ASSIGNED	Maze	2026-10-08T16:41:25+0500
stefanye	26569	ASSIGNED	SimpleNavigator v1.0	2026-10-08T16:41:25+0500
stefanye	26570	ASSIGNED	RetailAnalytics_v2.0_Web_Python	2026-10-08T16:41:25+0500
stefanye	26571	ASSIGNED	Parallels	2026-10-08T16:41:25+0500
stefanye	26572	ASSIGNED	Crypto	2026-10-08T16:41:25+0500
stefanye	26573	ASSIGNED	SmartCalc_v4.0_Web_Python	2026-10-08T16:41:25+0500
stefanye	26574	ASSIGNED	s21_memory	2026-10-08T16:41:25+0500
stefanye	26575	ASSIGNED	Info21_v2.0_Web_Python	2026-10-08T16:41:25+0500
stefanye	26577	ASSIGNED	DNA Analyzer	2026-10-08T16:41:25+0500
stefanye	26578	ASSIGNED	Algorithmic trading	2026-10-08T16:41:25+0500
stefanye	26579	ASSIGNED	SimpleWebStudio_v1.0_Python	2026-10-08T16:41:25+0500
stefanye	26581	ASSIGNED	SmartCalc_v3.0 Desktop (Python)	2026-10-08T16:41:25+0500
stefanye	26583	ASSIGNED	SQL2_Info21_v1.0	2026-10-08T16:41:25+0500
stefanye	26584	ASSIGNED	RetailAnalytics_v2.0_Web_Java	2026-10-08T16:41:25+0500
stefanye	26585	ASSIGNED	SQL3_RetailAnalitycs v1.0	2026-10-08T16:41:25+0500
stefanye	26586	ASSIGNED	SmartCalc_v4.0_Web_Java	2026-10-08T16:41:25+0500
stefanye	26589	ASSIGNED	Info21_v2.0_Web_Java	2026-10-08T16:41:25+0500
stefanye	26590	ASSIGNED	SmartCalc v3.0 Desktop (C#)	2026-10-08T16:41:25+0500
stefanye	26592	ASSIGNED	SimpleWebStudio v1.0 C#	2026-10-08T16:41:25+0500
stefanye	26593	ASSIGNED	Info21_v2.0_Web_C#	2026-10-08T16:41:25+0500
stefanye	26594	ASSIGNED	SmartCalc v4.0 Web C#	2026-10-08T16:41:25+0500
stefanye	26595	ASSIGNED	SmartCalc_v3.0 Desktop (Java)	2026-10-08T16:41:25+0500
stefanye	26596	ASSIGNED	RetailAnalytics_v2.0_Web_C#	2026-10-08T16:41:25+0500
stefanye	27289	ASSIGNED	DS Healthcare. Project 01 	2026-10-08T16:41:25+0500
stefanye	27290	ASSIGNED	DS Healthcare. Project 02	2026-10-08T16:41:25+0500
stefanye	27292	ASSIGNED	DS Healthcare. Project 03	2026-10-08T16:41:25+0500
stefanye	27295	ASSIGNED	DS Healthcare. Project 04	2026-10-08T16:41:25+0500
stefanye	27298	ASSIGNED	DS Healthcare. Project 05	2026-10-08T16:41:25+0500
stefanye	27299	ASSIGNED	DS Healthcare. Project 06	2026-10-08T16:41:25+0500
stefanye	27364	ASSIGNED	Transactions	2026-10-08T16:41:25+0500
stefanye	27373	ASSIGNED	SimpleWebStudio_v1.0_Java	2026-10-08T16:41:25+0500
stefanye	27711	ASSIGNED	APC1 Bootcamp. Day00	2026-10-08T16:41:25+0500
stefanye	27714	ASSIGNED	APC1 Bootcamp. Day01	2026-10-08T16:41:25+0500
stefanye	27715	ASSIGNED	APC1 Bootcamp. Day02	2026-10-08T16:41:25+0500
stefanye	27716	ASSIGNED	APC1 Bootcamp. Day03	2026-10-08T16:41:25+0500
stefanye	27717	ASSIGNED	APC1 Bootcamp. Day04	2026-10-08T16:41:25+0500
stefanye	27718	ASSIGNED	APC1 Bootcamp. Day05	2026-10-08T16:41:25+0500
stefanye	27719	ASSIGNED	APC1 Bootcamp. Day06	2026-10-08T16:41:25+0500
stefanye	27720	ASSIGNED	APC1 Bootcamp. Day07	2026-10-08T16:41:25+0500
stefanye	27721	ASSIGNED	APC1 Bootcamp. Day08	2026-10-08T16:41:25+0500
stefanye	27723	ASSIGNED	APC1 Bootcamp. Team01	2026-10-08T16:41:25+0500
stefanye	28037	ASSIGNED	APG1 Bootcamp. Day00	2026-10-08T16:41:25+0500
stefanye	28038	ASSIGNED	APG1 Bootcamp.  Day01	2026-10-08T16:41:25+0500
stefanye	28039	ASSIGNED	APG1 Bootcamp. Day02	2026-10-08T16:41:25+0500
stefanye	28040	ASSIGNED	APG1 Bootcamp. Day03	2026-10-08T16:41:25+0500
stefanye	28041	ASSIGNED	APG1 Bootcamp. Day04	2026-10-08T16:41:25+0500
stefanye	28042	ASSIGNED	APG1 Bootcamp.  Day05	2026-10-08T16:41:25+0500
stefanye	28043	ASSIGNED	APG1 Bootcamp.  Day06	2026-10-08T16:41:25+0500
stefanye	28044	ASSIGNED	APG1 Bootcamp. Day07	2026-10-08T16:41:25+0500
stefanye	28045	ASSIGNED	APG1 Bootcamp. Day08	2026-10-08T16:41:25+0500
stefanye	28046	ASSIGNED	APG1 Bootcamp. Day09	2026-10-08T16:41:25+0500
stefanye	28047	ASSIGNED	APG1 Bootcamp. Team00	2026-10-08T16:41:25+0500
stefanye	28048	ASSIGNED	APG1 Bootcamp. Team01	2026-10-08T16:41:25+0500
stefanye	28350	ASSIGNED	APC1 Bootcamp. Team00	2026-10-08T16:41:25+0500
stefanye	40313	ASSIGNED	ROSB1_Intro	2026-10-08T16:41:25+0500
stefanye	40648	ASSIGNED	ROSB2_Advanced node	2026-10-08T16:41:25+0500
stefanye	40649	ASSIGNED	ROSB3_TF library 	2026-10-08T16:41:25+0500
stefanye	40650	ASSIGNED	ROSB4_Robot simulation	2026-10-08T16:41:25+0500
stefanye	40651	ASSIGNED	ROSB5_Robot sensor 	2026-10-08T16:41:25+0500
stefanye	40652	ASSIGNED	ROSB7_Robot mapping	2026-10-08T16:41:25+0500
stefanye	40653	ASSIGNED	ROSB8_Robot navigation	2026-10-08T16:41:25+0500
stefanye	40655	ASSIGNED	ROSB9_MoveIt arm control	2026-10-08T16:41:25+0500
stefanye	40656	ASSIGNED	ROSB10_Computer vision 	2026-10-08T16:41:25+0500
stefanye	40657	ASSIGNED	ROSB11_Robot behaviors 	2026-10-08T16:41:25+0500
stefanye	40658	ASSIGNED	ROSB6_Robot programming	2026-10-08T16:41:25+0500
stefanye	40659	ASSIGNED	ROSB12_Robotics Pro	2026-10-08T16:41:25+0500
stefanye	40886	ASSIGNED	APP1 Bootcamp. Day09	2026-10-08T16:41:25+0500
stefanye	40910	ACCEPTED	SQLB2_Retrieving data	2026-10-08T16:41:25+0500
stefanye	40911	ACCEPTED	SQLB3_Retrieving data deep dive	2026-10-08T16:41:25+0500
stefanye	40912	ACCEPTED	SQLB4_DML	2026-10-08T16:41:25+0500
stefanye	40913	ACCEPTED	SQLB5_Snapshots	2026-10-08T16:41:25+0500
stefanye	40914	ACCEPTED	SQLB7_Database index 	2026-10-08T16:41:25+0500
stefanye	40915	ACCEPTED	SQLB8_Integrating features	2026-10-08T16:41:25+0500
stefanye	40916	ACCEPTED	SQLB9_OLAP	2026-10-08T16:41:25+0500
stefanye	40918	ACCEPTED	SQLB10_Isolation levels	2026-10-08T16:41:25+0500
stefanye	40919	FAILED	SQLB11_Functions and procs	2026-10-08T16:41:25+0500
stefanye	40922	FAILED	SQLB12_Warehouse fundamentals	2026-10-08T16:41:25+0500
stefanye	40964	ACCEPTED	SQLB1_Basics	2026-10-08T16:41:25+0500
stefanye	41377	ASSIGNED	DevOps Exam_DELETE	2026-10-08T16:41:25+0500
stefanye	47708	ACCEPTED	SQLB6_Salesman problem	2026-10-08T16:41:25+0500
stefanye	51184	ASSIGNED	FE1_Browser extensions	2026-10-08T16:41:25+0500
stefanye	51185	ASSIGNED	FE2_Angular framework	2026-10-08T16:41:25+0500
stefanye	51186	ASSIGNED	FE3_Vue framework	2026-10-08T16:41:25+0500
stefanye	51187	ASSIGNED	FE4_CSS and animations	2026-10-08T16:41:25+0500
stefanye	51188	ASSIGNED	FE5_Canvas tag 	2026-10-08T16:41:25+0500
stefanye	51190	ASSIGNED	FE6_WebSocket	2026-10-08T16:41:25+0500
stefanye	51191	ASSIGNED	FE7_Code quality	2026-10-08T16:41:25+0500
stefanye	51202	ASSIGNED	CT2_Dream_job	2026-10-08T16:41:25+0500
stefanye	51205	ASSIGNED	CT1_Self_determination	2026-10-08T16:41:25+0500
stefanye	51210	ASSIGNED	Проект в разработке	2026-10-08T16:41:25+0500
stefanye	51262	ASSIGNED	DB Bootcamp. Day00	2026-10-08T16:41:25+0500
stefanye	51263	ASSIGNED	DB Bootcamp. Day01	2026-10-08T16:41:25+0500
stefanye	51264	ASSIGNED	DB Bootcamp. Day02	2026-10-08T16:41:25+0500
stefanye	51363	ASSIGNED	FEB1_JS	2026-10-08T16:41:25+0500
stefanye	51394	ASSIGNED	FEB2_Native JS	2026-10-08T16:41:25+0500
stefanye	51399	ASSIGNED	FEB3_HTML and CSS	2026-10-08T16:41:25+0500
stefanye	51409	ASSIGNED	FEB4_Advanced Web	2026-10-08T16:41:25+0500
stefanye	51411	ASSIGNED	FEB5_Express framework	2026-10-08T16:41:25+0500
stefanye	51412	ASSIGNED	FEB6_HTML templating	2026-10-08T16:41:25+0500
stefanye	51413	ASSIGNED	DB Bootcamp. Day03	2026-10-08T16:41:25+0500
stefanye	51414	ASSIGNED	FEB7_SeaBattle game	2026-10-08T16:41:25+0500
stefanye	51415	ASSIGNED	FEB8_React	2026-10-08T16:41:25+0500
stefanye	51416	ASSIGNED	FEB9_Memoization	2026-10-08T16:41:25+0500
stefanye	51417	ASSIGNED	FEB10_Data storages	2026-10-08T16:41:25+0500
stefanye	51418	ASSIGNED	FEB11_Routing	2026-10-08T16:41:25+0500
stefanye	51419	ASSIGNED	FEB12_React Redux	2026-10-08T16:41:25+0500
stefanye	51420	ASSIGNED	FEB13_TypeScript	2026-10-08T16:41:25+0500
stefanye	51435	ASSIGNED	DB Bootcamp. Day04	2026-10-08T16:41:25+0500
stefanye	51462	ASSIGNED	FEB14_Web Building	2026-10-08T16:41:25+0500
stefanye	51472	ASSIGNED	EEB1_Basics	2026-10-08T16:41:25+0500
stefanye	51473	ASSIGNED	EEB2_AC circuit analysis	2026-10-08T16:41:25+0500
stefanye	51474	ASSIGNED	EEB3_Circuit calc	2026-10-08T16:41:25+0500
stefanye	51475	ASSIGNED	EEB4_Connection circuits	2026-10-08T16:41:25+0500
stefanye	51476	ASSIGNED	EEB5_Operational amplifiers	2026-10-08T16:41:25+0500
stefanye	51477	ASSIGNED	EEB6_Filters	2026-10-08T16:41:25+0500
stefanye	51478	ASSIGNED	EEB7_Speed control	2026-10-08T16:41:25+0500
stefanye	51479	ASSIGNED	EEB8_Arduino boards	2026-10-08T16:41:25+0500
stefanye	51480	ASSIGNED	EEB9_Module integration	2026-10-08T16:41:25+0500
stefanye	51481	ASSIGNED	EEB10_STM fundamentals	2026-10-08T16:41:25+0500
stefanye	51482	ASSIGNED	EEB11_STM code	2026-10-08T16:41:25+0500
stefanye	51483	ASSIGNED	EEB12_Transferring data	2026-10-08T16:41:25+0500
stefanye	51484	ASSIGNED	EEB13_Satellite odometer	2026-10-08T16:41:25+0500
stefanye	51485	ASSIGNED	DS1_Tweets	2026-10-08T16:41:25+0500
stefanye	51486	ASSIGNED	DS2_Churn prediction	2026-10-08T16:41:25+0500
stefanye	51487	ASSIGNED	DS3_My Spotify	2026-10-08T16:41:25+0500
stefanye	51488	ASSIGNED	DS4_Understanding customer	2026-10-08T16:41:25+0500
stefanye	51489	ASSIGNED	DS5_Uber	2026-10-08T16:41:25+0500
stefanye	51490	ASSIGNED	DS8_Fried Eggs	2026-10-08T16:41:25+0500
stefanye	51491	ASSIGNED	DS7_Amazon	2026-10-08T16:41:25+0500
stefanye	51492	ASSIGNED	DS6_City life	2026-10-08T16:41:25+0500
stefanye	51496	ASSIGNED	DSB1_UNIX Command Line Tools_	2026-10-08T16:41:25+0500
stefanye	51497	ASSIGNED	DSB2_Syntax&Semantics_	2026-10-08T16:41:25+0500
stefanye	51498	ASSIGNED	DSB3_OOP skills_	2026-10-08T16:41:25+0500
stefanye	51499	ASSIGNED	DSB4_Package management_	2026-10-08T16:41:25+0500
stefanye	51500	ASSIGNED	DSB5_Efficient code practices_	2026-10-08T16:41:25+0500
stefanye	51501	ASSIGNED	DSB6_MovieLens Analytics_	2026-10-08T16:41:25+0500
stefanye	51502	ASSIGNED	DSB7_Pandas_	2026-10-08T16:41:25+0500
stefanye	51503	ASSIGNED	DSB8_SQL&Pandas_	2026-10-08T16:41:25+0500
stefanye	51504	ASSIGNED	DSB9_Pandas_SQL& Data Visual_	2026-10-08T16:41:25+0500
stefanye	51505	ASSIGNED	DSB10_Intro to ML_	2026-10-08T16:41:25+0500
stefanye	51506	ASSIGNED	DSB11_ML: Advanced_	2026-10-08T16:41:25+0500
stefanye	51507	ASSIGNED	DSB12_Food&nutrition_	2026-10-08T16:41:25+0500
stefanye	51508	ASSIGNED	DB Bootcamp. Day05	2026-10-08T16:41:25+0500
stefanye	51509	ASSIGNED	DB Bootcamp. Day06	2026-10-08T16:41:25+0500
stefanye	51510	ASSIGNED	DB Bootcamp. Day07	2026-10-08T16:41:25+0500
stefanye	51511	ASSIGNED	DB Bootcamp. Day08	2026-10-08T16:41:25+0500
stefanye	51512	ASSIGNED	DB Bootcamp. Day09	2026-10-08T16:41:25+0500
stefanye	51513	ASSIGNED	DB Bootcamp. Team00	2026-10-08T16:41:25+0500
stefanye	51517	ASSIGNED	CT3_CV_Resume	2026-10-08T16:41:25+0500
stefanye	51518	ASSIGNED	CT4_Interview_	2026-10-08T16:41:25+0500
stefanye	51529	ASSIGNED	CT5_Teamwork_	2026-10-08T16:41:25+0500
stefanye	51652	ASSIGNED	DB Bootcamp. Team01	2026-10-08T16:41:25+0500
stefanye	51654	ASSIGNED	CT6_Corporate_culture 	2026-10-08T16:41:25+0500
stefanye	51659	ASSIGNED	CT7_Corporate_Communication	2026-10-08T16:41:25+0500
stefanye	51660	ASSIGNED	CT8_Career_planning	2026-10-08T16:41:25+0500
stefanye	52870	ASSIGNED	Kotlin Bootcamp. Day00	2026-10-08T16:41:25+0500
stefanye	52871	ASSIGNED	Kotlin Bootcamp. Day01	2026-10-08T16:41:25+0500
stefanye	52872	ASSIGNED	Kotlin Bootcamp. Day02	2026-10-08T16:41:25+0500
stefanye	52873	ASSIGNED	Kotlin Bootcamp. Day03	2026-10-08T16:41:25+0500
stefanye	52878	ASSIGNED	Kotlin Bootcamp. Day04	2026-10-08T16:41:25+0500
stefanye	52879	ASSIGNED	Kotlin Bootcamp. Team00	2026-10-08T16:41:25+0500
stefanye	52880	ASSIGNED	Kotlin Bootcamp. Day05	2026-10-08T16:41:25+0500
stefanye	52881	ASSIGNED	Kotlin Bootcamp. Day06	2026-10-08T16:41:25+0500
stefanye	52882	ASSIGNED	Kotlin Bootcamp. Day07	2026-10-08T16:41:25+0500
stefanye	52883	ASSIGNED	Kotlin Bootcamp. Day08	2026-10-08T16:41:25+0500
stefanye	52884	ASSIGNED	Kotlin Bootcamp. Day09	2026-10-08T16:41:25+0500
stefanye	52885	ASSIGNED	Kotlin Bootcamp. Team01	2026-10-08T16:41:25+0500
stefanye	53016	ASSIGNED	Java Bootcamp. Day00	2026-10-08T16:41:25+0500
stefanye	53017	ASSIGNED	Java Bootcamp. Day01	2026-10-08T16:41:25+0500
stefanye	53018	ASSIGNED	Java Bootcamp. Day02	2026-10-08T16:41:25+0500
stefanye	53019	ASSIGNED	Java Bootcamp. Day03	2026-10-08T16:41:25+0500
stefanye	53020	ASSIGNED	Java Bootcamp. Day04	2026-10-08T16:41:25+0500
stefanye	53021	ASSIGNED	Java Bootcamp. Team00	2026-10-08T16:41:25+0500
stefanye	53022	ASSIGNED	Java Bootcamp. Day05	2026-10-08T16:41:25+0500
stefanye	53025	ASSIGNED	Java Bootcamp. Day06	2026-10-08T16:41:25+0500
stefanye	53026	ASSIGNED	Java Bootcamp. Day07	2026-10-08T16:41:25+0500
stefanye	53035	ASSIGNED	Java Bootcamp. Day08	2026-10-08T16:41:25+0500
stefanye	53036	ASSIGNED	Java Bootcamp. Day09	2026-10-08T16:41:25+0500
stefanye	53037	ASSIGNED	Java Bootcamp. Team01	2026-10-08T16:41:25+0500
stefanye	57572	ASSIGNED	CPP Exam	2026-10-08T16:41:25+0500
stefanye	57573	ASSIGNED	CPPE-T	2026-10-08T16:41:25+0500
stefanye	59888	ASSIGNED	Core final testing	2026-10-08T16:41:25+0500
stefanye	59889	ASSIGNED	Core final exam	2026-10-08T16:41:25+0500
stefanye	60672	ASSIGNED	Swift Bootcamp. Day00	2026-10-08T16:41:25+0500
stefanye	60673	ASSIGNED	Swift Bootcamp. Day01	2026-10-08T16:41:25+0500
stefanye	60674	ASSIGNED	Swift Bootcamp. Day02	2026-10-08T16:41:25+0500
stefanye	60675	ASSIGNED	Swift Bootcamp. Day03	2026-10-08T16:41:25+0500
stefanye	60676	ASSIGNED	Swift Bootcamp. Day04	2026-10-08T16:41:25+0500
stefanye	60677	ASSIGNED	Swift Bootcamp. Team00	2026-10-08T16:41:25+0500
stefanye	60680	ASSIGNED	Swift Bootcamp. Day05	2026-10-08T16:41:25+0500
stefanye	60681	ASSIGNED	Swift Bootcamp. Day06	2026-10-08T16:41:25+0500
stefanye	60682	ASSIGNED	Swift Bootcamp. Day07	2026-10-08T16:41:25+0500
stefanye	60683	ASSIGNED	Swift Bootcamp. Day08	2026-10-08T16:41:25+0500
stefanye	60684	ASSIGNED	Swift Bootcamp. Day09	2026-10-08T16:41:25+0500
stefanye	60685	ASSIGNED	Swift Bootcamp. Team01	2026-10-08T16:41:25+0500
stefanye	61411	ASSIGNED	DO7_Docker Compose	2026-10-08T16:41:25+0500
stefanye	61424	ASSIGNED	DO8_AutomationTools	2026-10-08T16:41:25+0500
stefanye	61425	ASSIGNED	DO9_Monitoring	2026-10-08T16:41:25+0500
stefanye	61426	ASSIGNED	DO10_BasicK8s	2026-10-08T16:41:25+0500
stefanye	61427	ASSIGNED	DO11_AdvK8s	2026-10-08T16:41:25+0500
stefanye	61428	ASSIGNED	DO12_Helm	2026-10-08T16:41:25+0500
stefanye	62392	ASSIGNED	ML1_Introduction	2026-10-08T16:41:25+0500
stefanye	62393	ASSIGNED	ML2_Supervised learning	2026-10-08T16:41:25+0500
stefanye	62394	ASSIGNED	ML3_Validation	2026-10-08T16:41:25+0500
stefanye	62395	ASSIGNED	ML4_Classification problems	2026-10-08T16:41:25+0500
stefanye	62396	ASSIGNED	ML5_Decision trees	2026-10-08T16:41:25+0500
stefanye	62397	ASSIGNED	ML6_Unsupervised learning	2026-10-08T16:41:25+0500
stefanye	62398	ASSIGNED	ML7_Clustering algorithms	2026-10-08T16:41:25+0500
stefanye	62399	ASSIGNED	ML8_Neural networks	2026-10-08T16:41:25+0500
stefanye	62400	ASSIGNED	ML9_Convolutional networks 	2026-10-08T16:41:25+0500
stefanye	62401	ASSIGNED	ML10_RNNs	2026-10-08T16:41:25+0500
stefanye	62403	ASSIGNED	ML11_Attention mechanism	2026-10-08T16:41:25+0500
stefanye	62404	ASSIGNED	ML12_Generative ML	2026-10-08T16:41:25+0500
stefanye	62813	ASSIGNED	SA1_Software specs	2026-10-08T16:41:25+0500
stefanye	62825	ASSIGNED	SA2_Software quality	2026-10-08T16:41:25+0500
stefanye	62826	ASSIGNED	SA3_Requirements analysis	2026-10-08T16:41:25+0500
stefanye	62827	ASSIGNED	SA4_SDD	2026-10-08T16:41:25+0500
stefanye	62828	ASSIGNED	SA5_Complex architecture	2026-10-08T16:41:25+0500
stefanye	62829	ASSIGNED	SA6_TOGAF framework	2026-10-08T16:41:25+0500
stefanye	62954	ACCEPTED	BE1_HttpAuth	2026-10-08T16:41:25+0500
stefanye	62955	ACCEPTED	BE2_APIFromSpec	2026-10-08T16:41:25+0500
stefanye	62957	ASSIGNED	BE3_Nginx Pro	2026-10-08T16:41:25+0500
stefanye	62958	ASSIGNED	BE4_GRPCAuth	2026-10-08T16:41:25+0500
stefanye	62959	ASSIGNED	BE5_Message broker	2026-10-08T16:41:25+0500
stefanye	62960	ASSIGNED	BE6_Data sharding	2026-10-08T16:41:25+0500
stefanye	62961	ASSIGNED	GD1_Meeting Unity	2026-10-08T16:41:25+0500
stefanye	62962	ASSIGNED	GD2_Game Design	2026-10-08T16:41:25+0500
stefanye	62963	ASSIGNED	GD3_DOD	2026-10-08T16:41:25+0500
stefanye	62964	ASSIGNED	GD4_Multiplayer	2026-10-08T16:41:25+0500
stefanye	62966	ASSIGNED	GD5_Shaders	2026-10-08T16:41:25+0500
stefanye	62967	ASSIGNED	GD6_Hypercasual	2026-10-08T16:41:25+0500
stefanye	62968	ASSIGNED	GD7_Unreal Engine	2026-10-08T16:41:25+0500
stefanye	63932	ASSIGNED	DO14_Final	2026-10-08T16:41:25+0500
stefanye	63934	ASSIGNED	DO13_CICD Pipeline	2026-10-08T16:41:25+0500
stefanye	64043	ASSIGNED	Mobile Kotlin_BasicApp	2026-10-08T16:41:25+0500
stefanye	64044	ASSIGNED	Mobile Kotlin_AuthApp	2026-10-08T16:41:25+0500
stefanye	64049	ASSIGNED	Mobile Swift_BasicApp	2026-10-08T16:41:25+0500
stefanye	64050	ASSIGNED	Mobile Swift_AuthApp	2026-10-08T16:41:25+0500
stefanye	64402	ASSIGNED	FE8_Data vis	2026-10-08T16:41:25+0500
stefanye	66062	ASSIGNED	DevOps Exam	2026-10-08T16:41:25+0500
stefanye	67412	ASSIGNED	CPP_Ex-p	2026-10-08T16:41:25+0500
stefanye	67417	ASSIGNED	CPP_Ex-t	2026-10-08T16:41:25+0500
stefanye	68823	ASSIGNED	C_Ex-t	2026-10-08T16:41:25+0500
stefanye	68824	ASSIGNED	C_Ex-p	2026-10-08T16:41:25+0500
stefanye	68883	ASSIGNED	SQL_Ex-t	2026-10-08T16:41:25+0500
stefanye	68901	ASSIGNED	SQL_Ex-p	2026-10-08T16:41:25+0500
stefanye	68976	ASSIGNED	DO_Ex-t	2026-10-08T16:41:25+0500
stefanye	68977	ASSIGNED	A_Ex-t	2026-10-08T16:41:25+0500
stefanye	69039	REGISTERED	AP1-CS-T01	2026-10-08T16:41:25+0500
stefanye	69040	ASSIGNED	AP1-CS-T02	2026-10-08T16:41:25+0500
stefanye	69041	ASSIGNED	AP1-CS-P01	2026-10-08T16:41:25+0500
stefanye	69042	ASSIGNED	AP1-CS-T03	2026-10-08T16:41:25+0500
stefanye	69043	ASSIGNED	AP1-CS-T04B	2026-10-08T16:41:25+0500
stefanye	69044	ASSIGNED	AP1-CS-T05B	2026-10-08T16:41:25+0500
stefanye	69045	ACCEPTED	AP1-Go-T01	2026-10-08T16:41:25+0500
stefanye	69046	ACCEPTED	AP1-Go-T02	2026-10-08T16:41:25+0500
stefanye	69047	FAILED	AP1-Go-P01	2026-10-08T16:41:25+0500
stefanye	69048	ACCEPTED	AP1-Go-T03	2026-10-08T16:41:25+0500
stefanye	69049	ACCEPTED	AP1-Go-T04B	2026-10-08T16:41:25+0500
stefanye	69051	IN_PROGRESS	AP1-Go-T05B	2026-10-08T16:41:25+0500
stefanye	69052	FAILED	C7_BrickGame_v1.0	2026-10-08T16:41:25+0500
stefanye	69053	ASSIGNED	CPP3_BrickGame_v2.0	2026-10-08T16:41:25+0500
stefanye	69055	ASSIGNED	AP2_BrickGame_v3.0_Python	2026-10-08T16:41:25+0500
stefanye	69056	ASSIGNED	AP2_BrickGame_v3.0_Jv	2026-10-08T16:41:25+0500
stefanye	69057	ASSIGNED	AP2_BrickGame v3.0_JS	2026-10-08T16:41:25+0500
stefanye	69058	ASSIGNED	AP2_BrickGame_v3.0_Go	2026-10-08T16:41:25+0500
stefanye	69059	ASSIGNED	AP2_BrickGame_v3.0_C#	2026-10-08T16:41:25+0500
stefanye	69060	ASSIGNED	AP2_BrickGame_v3.0_Kt	2026-10-08T16:41:25+0500
stefanye	69061	ASSIGNED	AP2_BrickGame_v3.0_Sw	2026-10-08T16:41:25+0500
stefanye	69062	ACCEPTED	AP1-Jv-T01	2026-10-08T16:41:25+0500
stefanye	69063	ACCEPTED	AP1-Jv-T02	2026-10-08T16:41:25+0500
stefanye	69064	FAILED	AP1-Jv-P01	2026-10-08T16:41:25+0500
stefanye	69065	ACCEPTED	AP1-Jv-T03	2026-10-08T16:41:25+0500
stefanye	69066	ACCEPTED	AP1-Jv-T04B	2026-10-08T16:41:25+0500
stefanye	69067	ACCEPTED	AP1-Jv-T05B	2026-10-08T16:41:25+0500
stefanye	69068	ASSIGNED	AP1-Jv-T04M	2026-10-08T16:41:25+0500
stefanye	69069	ASSIGNED	AP1-Jv-T05M	2026-10-08T16:41:25+0500
stefanye	69070	ASSIGNED	AP1-JS-T01	2026-10-08T16:41:25+0500
stefanye	69071	ASSIGNED	AP1-JS-T02	2026-10-08T16:41:25+0500
stefanye	69072	ASSIGNED	AP1-JS-P01	2026-10-08T16:41:25+0500
stefanye	69073	ASSIGNED	AP1-JS-T03	2026-10-08T16:41:25+0500
stefanye	69074	ASSIGNED	AP1-JS-T04F	2026-10-08T16:41:25+0500
stefanye	69075	ASSIGNED	AP1-JS-T05F	2026-10-08T16:41:25+0500
stefanye	69076	ASSIGNED	AP1-JS-T04B	2026-10-08T16:41:25+0500
stefanye	69077	ASSIGNED	AP1-JS-T05B	2026-10-08T16:41:25+0500
stefanye	69078	ASSIGNED	AP1-Kt-T01	2026-10-08T16:41:25+0500
stefanye	69079	ASSIGNED	AP1-Kt-T02	2026-10-08T16:41:25+0500
stefanye	69080	ASSIGNED	AP1-Kt-P01	2026-10-08T16:41:25+0500
stefanye	69081	ASSIGNED	AP1-Kt-T03	2026-10-08T16:41:25+0500
stefanye	69082	ASSIGNED	AP1-Kt-T04M	2026-10-08T16:41:25+0500
stefanye	69083	ASSIGNED	AP1-Kt-T05M	2026-10-08T16:41:25+0500
stefanye	69084	ASSIGNED	AP1-Kt-T04B	2026-10-08T16:41:25+0500
stefanye	69085	ASSIGNED	AP1-Kt-T05B	2026-10-08T16:41:25+0500
stefanye	69086	ASSIGNED	AP1-Py-T01	2026-10-08T16:41:25+0500
stefanye	69087	ASSIGNED	AP1-Py-T02	2026-10-08T16:41:25+0500
stefanye	69088	ASSIGNED	AP1-Py-P01	2026-10-08T16:41:25+0500
stefanye	69089	ASSIGNED	AP1-Py-T04B	2026-10-08T16:41:25+0500
stefanye	69090	ASSIGNED	AP1-Py-T03	2026-10-08T16:41:25+0500
stefanye	69091	ASSIGNED	AP1-Py-T05B	2026-10-08T16:41:25+0500
stefanye	69094	FAILED	AP1-Sw-T01	2026-10-08T16:41:25+0500
stefanye	69096	FAILED	AP1-Sw-T02	2026-10-08T16:41:25+0500
stefanye	69097	ASSIGNED	AP1-Sw-P01	2026-10-08T16:41:25+0500
stefanye	69098	ASSIGNED	AP1-Sw-T03	2026-10-08T16:41:25+0500
stefanye	69099	ASSIGNED	AP1-Sw-T04M	2026-10-08T16:41:25+0500
stefanye	69100	ASSIGNED	AP1-Sw-T05M	2026-10-08T16:41:25+0500
stefanye	69101	ASSIGNED	AP1-Sw-T04B	2026-10-08T16:41:25+0500
stefanye	69102	ASSIGNED	AP1-Sw-T05B	2026-10-08T16:41:25+0500
stefanye	69103	ASSIGNED	A1_Maze_C	2026-10-08T16:41:25+0500
stefanye	69104	ASSIGNED	A2_SimpleNavigator_v1.0_C	2026-10-08T16:41:25+0500
stefanye	69105	ASSIGNED	A3_Parallels_C	2026-10-08T16:41:25+0500
stefanye	69106	ASSIGNED	A4_Crypto_C	2026-10-08T16:41:25+0500
stefanye	69107	ASSIGNED	A5_s21_memory_C	2026-10-08T16:41:25+0500
stefanye	69108	ASSIGNED	A6_Transactions_C	2026-10-08T16:41:25+0500
stefanye	69109	ASSIGNED	A7_DNA_Analyzer_C	2026-10-08T16:41:25+0500
stefanye	69110	ASSIGNED	A8_Algorithmic_trading_C	2026-10-08T16:41:25+0500
stefanye	69113	ASSIGNED	A1_Maze_CPP	2026-10-08T16:41:25+0500
stefanye	69114	ASSIGNED	A1_Maze_Py	2026-10-08T16:41:25+0500
stefanye	69115	REGISTERED	A1_Maze_Go	2026-10-08T16:41:25+0500
stefanye	69116	ASSIGNED	A1_Maze_Jv	2026-10-08T16:41:25+0500
stefanye	69117	ASSIGNED	A1_Maze_JS	2026-10-08T16:41:25+0500
stefanye	69118	ASSIGNED	A1_Maze_C#	2026-10-08T16:41:25+0500
stefanye	69119	ASSIGNED	A1_Maze_Kt	2026-10-08T16:41:25+0500
stefanye	69120	ASSIGNED	A1_Maze_Sw	2026-10-08T16:41:25+0500
stefanye	69121	ASSIGNED	A2_SimpleNavigator_v1.0_CPP	2026-10-08T16:41:25+0500
stefanye	69122	ASSIGNED	A2_SimpleNavigator_v1.0_Py	2026-10-08T16:41:25+0500
stefanye	69123	ASSIGNED	A2_SimpleNavigator_v1.0_Go	2026-10-08T16:41:25+0500
stefanye	69124	ASSIGNED	A2_SimpleNavigator_v1.0_Jv	2026-10-08T16:41:25+0500
stefanye	69125	ASSIGNED	A2_SimpleNavigator_v1.0_JS	2026-10-08T16:41:25+0500
stefanye	69126	ASSIGNED	A2_SimpleNavigator_v1.0_C#	2026-10-08T16:41:25+0500
stefanye	69127	ASSIGNED	A2_SimpleNavigator_v1.0_Kt	2026-10-08T16:41:25+0500
stefanye	69128	ASSIGNED	A2_SimpleNavigator_v1.0_Sw	2026-10-08T16:41:25+0500
stefanye	69140	ASSIGNED	IOS1_UIKit	2026-10-08T16:41:25+0500
stefanye	69188	ASSIGNED	APJ_Ex-t	2026-10-08T16:41:25+0500
stefanye	69205	ASSIGNED	AND1_Activity	2026-10-08T16:41:25+0500
stefanye	69277	ASSIGNED	APG_Ex-t	2026-10-08T16:41:25+0500
stefanye	69278	ASSIGNED	APCS_Ex-t	2026-10-08T16:41:25+0500
stefanye	69279	ASSIGNED	APP_Ex-t	2026-10-08T16:41:25+0500
stefanye	69280	ASSIGNED	APJS_Ex-t	2026-10-08T16:41:25+0500
stefanye	69281	ASSIGNED	APS_Ex-t	2026-10-08T16:41:25+0500
stefanye	69282	ASSIGNED	APK_Ex-t	2026-10-08T16:41:25+0500
stefanye	69337	REGISTERED	PjM1_ProjPM	2026-10-08T16:41:25+0500
stefanye	69372	ASSIGNED	PjM2_LifeCycle	2026-10-08T16:41:25+0500
stefanye	69373	ASSIGNED	PjM3_BasicM	2026-10-08T16:41:25+0500
stefanye	69463	ASSIGNED	AND2_Async operations	2026-10-08T16:41:25+0500
stefanye	69464	ASSIGNED	AND3_Custom View	2026-10-08T16:41:25+0500
stefanye	69465	ASSIGNED	AND4_Notification	2026-10-08T16:41:25+0500
stefanye	69466	ASSIGNED	AND5_OpenGL	2026-10-08T16:41:25+0500
stefanye	69467	ASSIGNED	AND6_Test	2026-10-08T16:41:25+0500
stefanye	69468	ASSIGNED	AND7_Gradle	2026-10-08T16:41:25+0500
stefanye	69469	ASSIGNED	AND8_Compose	2026-10-08T16:41:25+0500
stefanye	69478	ASSIGNED	IOS2_SwiftUI	2026-10-08T16:41:25+0500
stefanye	69534	ASSIGNED	IOS5_Maps	2026-10-08T16:41:25+0500
stefanye	69535	ASSIGNED	IOS6_Additional	2026-10-08T16:41:25+0500
stefanye	69538	ASSIGNED	IOS3_Network	2026-10-08T16:41:25+0500
stefanye	69539	ASSIGNED	IOS4_DataStorage	2026-10-08T16:41:25+0500
stefanye	69540	REGISTERED	BSA00_Decomposition	2026-10-08T16:41:25+0500
stefanye	69541	ASSIGNED	BSA1_Stakeholders	2026-10-08T16:41:25+0500
stefanye	69542	ASSIGNED	BSA2_Requirements	2026-10-08T16:41:25+0500
stefanye	69543	ASSIGNED	BSA3_HowToRequirements	2026-10-08T16:41:25+0500
stefanye	69544	ASSIGNED	BSA4_Domains	2026-10-08T16:41:25+0500
stefanye	69545	ASSIGNED	BSA5_Diagrams	2026-10-08T16:41:25+0500
stefanye	69546	ASSIGNED	BSA6_BPMN	2026-10-08T16:41:25+0500
stefanye	69547	ASSIGNED	BSA7_UserStory	2026-10-08T16:41:25+0500
stefanye	69548	ASSIGNED	BSA8_UseCase	2026-10-08T16:41:25+0500
stefanye	69549	ASSIGNED	BSA9_Objects and Roles	2026-10-08T16:41:25+0500
stefanye	69550	ASSIGNED	BSA10_FR Design	2026-10-08T16:41:25+0500
stefanye	69551	ASSIGNED	BSA11_UserInterfaces	2026-10-08T16:41:25+0500
stefanye	69552	ASSIGNED	BSA12_NFRs	2026-10-08T16:41:25+0500
stefanye	69553	ASSIGNED	BSA13_ReqMgmt	2026-10-08T16:41:25+0500
stefanye	69554	ASSIGNED	BSA14_SystemIntegration	2026-10-08T16:41:25+0500
stefanye	69555	ASSIGNED	BSA15_REST	2026-10-08T16:41:25+0500
stefanye	69556	ASSIGNED	BSA16_SOAP	2026-10-08T16:41:25+0500
stefanye	69627	ASSIGNED	CT9_Educational way	2026-10-08T16:41:25+0500
stefanye	69676	ASSIGNED	IOS7_Test	2026-10-08T16:41:25+0500
stefanye	70735	ASSIGNED	A3_Parallels_CPP	2026-10-08T16:41:25+0500
stefanye	70736	ASSIGNED	A3_Parallels_Py	2026-10-08T16:41:25+0500
stefanye	70737	ASSIGNED	A3_Parallels_Go	2026-10-08T16:41:25+0500
stefanye	70738	ASSIGNED	A3_Parallels_Jv	2026-10-08T16:41:25+0500
stefanye	70739	ASSIGNED	A3_Parallels_JS	2026-10-08T16:41:25+0500
stefanye	70740	ASSIGNED	A3_Parallels_C#	2026-10-08T16:41:25+0500
stefanye	70741	ASSIGNED	A3_Parallels_Kt	2026-10-08T16:41:25+0500
stefanye	70742	ASSIGNED	A3_Parallels_Sw	2026-10-08T16:41:25+0500
stefanye	70756	ASSIGNED	A5_s21_memory_CPP	2026-10-08T16:41:25+0500
stefanye	70757	ASSIGNED	A4_Crypto_CPP	2026-10-08T16:41:25+0500
stefanye	70758	ASSIGNED	A4_Crypto_Py	2026-10-08T16:41:25+0500
stefanye	70759	ASSIGNED	A4_Crypto_Go	2026-10-08T16:41:25+0500
stefanye	70760	ASSIGNED	A4_Crypto_Jv	2026-10-08T16:41:25+0500
stefanye	70761	ASSIGNED	A4_Crypto_JS	2026-10-08T16:41:25+0500
stefanye	70762	ASSIGNED	A4_Crypto_C#	2026-10-08T16:41:25+0500
stefanye	70763	ASSIGNED	A4_Crypto_Kt	2026-10-08T16:41:25+0500
stefanye	70764	ASSIGNED	A4_Crypto_Sw	2026-10-08T16:41:25+0500
stefanye	70767	ASSIGNED	A6_Transactions_CPP	2026-10-08T16:41:25+0500
stefanye	70768	ASSIGNED	A6_Transactions_Py	2026-10-08T16:41:25+0500
stefanye	70769	ASSIGNED	A6_Transactions_Go	2026-10-08T16:41:25+0500
stefanye	70770	ASSIGNED	A6_Transactions_Jv	2026-10-08T16:41:25+0500
stefanye	70771	ASSIGNED	A6_Transactions_JS	2026-10-08T16:41:25+0500
stefanye	70772	ASSIGNED	A6_Transactions_C#	2026-10-08T16:41:25+0500
stefanye	70773	ASSIGNED	A6_Transactions_Kt	2026-10-08T16:41:25+0500
stefanye	70774	ASSIGNED	A6_Transactions_Sw	2026-10-08T16:41:25+0500
stefanye	70781	ASSIGNED	A7_DNA_Analyzer_CPP	2026-10-08T16:41:25+0500
stefanye	70782	ASSIGNED	A7_DNA Analyzer_Py	2026-10-08T16:41:25+0500
stefanye	70783	ASSIGNED	A7_DNA_Analyzer_Go	2026-10-08T16:41:25+0500
stefanye	70784	ASSIGNED	A7_DNA Analyzer_Jv	2026-10-08T16:41:25+0500
stefanye	70785	ASSIGNED	A7_DNA Analyzer_JS	2026-10-08T16:41:25+0500
stefanye	70786	ASSIGNED	A7_DNA_Analyzer_C#	2026-10-08T16:41:25+0500
stefanye	70787	ASSIGNED	A7_DNA_Analyzer_Kt	2026-10-08T16:41:25+0500
stefanye	70788	ASSIGNED	A7_DNA_Analyzer_Sw	2026-10-08T16:41:25+0500
stefanye	70795	ASSIGNED	A8_Algorithmic_trading_CPP	2026-10-08T16:41:25+0500
stefanye	70796	ASSIGNED	A8_Algorithmic trading_Py	2026-10-08T16:41:25+0500
stefanye	70797	ASSIGNED	A8_Algorithmic_trading_Go	2026-10-08T16:41:25+0500
stefanye	70798	ASSIGNED	A8_Algorithmic trading_Jv	2026-10-08T16:41:25+0500
stefanye	70799	ASSIGNED	A8_Algorithmic trading_JS	2026-10-08T16:41:25+0500
stefanye	70800	ASSIGNED	A8_Algorithmic_trading_C#	2026-10-08T16:41:25+0500
stefanye	70801	ASSIGNED	A8_Algorithmic_trading_Kt	2026-10-08T16:41:25+0500
stefanye	70802	ASSIGNED	A8_Algorithmic_trading_Sw	2026-10-08T16:41:25+0500
stefanye	70843	ASSIGNED	AP5_BrickGame_v4.0_Python	2026-10-08T16:41:25+0500
stefanye	70844	ASSIGNED	AP5_BrickGame_v4.0_C#	2026-10-08T16:41:25+0500
stefanye	70845	ASSIGNED	AP5_BrickGame_v4.0_Jv	2026-10-08T16:41:25+0500
stefanye	70846	ASSIGNED	AP5_BrickGame_v4.0_JS	2026-10-08T16:41:25+0500
stefanye	70847	ASSIGNED	AP5_BrickGame_v4.0_Go	2026-10-08T16:41:25+0500
stefanye	70848	ASSIGNED	AP5_BrickGame_v4.0_Kt	2026-10-08T16:41:25+0500
stefanye	70849	ASSIGNED	AP5_BrickGame_v4.0_Sw	2026-10-08T16:41:25+0500
stefanye	70922	REGISTERED	PG1_Pangolin	2026-10-08T16:41:25+0500
stefanye	71028	REGISTERED	CbS1_Networking_basics_Part 1	2026-10-08T16:41:25+0500
stefanye	71029	ASSIGNED	CbS2_Networking_basics_Part 2	2026-10-08T16:41:25+0500
stefanye	71030	ASSIGNED	CbS3_Networking_basics_Part 3	2026-10-08T16:41:25+0500
stefanye	71031	ASSIGNED	CbS4_Networking_basics_Part 4	2026-10-08T16:41:25+0500
stefanye	71032	ASSIGNED	CbS5_Linux_basics	2026-10-08T16:41:25+0500
stefanye	71033	ASSIGNED	CbS6_Windows_basics	2026-10-08T16:41:25+0500
stefanye	71034	ASSIGNED	CbS8_Crypto_symmetric	2026-10-08T16:41:25+0500
stefanye	71035	ASSIGNED	CbS7_Crypto_intro	2026-10-08T16:41:25+0500
stefanye	71036	ASSIGNED	CbS9_Crypto_asymmetric	2026-10-08T16:41:25+0500
stefanye	71037	ASSIGNED	CbS10_Data_channel_protection	2026-10-08T16:41:25+0500
stefanye	71039	ASSIGNED	CbS12_Network_attacks	2026-10-08T16:41:25+0500
stefanye	71040	ASSIGNED	CbS13_Threat_detection_principles	2026-10-08T16:41:25+0500
stefanye	71041	ASSIGNED	CbS14_Designing_secure_networks	2026-10-08T16:41:25+0500
stefanye	71042	ASSIGNED	CbS15_IS_legislation	2026-10-08T16:41:25+0500
stefanye	71043	ASSIGNED	CbS16_Project_lifecycle	2026-10-08T16:41:25+0500
stefanye	71044	ASSIGNED	CbS17_Physical_security	2026-10-08T16:41:25+0500
stefanye	71045	ASSIGNED	CbS18_Social_engineering	2026-10-08T16:41:25+0500
stefanye	71963	REGISTERED	QA1_Foundation	2026-10-08T16:41:25+0500
stefanye	71971	ASSIGNED	QA2_Test artifacts	2026-10-08T16:41:25+0500
stefanye	72004	ASSIGNED	AP4_Info21 v2.0 Web_Python 	2026-10-08T16:41:25+0500
stefanye	72005	ASSIGNED	AP4_Info21 v2.0 Web_Jv	2026-10-08T16:41:25+0500
stefanye	72006	ASSIGNED	AP4_Info21 v2.0 Web_JS	2026-10-08T16:41:25+0500
stefanye	72007	ASSIGNED	AP4_Info21 v2.0 Web_Go	2026-10-08T16:41:25+0500
stefanye	72008	ASSIGNED	AP4_Info21 v2.0 Web_C#	2026-10-08T16:41:25+0500
stefanye	72009	ASSIGNED	AP4_Info21 v2.0 Web_Kt	2026-10-08T16:41:25+0500
stefanye	72010	ASSIGNED	AP4_Info21 v2.0 Web_Sw	2026-10-08T16:41:25+0500
stefanye	72011	ASSIGNED	AP6_RetailAnalitycs v2.0 Web_Jv	2026-10-08T16:41:25+0500
stefanye	72012	ASSIGNED	AP6_RetailAnalitycs v2.0 Web_Python	2026-10-08T16:41:25+0500
stefanye	72013	ASSIGNED	AP6_RetailAnalitycs v2.0 Web_JS	2026-10-08T16:41:25+0500
stefanye	72015	ASSIGNED	AP6_RetailAnalitycs v2.0 Web_Go	2026-10-08T16:41:25+0500
stefanye	72016	ASSIGNED	AP6_RetailAnalitycs v2.0 Web_C#	2026-10-08T16:41:25+0500
stefanye	72026	ASSIGNED	AP6_RetailAnalitycs v2.0 Web_Kt	2026-10-08T16:41:25+0500
stefanye	72027	ASSIGNED	AP6_RetailAnalitycs v2.0 Web_Sw	2026-10-08T16:41:25+0500
stefanye	72160	ASSIGNED	AP3_SpecialtyCoffee_Python	2026-10-08T16:41:25+0500
stefanye	72161	ASSIGNED	AP3_SpecialtyCoffee_Jv	2026-10-08T16:41:25+0500
stefanye	72164	ASSIGNED	AP3_SpecialtyCoffee_JS	2026-10-08T16:41:25+0500
stefanye	72165	ASSIGNED	AP3_SpecialtyCoffee_Go	2026-10-08T16:41:25+0500
stefanye	72166	ASSIGNED	AP3_SpecialtyCoffee_C#	2026-10-08T16:41:25+0500
stefanye	72167	ASSIGNED	AP3_SpecialtyCoffee_Kt	2026-10-08T16:41:25+0500
stefanye	72168	ASSIGNED	AP3_SpecialtyCoffee_Sw	2026-10-08T16:41:25+0500
stefanye	72454	ASSIGNED	BSA_Ex	2026-10-08T16:41:25+0500
stefanye	72687	ASSIGNED	AQA1_Basics	2026-10-08T16:41:25+0500
stefanye	72791	ASSIGNED	CbS11_Enterprise_IT_landscape	2026-10-08T16:41:25+0500
stefanye	72880	ASSIGNED	QA3_Test design and test analysis	2026-10-08T16:41:25+0500
stefanye	72911	ASSIGNED	CT_Part3	2026-10-08T16:41:25+0500
stefanye	72919	ASSIGNED	AQA2_API testing	2026-10-08T16:41:25+0500
stefanye	72920	ASSIGNED	AQA3_UI Web testing	2026-10-08T16:41:25+0500
stefanye	72935	ASSIGNED	QA4_Types and levels of testing	2026-10-08T16:41:25+0500
stefanye	72939	ASSIGNED	QA5_Defects	2026-10-08T16:41:25+0500
stefanye	72944	ASSIGNED	QA6_Web testing	2026-10-08T16:41:25+0500
stefanye	72946	ASSIGNED	QA7_Backend testing	2026-10-08T16:41:25+0500
stefanye	72957	ASSIGNED	QA8_Mobile testing	2026-10-08T16:41:25+0500
stefanye	72958	ASSIGNED	QA9_Basics of Web Security	2026-10-08T16:41:25+0500
stefanye	72998	ASSIGNED	AQA4_Mobile testing	2026-10-08T16:41:25+0500
stefanye	73030	ACCEPTED	CT1_Self-determination	2026-10-08T16:41:25+0500
stefanye	73031	ACCEPTED	CT2_Dream job	2026-10-08T16:41:25+0500
stefanye	73032	ASSIGNED	CT3_CV Resume	2026-10-08T16:41:25+0500
stefanye	73033	ASSIGNED	CT4_Interview	2026-10-08T16:41:25+0500
stefanye	73034	ASSIGNED	CT5_Teamwork	2026-10-08T16:41:25+0500
stefanye	73035	ASSIGNED	CT6_Corporate culture	2026-10-08T16:41:25+0500
stefanye	73036	ASSIGNED	CT7_Corporate Communication	2026-10-08T16:41:25+0500
stefanye	73037	ASSIGNED	CT8_Career planning	2026-10-08T16:41:25+0500
stefanye	73202	ACCEPTED	SberJv1_Team Git workflow	2026-10-08T16:41:25+0500
stefanye	73204	ACCEPTED	SberJv2_Setup	2026-10-08T16:41:25+0500
stefanye	73205	ASSIGNED	QA_Ex	2026-10-08T16:41:25+0500
stefanye	73206	ACCEPTED	SberJv3_Clean code	2026-10-08T16:41:25+0500
stefanye	73207	ASSIGNED	SberJv5_Observability	2026-10-08T16:41:25+0500
stefanye	73209	ASSIGNED	SberJv6_DB Performance	2026-10-08T16:41:25+0500
stefanye	73210	ASSIGNED	BInf1_PlasmidQC	2026-10-08T16:41:25+0500
stefanye	73212	ASSIGNED	BInf2_HBBScan	2026-10-08T16:41:25+0500
stefanye	73216	ASSIGNED	BInf3_GenomeMatch	2026-10-08T16:41:25+0500
stefanye	73226	ASSIGNED	BInf4_FLM splice	2026-10-08T16:41:25+0500
stefanye	73227	ASSIGNED	BInf5_Soma align	2026-10-08T16:41:25+0500
stefanye	73228	ASSIGNED	BInf6_BlaNDM1 resist	2026-10-08T16:41:25+0500
stefanye	73229	ASSIGNED	BInf7_RbcL evolution	2026-10-08T16:41:25+0500
stefanye	73230	ASSIGNED	BInf8_SNP SUC2 Osm	2026-10-08T16:41:25+0500
stefanye	73232	ASSIGNED	BInf10_Plasmid Resist	2026-10-08T16:41:25+0500
stefanye	73235	ASSIGNED	BInf13_EcoliPhylo	2026-10-08T16:41:25+0500
stefanye	73243	ASSIGNED	UX/UI2_UX Design 	2026-10-08T16:41:25+0500
stefanye	73244	ASSIGNED	UX/UI3_UI Design 	2026-10-08T16:41:25+0500
stefanye	73245	ASSIGNED	UX/UI4_Design&UI kit	2026-10-08T16:41:25+0500
stefanye	73246	ASSIGNED	UX/UI5_Prototyp&test	2026-10-08T16:41:25+0500
stefanye	73247	ASSIGNED	UX/UI6_Website builder	2026-10-08T16:41:25+0500
stefanye	73254	ASSIGNED	UX/UI10_Mobile application	2026-10-08T16:41:25+0500
stefanye	73260	ASSIGNED	AI1_Agent 	2026-10-08T16:41:25+0500
stefanye	73277	ASSIGNED	PjM5_ReqGather	2026-10-08T16:41:25+0500
stefanye	73278	ASSIGNED	PjM4_PjMTools	2026-10-08T16:41:25+0500
stefanye	73279	IN_PROGRESS	SberJv4_Reliability	2026-10-08T16:41:25+0500
stefanye	73282	ASSIGNED	PjM8_RisksMng	2026-10-08T16:41:25+0500
stefanye	73283	ASSIGNED	PjM9_PlanStr	2026-10-08T16:41:25+0500
stefanye	73284	ASSIGNED	PjM10_EffPlan	2026-10-08T16:41:25+0500
stefanye	73285	ASSIGNED	PjM11_Backlog	2026-10-08T16:41:25+0500
stefanye	73286	ASSIGNED	PjM12_Budget	2026-10-08T16:41:25+0500
stefanye	73287	ASSIGNED	PjM13_BusCorr	2026-10-08T16:41:25+0500
stefanye	73290	ASSIGNED	PjM16_TeamCom	2026-10-08T16:41:25+0500
stefanye	73292	ASSIGNED	PjM18_Analytic	2026-10-08T16:41:25+0500
stefanye	73293	ASSIGNED	PjM19_ProtDsgn	2026-10-08T16:41:25+0500
stefanye	73294	ASSIGNED	PjM20_FrontBack	2026-10-08T16:41:25+0500
stefanye	73295	ASSIGNED	PjM21_ITInfStruct	2026-10-08T16:41:25+0500
stefanye	73297	REGISTERED	UX/UI1_Intro	2026-10-08T16:41:25+0500
stefanye	73298	ASSIGNED	PjM_Ex	2026-10-08T16:41:25+0500
stefanye	73301	ASSIGNED	DSB2_Syntax&Semantics	2026-10-08T16:41:25+0500
stefanye	73302	ASSIGNED	DSB3_OOP skills	2026-10-08T16:41:25+0500
stefanye	73303	ASSIGNED	DSB4_Package management	2026-10-08T16:41:25+0500
stefanye	73304	ASSIGNED	DSB5_Efficient code practices	2026-10-08T16:41:25+0500
stefanye	73305	ASSIGNED	DSB6_MovieLens Analytics	2026-10-08T16:41:25+0500
stefanye	73306	ASSIGNED	DSB7_Pandas	2026-10-08T16:41:25+0500
stefanye	73307	ASSIGNED	DSB8_SQL&Pandas	2026-10-08T16:41:25+0500
stefanye	73308	ASSIGNED	DSB9_Pandas_SQL& Data Visual	2026-10-08T16:41:25+0500
stefanye	73309	ASSIGNED	DSB10_Intro to ML	2026-10-08T16:41:25+0500
stefanye	73310	ASSIGNED	DSB11_ML: Advanced	2026-10-08T16:41:25+0500
stefanye	73311	ASSIGNED	DSB12_Food&nutrition	2026-10-08T16:41:25+0500
stefanye	73324	ASSIGNED	DSB1_UNIX Command Line Tools	2026-10-08T16:41:25+0500
stefanye	73366	ASSIGNED	UX/UI7_Transferring layouts	2026-10-08T16:41:25+0500
stefanye	73367	ASSIGNED	UX/UI8_Team processes	2026-10-08T16:41:25+0500
stefanye	73368	ASSIGNED	UX/UI9_Formation of requirements	2026-10-08T16:41:25+0500
stefanye	73375	ASSIGNED	UX/UI11_Interface creation	2026-10-08T16:41:25+0500
stefanye	73376	ASSIGNED	UX/UI12_Portfolio	2026-10-08T16:41:25+0500
stefanye	73381	ASSIGNED	PjM6_ProAnalysis	2026-10-08T16:41:25+0500
stefanye	73382	ASSIGNED	PjM7_UserStory	2026-10-08T16:41:25+0500
stefanye	73396	ASSIGNED	BInf9_HY5 StemMut	2026-10-08T16:41:25+0500
stefanye	73398	ASSIGNED	BInf11_SNP screen	2026-10-08T16:41:25+0500
stefanye	73399	ASSIGNED	BInf12_Diagnostic pipeline	2026-10-08T16:41:25+0500
stefanye	73400	ASSIGNED	BInf14_BRCA1 evolution	2026-10-08T16:41:25+0500
stefanye	73401	ASSIGNED	BInf15_ESBL Resistome	2026-10-08T16:41:25+0500
stefanye	73402	ASSIGNED	BInf16_CFTR genotyping	2026-10-08T16:41:25+0500
stefanye	73430	ASSIGNED	PjM22_CompPro	2026-10-08T16:41:25+0500
stefanye	73446	ASSIGNED	UX/UI_Ex	2026-10-08T16:41:25+0500
stefanye	73461	ASSIGNED	PjM14_EffNeg	2026-10-08T16:41:25+0500
stefanye	73462	ASSIGNED	PjM15_PubApp	2026-10-08T16:41:25+0500
stefanye	73463	ASSIGNED	PM1_PMStarterPack	2026-10-08T16:41:25+0500
stefanye	73465	ASSIGNED	PM2_MetricsDriven	2026-10-08T16:41:25+0500
stefanye	73466	ASSIGNED	PM3_UnitEconomics	2026-10-08T16:41:25+0500
stefanye	73467	ASSIGNED	PM4_ResearchCycle	2026-10-08T16:41:25+0500
stefanye	73468	ASSIGNED	PM5_DesignDriven	2026-10-08T16:41:25+0500
stefanye	73473	ASSIGNED	PM6_UserRetention	2026-10-08T16:41:25+0500
stefanye	73474	ASSIGNED	PM7_DiscoveryCycles	2026-10-08T16:41:25+0500
stefanye	73475	ASSIGNED	PM8_DevToProd	2026-10-08T16:41:25+0500
stefanye	73476	ASSIGNED	PM9_TrafficToSale	2026-10-08T16:41:25+0500
stefanye	73477	ASSIGNED	PM10_SoloShip	2026-10-08T16:41:25+0500
stefanye	73478	ASSIGNED	PjM17_TeamMng	2026-10-08T16:41:25+0500
stefanye	73494	ASSIGNED	Core_Strategy	2026-10-08T16:41:25+0500
stefanye	73542	ASSIGNED	PM_Ex	2026-10-08T16:41:25+0500
stefanye	73604	ASSIGNED	AIE1_Request Router	2026-10-08T16:41:25+0500
stefanye	73605	ASSIGNED	AIE2_JSON Logs Parser	2026-10-08T16:41:25+0500
stefanye	73606	ASSIGNED	AIE3_Mock API Client	2026-10-08T16:41:25+0500
stefanye	73607	ASSIGNED	AIE4_Docs Preprocessing	2026-10-08T16:41:25+0500
stefanye	73608	ASSIGNED	AIE5_Rule FAQ Bot	2026-10-08T16:41:25+0500
stefanye	73609	ASSIGNED	AIE6_Legacy Code Refactor	2026-10-08T16:41:25+0500
stefanye	73610	ASSIGNED	AIE7_Embedding Cache Service	2026-10-08T16:41:25+0500
stefanye	73611	ASSIGNED	AIE8_Vector Metadata Store	2026-10-08T16:41:25+0500
stefanye	73613	ASSIGNED	AIE10_LLM Gateway Cache	2026-10-08T16:41:25+0500
stefanye	73614	ASSIGNED	AIE11_Contract Alignment	2026-10-08T16:41:25+0500
stefanye	73615	ASSIGNED	AIE12_First Call Logging	2026-10-08T16:41:25+0500
stefanye	73616	ASSIGNED	AIE13_Prompt Strategies Compare	2026-10-08T16:41:25+0500
stefanye	73617	ASSIGNED	AIE14_BOT_Hallucination Control Bot	2026-10-08T16:41:25+0500
stefanye	73618	ASSIGNED	AIE15_Chunking Strategies	2026-10-08T16:41:25+0500
stefanye	73619	ASSIGNED	AIE16_Chroma Hybrid Search	2026-10-08T16:41:25+0500
stefanye	73621	ASSIGNED	AIE18_Incremental Index Update	2026-10-08T16:41:25+0500
stefanye	73622	ASSIGNED	AIE19_Product Analytics Suite	2026-10-08T16:41:25+0500
stefanye	73623	ASSIGNED	AIE20_Requirements Analysis	2026-10-08T16:41:25+0500
stefanye	73624	ASSIGNED	AIE21_Prompt Defence Red	2026-10-08T16:41:25+0500
stefanye	73625	ASSIGNED	AIE22_Enterprise Integration Map	2026-10-08T16:41:25+0500
stefanye	73626	ASSIGNED	AIE23_Tool Agent RAG	2026-10-08T16:41:25+0500
stefanye	73628	ASSIGNED	AIE25_Agents Subagents	2026-10-08T16:41:25+0500
stefanye	73629	ASSIGNED	AIE26_Production AI Assistant	2026-10-08T16:41:25+0500
stefanye	73632	ASSIGNED	AIE9_Async Text Classifier	2026-10-08T16:41:25+0500
stefanye	73633	ASSIGNED	AIE17_Full RAG Citations	2026-10-08T16:41:25+0500
stefanye	73634	ASSIGNED	AIE24_Server n8n Workflow	2026-10-08T16:41:25+0500
stefanye	73636	ASSIGNED	TP1_SegmentScan	2026-10-08T16:41:25+0500
stefanye	73637	ASSIGNED	TP2_InsightScope	2026-10-08T16:41:25+0500
stefanye	73638	ASSIGNED	TP3_ProductConcept	2026-10-08T16:41:25+0500
stefanye	73639	ASSIGNED	TP4_ModelFit	2026-10-08T16:41:25+0500
stefanye	73640	ASSIGNED	TP5_Unitecon	2026-10-08T16:41:25+0500
stefanye	73641	ASSIGNED	TP6_MVPScope	2026-10-08T16:41:25+0500
stefanye	73642	ASSIGNED	TP7_MVPBuild	2026-10-08T16:41:25+0500
stefanye	73643	ASSIGNED	TP8_MVPDeploy	2026-10-08T16:41:25+0500
stefanye	73644	ASSIGNED	TP9_GoToMarket	2026-10-08T16:41:25+0500
stefanye	73645	ASSIGNED	TP10_SupportFlow	2026-10-08T16:41:25+0500
stefanye	73646	ASSIGNED	TP11_DataLegal	2026-10-08T16:41:25+0500
stefanye	73647	ASSIGNED	TP12_Strategy	2026-10-08T16:41:25+0500
stefanye	73648	ASSIGNED	TP13_PitchReady	2026-10-08T16:41:25+0500
kelvinch	21389	ASSIGNED	APP1 Bootcamp. Day00	2026-10-08T16:41:28+0500
kelvinch	21390	ASSIGNED	APP1 Bootcamp. Day01	2026-10-08T16:41:28+0500
kelvinch	21412	ASSIGNED	APP1 Bootcamp. Day03	2026-10-08T16:41:28+0500
kelvinch	21413	ASSIGNED	APP1 Bootcamp. Day02	2026-10-08T16:41:28+0500
kelvinch	21414	ASSIGNED	APP1 Bootcamp. Day04	2026-10-08T16:41:28+0500
kelvinch	21415	ASSIGNED	APP1 Bootcamp. Team00	2026-10-08T16:41:28+0500
kelvinch	21416	ASSIGNED	APP1 Bootcamp. Day05	2026-10-08T16:41:28+0500
kelvinch	21417	ASSIGNED	APP1 Bootcamp. Day06	2026-10-08T16:41:28+0500
kelvinch	21418	ASSIGNED	APP1 Bootcamp. Day07	2026-10-08T16:41:28+0500
kelvinch	21419	ASSIGNED	APP1 Bootcamp. Day08	2026-10-08T16:41:28+0500
kelvinch	21420	ASSIGNED	APP1 Bootcamp. Team01	2026-10-08T16:41:28+0500
kelvinch	26477	ACCEPTED	C3_s21_stringplus	2026-10-08T16:41:28+0500
kelvinch	26478	ACCEPTED	C2_SimpleBashUtils	2026-10-08T16:41:28+0500
kelvinch	26480	ASSIGNED	C4_s21_math	2026-10-08T16:41:28+0500
kelvinch	26481	ACCEPTED	C5_s21_decimal	2026-10-08T16:41:28+0500
kelvinch	26482	ACCEPTED	C6_s21_matrix	2026-10-08T16:41:28+0500
kelvinch	26483	ASSIGNED	SmartCalc_v1.0	2026-10-08T16:41:28+0500
kelvinch	26484	ASSIGNED	C8_3DViewer_v1.0	2026-10-08T16:41:28+0500
kelvinch	26485	ASSIGNED	CPP1_s21_matrix+	2026-10-08T16:41:28+0500
kelvinch	26486	ASSIGNED	CPP2_s21_containers	2026-10-08T16:41:28+0500
kelvinch	26487	ASSIGNED	CPP3_SmartCalc_v2.0	2026-10-08T16:41:28+0500
kelvinch	26488	ASSIGNED	CPP4_3DViewer_v2.0	2026-10-08T16:41:28+0500
kelvinch	26489	ASSIGNED	CPP5_3DViewer_v2.1	2026-10-08T16:41:28+0500
kelvinch	26490	ASSIGNED	CPP6_3DViewer_v2.2	2026-10-08T16:41:28+0500
kelvinch	26491	ASSIGNED	CPP7_MLP	2026-10-08T16:41:28+0500
kelvinch	26492	ASSIGNED	CPP8_PhotoLab_v1.0	2026-10-08T16:41:28+0500
kelvinch	26493	ASSIGNED	CPP9_Monitoring System	2026-10-08T16:41:28+0500
kelvinch	26557	ACCEPTED	DO1_Linux	2026-10-08T16:41:28+0500
kelvinch	26558	ACCEPTED	DO2_Linux Network	2026-10-08T16:41:28+0500
kelvinch	26559	ASSIGNED	RetailAnalytics_v2.0_Web_Go	2026-10-08T16:41:28+0500
kelvinch	26560	ASSIGNED	SmartCalc_v4.0_Web_Go	2026-10-08T16:41:28+0500
kelvinch	26561	ASSIGNED	DO3_LinuxMonitoring v1.0	2026-10-08T16:41:28+0500
kelvinch	26562	ASSIGNED	Info21_v2.0_Web_Go	2026-10-08T16:41:28+0500
kelvinch	26563	ASSIGNED	DO4_LinuxMonitoring v2.0	2026-10-08T16:41:28+0500
kelvinch	26564	ASSIGNED	SimpleWebStudio_v1.0_Go	2026-10-08T16:41:28+0500
kelvinch	26565	ACCEPTED	DO5_SimpleDocker	2026-10-08T16:41:28+0500
kelvinch	26566	ACCEPTED	DO6_CICD	2026-10-08T16:41:28+0500
kelvinch	26567	ASSIGNED	SmartCalc_v3.0 Desktop (Go)	2026-10-08T16:41:28+0500
kelvinch	26568	ASSIGNED	Maze	2026-10-08T16:41:28+0500
kelvinch	26569	ASSIGNED	SimpleNavigator v1.0	2026-10-08T16:41:28+0500
kelvinch	26570	ASSIGNED	RetailAnalytics_v2.0_Web_Python	2026-10-08T16:41:28+0500
kelvinch	26571	ASSIGNED	Parallels	2026-10-08T16:41:28+0500
kelvinch	26572	ASSIGNED	Crypto	2026-10-08T16:41:28+0500
kelvinch	26573	ASSIGNED	SmartCalc_v4.0_Web_Python	2026-10-08T16:41:28+0500
kelvinch	26574	ASSIGNED	s21_memory	2026-10-08T16:41:28+0500
kelvinch	26575	ASSIGNED	Info21_v2.0_Web_Python	2026-10-08T16:41:28+0500
kelvinch	26577	ASSIGNED	DNA Analyzer	2026-10-08T16:41:28+0500
kelvinch	26578	ASSIGNED	Algorithmic trading	2026-10-08T16:41:28+0500
kelvinch	26579	ASSIGNED	SimpleWebStudio_v1.0_Python	2026-10-08T16:41:28+0500
kelvinch	26581	ASSIGNED	SmartCalc_v3.0 Desktop (Python)	2026-10-08T16:41:28+0500
kelvinch	26583	ASSIGNED	SQL2_Info21_v1.0	2026-10-08T16:41:28+0500
kelvinch	26584	ASSIGNED	RetailAnalytics_v2.0_Web_Java	2026-10-08T16:41:28+0500
kelvinch	26585	ASSIGNED	SQL3_RetailAnalitycs v1.0	2026-10-08T16:41:28+0500
kelvinch	26586	ASSIGNED	SmartCalc_v4.0_Web_Java	2026-10-08T16:41:28+0500
kelvinch	26589	ASSIGNED	Info21_v2.0_Web_Java	2026-10-08T16:41:28+0500
kelvinch	26590	ASSIGNED	SmartCalc v3.0 Desktop (C#)	2026-10-08T16:41:28+0500
kelvinch	26592	ASSIGNED	SimpleWebStudio v1.0 C#	2026-10-08T16:41:28+0500
kelvinch	26593	ASSIGNED	Info21_v2.0_Web_C#	2026-10-08T16:41:28+0500
kelvinch	26594	ASSIGNED	SmartCalc v4.0 Web C#	2026-10-08T16:41:28+0500
kelvinch	26595	ASSIGNED	SmartCalc_v3.0 Desktop (Java)	2026-10-08T16:41:28+0500
kelvinch	26596	ASSIGNED	RetailAnalytics_v2.0_Web_C#	2026-10-08T16:41:28+0500
kelvinch	27289	ASSIGNED	DS Healthcare. Project 01 	2026-10-08T16:41:28+0500
kelvinch	27290	ASSIGNED	DS Healthcare. Project 02	2026-10-08T16:41:28+0500
kelvinch	27292	ASSIGNED	DS Healthcare. Project 03	2026-10-08T16:41:28+0500
kelvinch	27295	ASSIGNED	DS Healthcare. Project 04	2026-10-08T16:41:28+0500
kelvinch	27298	ASSIGNED	DS Healthcare. Project 05	2026-10-08T16:41:28+0500
kelvinch	27299	ASSIGNED	DS Healthcare. Project 06	2026-10-08T16:41:28+0500
kelvinch	27364	ASSIGNED	Transactions	2026-10-08T16:41:28+0500
kelvinch	27373	ASSIGNED	SimpleWebStudio_v1.0_Java	2026-10-08T16:41:28+0500
kelvinch	27711	ASSIGNED	APC1 Bootcamp. Day00	2026-10-08T16:41:28+0500
kelvinch	27714	ASSIGNED	APC1 Bootcamp. Day01	2026-10-08T16:41:28+0500
kelvinch	27715	ASSIGNED	APC1 Bootcamp. Day02	2026-10-08T16:41:28+0500
kelvinch	27716	ASSIGNED	APC1 Bootcamp. Day03	2026-10-08T16:41:28+0500
kelvinch	27717	ASSIGNED	APC1 Bootcamp. Day04	2026-10-08T16:41:28+0500
kelvinch	27718	ASSIGNED	APC1 Bootcamp. Day05	2026-10-08T16:41:28+0500
kelvinch	27719	ASSIGNED	APC1 Bootcamp. Day06	2026-10-08T16:41:28+0500
kelvinch	27720	ASSIGNED	APC1 Bootcamp. Day07	2026-10-08T16:41:28+0500
kelvinch	27721	ASSIGNED	APC1 Bootcamp. Day08	2026-10-08T16:41:28+0500
kelvinch	27723	ASSIGNED	APC1 Bootcamp. Team01	2026-10-08T16:41:28+0500
kelvinch	28037	ASSIGNED	APG1 Bootcamp. Day00	2026-10-08T16:41:28+0500
kelvinch	28038	ASSIGNED	APG1 Bootcamp.  Day01	2026-10-08T16:41:28+0500
kelvinch	28039	ASSIGNED	APG1 Bootcamp. Day02	2026-10-08T16:41:28+0500
kelvinch	28040	ASSIGNED	APG1 Bootcamp. Day03	2026-10-08T16:41:28+0500
kelvinch	28041	ASSIGNED	APG1 Bootcamp. Day04	2026-10-08T16:41:28+0500
kelvinch	28042	ASSIGNED	APG1 Bootcamp.  Day05	2026-10-08T16:41:28+0500
kelvinch	28043	ASSIGNED	APG1 Bootcamp.  Day06	2026-10-08T16:41:28+0500
kelvinch	28044	ASSIGNED	APG1 Bootcamp. Day07	2026-10-08T16:41:28+0500
kelvinch	28045	ASSIGNED	APG1 Bootcamp. Day08	2026-10-08T16:41:28+0500
kelvinch	28046	ASSIGNED	APG1 Bootcamp. Day09	2026-10-08T16:41:28+0500
kelvinch	28047	ASSIGNED	APG1 Bootcamp. Team00	2026-10-08T16:41:28+0500
kelvinch	28048	ASSIGNED	APG1 Bootcamp. Team01	2026-10-08T16:41:28+0500
kelvinch	28350	ASSIGNED	APC1 Bootcamp. Team00	2026-10-08T16:41:28+0500
kelvinch	40313	ASSIGNED	ROSB1_Intro	2026-10-08T16:41:28+0500
kelvinch	40648	ASSIGNED	ROSB2_Advanced node	2026-10-08T16:41:28+0500
kelvinch	40649	ASSIGNED	ROSB3_TF library 	2026-10-08T16:41:28+0500
kelvinch	40650	ASSIGNED	ROSB4_Robot simulation	2026-10-08T16:41:28+0500
kelvinch	40651	ASSIGNED	ROSB5_Robot sensor 	2026-10-08T16:41:28+0500
kelvinch	40652	ASSIGNED	ROSB7_Robot mapping	2026-10-08T16:41:28+0500
kelvinch	40653	ASSIGNED	ROSB8_Robot navigation	2026-10-08T16:41:28+0500
kelvinch	40655	ASSIGNED	ROSB9_MoveIt arm control	2026-10-08T16:41:28+0500
kelvinch	40656	ASSIGNED	ROSB10_Computer vision 	2026-10-08T16:41:28+0500
kelvinch	40657	ASSIGNED	ROSB11_Robot behaviors 	2026-10-08T16:41:28+0500
kelvinch	40658	ASSIGNED	ROSB6_Robot programming	2026-10-08T16:41:28+0500
kelvinch	40659	ASSIGNED	ROSB12_Robotics Pro	2026-10-08T16:41:28+0500
kelvinch	40886	ASSIGNED	APP1 Bootcamp. Day09	2026-10-08T16:41:28+0500
kelvinch	40910	ACCEPTED	SQLB2_Retrieving data	2026-10-08T16:41:28+0500
kelvinch	40911	ACCEPTED	SQLB3_Retrieving data deep dive	2026-10-08T16:41:28+0500
kelvinch	40912	ACCEPTED	SQLB4_DML	2026-10-08T16:41:28+0500
kelvinch	40913	ACCEPTED	SQLB5_Snapshots	2026-10-08T16:41:28+0500
kelvinch	40914	FAILED	SQLB7_Database index 	2026-10-08T16:41:28+0500
kelvinch	40915	FAILED	SQLB8_Integrating features	2026-10-08T16:41:28+0500
kelvinch	40916	FAILED	SQLB9_OLAP	2026-10-08T16:41:28+0500
kelvinch	40918	FAILED	SQLB10_Isolation levels	2026-10-08T16:41:28+0500
kelvinch	40919	FAILED	SQLB11_Functions and procs	2026-10-08T16:41:28+0500
kelvinch	40922	FAILED	SQLB12_Warehouse fundamentals	2026-10-08T16:41:28+0500
kelvinch	40964	ACCEPTED	SQLB1_Basics	2026-10-08T16:41:28+0500
kelvinch	41377	ASSIGNED	DevOps Exam_DELETE	2026-10-08T16:41:28+0500
kelvinch	47708	ACCEPTED	SQLB6_Salesman problem	2026-10-08T16:41:28+0500
kelvinch	51184	ASSIGNED	FE1_Browser extensions	2026-10-08T16:41:28+0500
kelvinch	51185	ASSIGNED	FE2_Angular framework	2026-10-08T16:41:28+0500
kelvinch	51186	ASSIGNED	FE3_Vue framework	2026-10-08T16:41:28+0500
kelvinch	51187	ASSIGNED	FE4_CSS and animations	2026-10-08T16:41:28+0500
kelvinch	51188	ASSIGNED	FE5_Canvas tag 	2026-10-08T16:41:28+0500
kelvinch	51190	ASSIGNED	FE6_WebSocket	2026-10-08T16:41:28+0500
kelvinch	51191	ASSIGNED	FE7_Code quality	2026-10-08T16:41:28+0500
kelvinch	51202	ASSIGNED	CT2_Dream_job	2026-10-08T16:41:28+0500
kelvinch	51205	ASSIGNED	CT1_Self_determination	2026-10-08T16:41:28+0500
kelvinch	51210	ASSIGNED	Проект в разработке	2026-10-08T16:41:28+0500
kelvinch	51262	ASSIGNED	DB Bootcamp. Day00	2026-10-08T16:41:28+0500
kelvinch	51263	ASSIGNED	DB Bootcamp. Day01	2026-10-08T16:41:28+0500
kelvinch	51264	ASSIGNED	DB Bootcamp. Day02	2026-10-08T16:41:28+0500
kelvinch	51363	ASSIGNED	FEB1_JS	2026-10-08T16:41:28+0500
kelvinch	51394	ASSIGNED	FEB2_Native JS	2026-10-08T16:41:28+0500
kelvinch	51399	ASSIGNED	FEB3_HTML and CSS	2026-10-08T16:41:28+0500
kelvinch	51409	ASSIGNED	FEB4_Advanced Web	2026-10-08T16:41:28+0500
kelvinch	51411	ASSIGNED	FEB5_Express framework	2026-10-08T16:41:28+0500
kelvinch	51412	ASSIGNED	FEB6_HTML templating	2026-10-08T16:41:28+0500
kelvinch	51413	ASSIGNED	DB Bootcamp. Day03	2026-10-08T16:41:28+0500
kelvinch	51414	ASSIGNED	FEB7_SeaBattle game	2026-10-08T16:41:28+0500
kelvinch	51415	ASSIGNED	FEB8_React	2026-10-08T16:41:28+0500
kelvinch	51416	ASSIGNED	FEB9_Memoization	2026-10-08T16:41:28+0500
kelvinch	51417	ASSIGNED	FEB10_Data storages	2026-10-08T16:41:28+0500
kelvinch	51418	ASSIGNED	FEB11_Routing	2026-10-08T16:41:28+0500
kelvinch	51419	ASSIGNED	FEB12_React Redux	2026-10-08T16:41:28+0500
kelvinch	51420	ASSIGNED	FEB13_TypeScript	2026-10-08T16:41:28+0500
kelvinch	51435	ASSIGNED	DB Bootcamp. Day04	2026-10-08T16:41:28+0500
kelvinch	51462	ASSIGNED	FEB14_Web Building	2026-10-08T16:41:28+0500
kelvinch	51472	ASSIGNED	EEB1_Basics	2026-10-08T16:41:28+0500
kelvinch	51473	ASSIGNED	EEB2_AC circuit analysis	2026-10-08T16:41:28+0500
kelvinch	51474	ASSIGNED	EEB3_Circuit calc	2026-10-08T16:41:28+0500
kelvinch	51475	ASSIGNED	EEB4_Connection circuits	2026-10-08T16:41:28+0500
kelvinch	51476	ASSIGNED	EEB5_Operational amplifiers	2026-10-08T16:41:28+0500
kelvinch	51477	ASSIGNED	EEB6_Filters	2026-10-08T16:41:28+0500
kelvinch	51478	ASSIGNED	EEB7_Speed control	2026-10-08T16:41:28+0500
kelvinch	51479	ASSIGNED	EEB8_Arduino boards	2026-10-08T16:41:28+0500
kelvinch	51480	ASSIGNED	EEB9_Module integration	2026-10-08T16:41:28+0500
kelvinch	51481	ASSIGNED	EEB10_STM fundamentals	2026-10-08T16:41:28+0500
kelvinch	51482	ASSIGNED	EEB11_STM code	2026-10-08T16:41:28+0500
kelvinch	51483	ASSIGNED	EEB12_Transferring data	2026-10-08T16:41:28+0500
kelvinch	51484	ASSIGNED	EEB13_Satellite odometer	2026-10-08T16:41:28+0500
kelvinch	51485	ASSIGNED	DS1_Tweets	2026-10-08T16:41:28+0500
kelvinch	51486	ASSIGNED	DS2_Churn prediction	2026-10-08T16:41:28+0500
kelvinch	51487	ASSIGNED	DS3_My Spotify	2026-10-08T16:41:28+0500
kelvinch	51488	ASSIGNED	DS4_Understanding customer	2026-10-08T16:41:28+0500
kelvinch	51489	ASSIGNED	DS5_Uber	2026-10-08T16:41:28+0500
kelvinch	51490	ASSIGNED	DS8_Fried Eggs	2026-10-08T16:41:28+0500
kelvinch	51491	ASSIGNED	DS7_Amazon	2026-10-08T16:41:28+0500
kelvinch	51492	ASSIGNED	DS6_City life	2026-10-08T16:41:28+0500
kelvinch	51496	ASSIGNED	DSB1_UNIX Command Line Tools_	2026-10-08T16:41:28+0500
kelvinch	51497	ASSIGNED	DSB2_Syntax&Semantics_	2026-10-08T16:41:28+0500
kelvinch	51498	ASSIGNED	DSB3_OOP skills_	2026-10-08T16:41:28+0500
kelvinch	51499	ASSIGNED	DSB4_Package management_	2026-10-08T16:41:28+0500
kelvinch	51500	ASSIGNED	DSB5_Efficient code practices_	2026-10-08T16:41:28+0500
kelvinch	51501	ASSIGNED	DSB6_MovieLens Analytics_	2026-10-08T16:41:28+0500
kelvinch	51502	ASSIGNED	DSB7_Pandas_	2026-10-08T16:41:28+0500
kelvinch	51503	ASSIGNED	DSB8_SQL&Pandas_	2026-10-08T16:41:28+0500
kelvinch	51504	ASSIGNED	DSB9_Pandas_SQL& Data Visual_	2026-10-08T16:41:28+0500
kelvinch	51505	ASSIGNED	DSB10_Intro to ML_	2026-10-08T16:41:28+0500
kelvinch	51506	ASSIGNED	DSB11_ML: Advanced_	2026-10-08T16:41:28+0500
kelvinch	51507	ASSIGNED	DSB12_Food&nutrition_	2026-10-08T16:41:28+0500
kelvinch	51508	ASSIGNED	DB Bootcamp. Day05	2026-10-08T16:41:28+0500
kelvinch	51509	ASSIGNED	DB Bootcamp. Day06	2026-10-08T16:41:28+0500
kelvinch	51510	ASSIGNED	DB Bootcamp. Day07	2026-10-08T16:41:28+0500
kelvinch	51511	ASSIGNED	DB Bootcamp. Day08	2026-10-08T16:41:28+0500
kelvinch	51512	ASSIGNED	DB Bootcamp. Day09	2026-10-08T16:41:28+0500
kelvinch	51513	ASSIGNED	DB Bootcamp. Team00	2026-10-08T16:41:28+0500
kelvinch	51517	ASSIGNED	CT3_CV_Resume	2026-10-08T16:41:28+0500
kelvinch	51518	ASSIGNED	CT4_Interview_	2026-10-08T16:41:28+0500
kelvinch	51529	ASSIGNED	CT5_Teamwork_	2026-10-08T16:41:28+0500
kelvinch	51652	ASSIGNED	DB Bootcamp. Team01	2026-10-08T16:41:28+0500
kelvinch	51654	ASSIGNED	CT6_Corporate_culture 	2026-10-08T16:41:28+0500
kelvinch	51659	ASSIGNED	CT7_Corporate_Communication	2026-10-08T16:41:28+0500
kelvinch	51660	ASSIGNED	CT8_Career_planning	2026-10-08T16:41:28+0500
kelvinch	52870	ASSIGNED	Kotlin Bootcamp. Day00	2026-10-08T16:41:28+0500
kelvinch	52871	ASSIGNED	Kotlin Bootcamp. Day01	2026-10-08T16:41:28+0500
kelvinch	52872	ASSIGNED	Kotlin Bootcamp. Day02	2026-10-08T16:41:28+0500
kelvinch	52873	ASSIGNED	Kotlin Bootcamp. Day03	2026-10-08T16:41:28+0500
kelvinch	52878	ASSIGNED	Kotlin Bootcamp. Day04	2026-10-08T16:41:28+0500
kelvinch	52879	ASSIGNED	Kotlin Bootcamp. Team00	2026-10-08T16:41:28+0500
kelvinch	52880	ASSIGNED	Kotlin Bootcamp. Day05	2026-10-08T16:41:28+0500
kelvinch	52881	ASSIGNED	Kotlin Bootcamp. Day06	2026-10-08T16:41:28+0500
kelvinch	52882	ASSIGNED	Kotlin Bootcamp. Day07	2026-10-08T16:41:28+0500
kelvinch	52883	ASSIGNED	Kotlin Bootcamp. Day08	2026-10-08T16:41:28+0500
kelvinch	52884	ASSIGNED	Kotlin Bootcamp. Day09	2026-10-08T16:41:28+0500
kelvinch	52885	ASSIGNED	Kotlin Bootcamp. Team01	2026-10-08T16:41:28+0500
kelvinch	53016	ASSIGNED	Java Bootcamp. Day00	2026-10-08T16:41:28+0500
kelvinch	53017	ASSIGNED	Java Bootcamp. Day01	2026-10-08T16:41:28+0500
kelvinch	53018	ASSIGNED	Java Bootcamp. Day02	2026-10-08T16:41:28+0500
kelvinch	53019	ASSIGNED	Java Bootcamp. Day03	2026-10-08T16:41:28+0500
kelvinch	53020	ASSIGNED	Java Bootcamp. Day04	2026-10-08T16:41:28+0500
kelvinch	53021	ASSIGNED	Java Bootcamp. Team00	2026-10-08T16:41:28+0500
kelvinch	53022	ASSIGNED	Java Bootcamp. Day05	2026-10-08T16:41:28+0500
kelvinch	53025	ASSIGNED	Java Bootcamp. Day06	2026-10-08T16:41:28+0500
kelvinch	53026	ASSIGNED	Java Bootcamp. Day07	2026-10-08T16:41:28+0500
kelvinch	53035	ASSIGNED	Java Bootcamp. Day08	2026-10-08T16:41:28+0500
kelvinch	53036	ASSIGNED	Java Bootcamp. Day09	2026-10-08T16:41:28+0500
kelvinch	53037	ASSIGNED	Java Bootcamp. Team01	2026-10-08T16:41:28+0500
kelvinch	57572	ASSIGNED	CPP Exam	2026-10-08T16:41:28+0500
kelvinch	57573	ASSIGNED	CPPE-T	2026-10-08T16:41:28+0500
kelvinch	59888	ASSIGNED	Core final testing	2026-10-08T16:41:28+0500
kelvinch	59889	ASSIGNED	Core final exam	2026-10-08T16:41:28+0500
kelvinch	60672	ASSIGNED	Swift Bootcamp. Day00	2026-10-08T16:41:28+0500
kelvinch	60673	ASSIGNED	Swift Bootcamp. Day01	2026-10-08T16:41:28+0500
kelvinch	60674	ASSIGNED	Swift Bootcamp. Day02	2026-10-08T16:41:28+0500
kelvinch	60675	ASSIGNED	Swift Bootcamp. Day03	2026-10-08T16:41:28+0500
kelvinch	60676	ASSIGNED	Swift Bootcamp. Day04	2026-10-08T16:41:28+0500
kelvinch	60677	ASSIGNED	Swift Bootcamp. Team00	2026-10-08T16:41:28+0500
kelvinch	60680	ASSIGNED	Swift Bootcamp. Day05	2026-10-08T16:41:28+0500
kelvinch	60681	ASSIGNED	Swift Bootcamp. Day06	2026-10-08T16:41:28+0500
kelvinch	60682	ASSIGNED	Swift Bootcamp. Day07	2026-10-08T16:41:28+0500
kelvinch	60683	ASSIGNED	Swift Bootcamp. Day08	2026-10-08T16:41:28+0500
kelvinch	60684	ASSIGNED	Swift Bootcamp. Day09	2026-10-08T16:41:28+0500
kelvinch	60685	ASSIGNED	Swift Bootcamp. Team01	2026-10-08T16:41:28+0500
kelvinch	61411	ASSIGNED	DO7_Docker Compose	2026-10-08T16:41:28+0500
kelvinch	61424	ASSIGNED	DO8_AutomationTools	2026-10-08T16:41:28+0500
kelvinch	61425	ASSIGNED	DO9_Monitoring	2026-10-08T16:41:28+0500
kelvinch	61426	ASSIGNED	DO10_BasicK8s	2026-10-08T16:41:28+0500
kelvinch	61427	ASSIGNED	DO11_AdvK8s	2026-10-08T16:41:28+0500
kelvinch	61428	ASSIGNED	DO12_Helm	2026-10-08T16:41:28+0500
kelvinch	62392	ASSIGNED	ML1_Introduction	2026-10-08T16:41:28+0500
kelvinch	62393	ASSIGNED	ML2_Supervised learning	2026-10-08T16:41:28+0500
kelvinch	62394	ASSIGNED	ML3_Validation	2026-10-08T16:41:28+0500
kelvinch	62395	ASSIGNED	ML4_Classification problems	2026-10-08T16:41:28+0500
kelvinch	62396	ASSIGNED	ML5_Decision trees	2026-10-08T16:41:28+0500
kelvinch	62397	ASSIGNED	ML6_Unsupervised learning	2026-10-08T16:41:28+0500
kelvinch	62398	ASSIGNED	ML7_Clustering algorithms	2026-10-08T16:41:28+0500
kelvinch	62399	ASSIGNED	ML8_Neural networks	2026-10-08T16:41:28+0500
kelvinch	62400	ASSIGNED	ML9_Convolutional networks 	2026-10-08T16:41:28+0500
kelvinch	62401	ASSIGNED	ML10_RNNs	2026-10-08T16:41:28+0500
kelvinch	62403	ASSIGNED	ML11_Attention mechanism	2026-10-08T16:41:28+0500
kelvinch	62404	ASSIGNED	ML12_Generative ML	2026-10-08T16:41:28+0500
kelvinch	62813	ASSIGNED	SA1_Software specs	2026-10-08T16:41:28+0500
kelvinch	62825	ASSIGNED	SA2_Software quality	2026-10-08T16:41:28+0500
kelvinch	62826	ASSIGNED	SA3_Requirements analysis	2026-10-08T16:41:28+0500
kelvinch	62827	ASSIGNED	SA4_SDD	2026-10-08T16:41:28+0500
kelvinch	62828	ASSIGNED	SA5_Complex architecture	2026-10-08T16:41:28+0500
kelvinch	62829	ASSIGNED	SA6_TOGAF framework	2026-10-08T16:41:28+0500
kelvinch	62954	IN_REVIEWS	BE1_HttpAuth	2026-10-08T16:41:28+0500
kelvinch	62955	ACCEPTED	BE2_APIFromSpec	2026-10-08T16:41:28+0500
kelvinch	62957	ASSIGNED	BE3_Nginx Pro	2026-10-08T16:41:28+0500
kelvinch	62958	ASSIGNED	BE4_GRPCAuth	2026-10-08T16:41:28+0500
kelvinch	62959	ASSIGNED	BE5_Message broker	2026-10-08T16:41:28+0500
kelvinch	62960	ASSIGNED	BE6_Data sharding	2026-10-08T16:41:28+0500
kelvinch	62961	ASSIGNED	GD1_Meeting Unity	2026-10-08T16:41:28+0500
kelvinch	62962	ASSIGNED	GD2_Game Design	2026-10-08T16:41:28+0500
kelvinch	62963	ASSIGNED	GD3_DOD	2026-10-08T16:41:28+0500
kelvinch	62964	ASSIGNED	GD4_Multiplayer	2026-10-08T16:41:28+0500
kelvinch	62966	ASSIGNED	GD5_Shaders	2026-10-08T16:41:28+0500
kelvinch	62967	ASSIGNED	GD6_Hypercasual	2026-10-08T16:41:28+0500
kelvinch	62968	ASSIGNED	GD7_Unreal Engine	2026-10-08T16:41:28+0500
kelvinch	63932	ASSIGNED	DO14_Final	2026-10-08T16:41:28+0500
kelvinch	63934	ASSIGNED	DO13_CICD Pipeline	2026-10-08T16:41:28+0500
kelvinch	64043	ASSIGNED	Mobile Kotlin_BasicApp	2026-10-08T16:41:28+0500
kelvinch	64044	ASSIGNED	Mobile Kotlin_AuthApp	2026-10-08T16:41:28+0500
kelvinch	64049	ASSIGNED	Mobile Swift_BasicApp	2026-10-08T16:41:28+0500
kelvinch	64050	ASSIGNED	Mobile Swift_AuthApp	2026-10-08T16:41:28+0500
kelvinch	64402	ASSIGNED	FE8_Data vis	2026-10-08T16:41:28+0500
kelvinch	66062	ASSIGNED	DevOps Exam	2026-10-08T16:41:28+0500
kelvinch	67412	ASSIGNED	CPP_Ex-p	2026-10-08T16:41:28+0500
kelvinch	67417	ASSIGNED	CPP_Ex-t	2026-10-08T16:41:28+0500
kelvinch	68823	ASSIGNED	C_Ex-t	2026-10-08T16:41:28+0500
kelvinch	68824	ASSIGNED	C_Ex-p	2026-10-08T16:41:28+0500
kelvinch	68883	ASSIGNED	SQL_Ex-t	2026-10-08T16:41:28+0500
kelvinch	68901	ASSIGNED	SQL_Ex-p	2026-10-08T16:41:28+0500
kelvinch	68976	ASSIGNED	DO_Ex-t	2026-10-08T16:41:28+0500
kelvinch	68977	ASSIGNED	A_Ex-t	2026-10-08T16:41:28+0500
kelvinch	69039	ASSIGNED	AP1-CS-T01	2026-10-08T16:41:28+0500
kelvinch	69040	ASSIGNED	AP1-CS-T02	2026-10-08T16:41:28+0500
kelvinch	69041	ASSIGNED	AP1-CS-P01	2026-10-08T16:41:28+0500
kelvinch	69042	ASSIGNED	AP1-CS-T03	2026-10-08T16:41:28+0500
kelvinch	69043	ASSIGNED	AP1-CS-T04B	2026-10-08T16:41:28+0500
kelvinch	69044	ASSIGNED	AP1-CS-T05B	2026-10-08T16:41:28+0500
kelvinch	69045	ASSIGNED	AP1-Go-T01	2026-10-08T16:41:28+0500
kelvinch	69046	ASSIGNED	AP1-Go-T02	2026-10-08T16:41:28+0500
kelvinch	69047	ASSIGNED	AP1-Go-P01	2026-10-08T16:41:28+0500
kelvinch	69048	ASSIGNED	AP1-Go-T03	2026-10-08T16:41:28+0500
kelvinch	69049	ASSIGNED	AP1-Go-T04B	2026-10-08T16:41:28+0500
kelvinch	69051	ASSIGNED	AP1-Go-T05B	2026-10-08T16:41:28+0500
kelvinch	69052	ASSIGNED	C7_BrickGame_v1.0	2026-10-08T16:41:28+0500
kelvinch	69053	ASSIGNED	CPP3_BrickGame_v2.0	2026-10-08T16:41:28+0500
kelvinch	69055	ASSIGNED	AP2_BrickGame_v3.0_Python	2026-10-08T16:41:28+0500
kelvinch	69056	ASSIGNED	AP2_BrickGame_v3.0_Jv	2026-10-08T16:41:28+0500
kelvinch	69057	ASSIGNED	AP2_BrickGame v3.0_JS	2026-10-08T16:41:28+0500
kelvinch	69058	ASSIGNED	AP2_BrickGame_v3.0_Go	2026-10-08T16:41:28+0500
kelvinch	69059	ASSIGNED	AP2_BrickGame_v3.0_C#	2026-10-08T16:41:28+0500
kelvinch	69060	ASSIGNED	AP2_BrickGame_v3.0_Kt	2026-10-08T16:41:28+0500
kelvinch	69061	ASSIGNED	AP2_BrickGame_v3.0_Sw	2026-10-08T16:41:28+0500
kelvinch	69062	FAILED	AP1-Jv-T01	2026-10-08T16:41:28+0500
kelvinch	69063	FAILED	AP1-Jv-T02	2026-10-08T16:41:28+0500
kelvinch	69064	ACCEPTED	AP1-Jv-P01	2026-10-08T16:41:28+0500
kelvinch	69065	FAILED	AP1-Jv-T03	2026-10-08T16:41:28+0500
kelvinch	69066	ACCEPTED	AP1-Jv-T04B	2026-10-08T16:41:28+0500
kelvinch	69067	FAILED	AP1-Jv-T05B	2026-10-08T16:41:28+0500
kelvinch	69068	ASSIGNED	AP1-Jv-T04M	2026-10-08T16:41:28+0500
kelvinch	69069	ASSIGNED	AP1-Jv-T05M	2026-10-08T16:41:28+0500
kelvinch	69070	ASSIGNED	AP1-JS-T01	2026-10-08T16:41:28+0500
kelvinch	69071	ASSIGNED	AP1-JS-T02	2026-10-08T16:41:28+0500
kelvinch	69072	ASSIGNED	AP1-JS-P01	2026-10-08T16:41:28+0500
kelvinch	69073	ASSIGNED	AP1-JS-T03	2026-10-08T16:41:28+0500
kelvinch	69074	ASSIGNED	AP1-JS-T04F	2026-10-08T16:41:28+0500
kelvinch	69075	ASSIGNED	AP1-JS-T05F	2026-10-08T16:41:28+0500
kelvinch	69076	ASSIGNED	AP1-JS-T04B	2026-10-08T16:41:28+0500
kelvinch	69077	ASSIGNED	AP1-JS-T05B	2026-10-08T16:41:28+0500
kelvinch	69078	ASSIGNED	AP1-Kt-T01	2026-10-08T16:41:28+0500
kelvinch	69079	ASSIGNED	AP1-Kt-T02	2026-10-08T16:41:28+0500
kelvinch	69080	ASSIGNED	AP1-Kt-P01	2026-10-08T16:41:28+0500
kelvinch	69081	ASSIGNED	AP1-Kt-T03	2026-10-08T16:41:28+0500
kelvinch	69082	ASSIGNED	AP1-Kt-T04M	2026-10-08T16:41:28+0500
kelvinch	69083	ASSIGNED	AP1-Kt-T05M	2026-10-08T16:41:28+0500
kelvinch	69084	ASSIGNED	AP1-Kt-T04B	2026-10-08T16:41:28+0500
kelvinch	69085	ASSIGNED	AP1-Kt-T05B	2026-10-08T16:41:28+0500
kelvinch	69086	ASSIGNED	AP1-Py-T01	2026-10-08T16:41:28+0500
kelvinch	69087	ASSIGNED	AP1-Py-T02	2026-10-08T16:41:28+0500
kelvinch	69088	ASSIGNED	AP1-Py-P01	2026-10-08T16:41:28+0500
kelvinch	69089	ASSIGNED	AP1-Py-T04B	2026-10-08T16:41:28+0500
kelvinch	69090	ASSIGNED	AP1-Py-T03	2026-10-08T16:41:28+0500
kelvinch	69091	ASSIGNED	AP1-Py-T05B	2026-10-08T16:41:28+0500
kelvinch	69094	ASSIGNED	AP1-Sw-T01	2026-10-08T16:41:28+0500
kelvinch	69096	ASSIGNED	AP1-Sw-T02	2026-10-08T16:41:28+0500
kelvinch	69097	ASSIGNED	AP1-Sw-P01	2026-10-08T16:41:28+0500
kelvinch	69098	ASSIGNED	AP1-Sw-T03	2026-10-08T16:41:28+0500
kelvinch	69099	ASSIGNED	AP1-Sw-T04M	2026-10-08T16:41:28+0500
kelvinch	69100	ASSIGNED	AP1-Sw-T05M	2026-10-08T16:41:28+0500
kelvinch	69101	ASSIGNED	AP1-Sw-T04B	2026-10-08T16:41:28+0500
kelvinch	69102	ASSIGNED	AP1-Sw-T05B	2026-10-08T16:41:28+0500
kelvinch	69103	ASSIGNED	A1_Maze_C	2026-10-08T16:41:28+0500
kelvinch	69104	ASSIGNED	A2_SimpleNavigator_v1.0_C	2026-10-08T16:41:28+0500
kelvinch	69105	ASSIGNED	A3_Parallels_C	2026-10-08T16:41:28+0500
kelvinch	69106	ASSIGNED	A4_Crypto_C	2026-10-08T16:41:28+0500
kelvinch	69107	ASSIGNED	A5_s21_memory_C	2026-10-08T16:41:28+0500
kelvinch	69108	ASSIGNED	A6_Transactions_C	2026-10-08T16:41:28+0500
kelvinch	69109	ASSIGNED	A7_DNA_Analyzer_C	2026-10-08T16:41:28+0500
kelvinch	69110	ASSIGNED	A8_Algorithmic_trading_C	2026-10-08T16:41:28+0500
kelvinch	69113	ASSIGNED	A1_Maze_CPP	2026-10-08T16:41:28+0500
kelvinch	69114	ASSIGNED	A1_Maze_Py	2026-10-08T16:41:28+0500
kelvinch	69115	ASSIGNED	A1_Maze_Go	2026-10-08T16:41:28+0500
kelvinch	69116	ASSIGNED	A1_Maze_Jv	2026-10-08T16:41:28+0500
kelvinch	69117	ASSIGNED	A1_Maze_JS	2026-10-08T16:41:28+0500
kelvinch	69118	ASSIGNED	A1_Maze_C#	2026-10-08T16:41:28+0500
kelvinch	69119	ASSIGNED	A1_Maze_Kt	2026-10-08T16:41:28+0500
kelvinch	69120	ASSIGNED	A1_Maze_Sw	2026-10-08T16:41:28+0500
kelvinch	69121	ASSIGNED	A2_SimpleNavigator_v1.0_CPP	2026-10-08T16:41:28+0500
kelvinch	69122	ASSIGNED	A2_SimpleNavigator_v1.0_Py	2026-10-08T16:41:28+0500
kelvinch	69123	ASSIGNED	A2_SimpleNavigator_v1.0_Go	2026-10-08T16:41:28+0500
kelvinch	69124	ASSIGNED	A2_SimpleNavigator_v1.0_Jv	2026-10-08T16:41:28+0500
kelvinch	69125	ASSIGNED	A2_SimpleNavigator_v1.0_JS	2026-10-08T16:41:28+0500
kelvinch	69126	ASSIGNED	A2_SimpleNavigator_v1.0_C#	2026-10-08T16:41:28+0500
kelvinch	69127	ASSIGNED	A2_SimpleNavigator_v1.0_Kt	2026-10-08T16:41:28+0500
kelvinch	69128	ASSIGNED	A2_SimpleNavigator_v1.0_Sw	2026-10-08T16:41:28+0500
kelvinch	69140	ASSIGNED	IOS1_UIKit	2026-10-08T16:41:28+0500
kelvinch	69188	ASSIGNED	APJ_Ex-t	2026-10-08T16:41:28+0500
kelvinch	69205	ASSIGNED	AND1_Activity	2026-10-08T16:41:28+0500
kelvinch	69277	ASSIGNED	APG_Ex-t	2026-10-08T16:41:28+0500
kelvinch	69278	ASSIGNED	APCS_Ex-t	2026-10-08T16:41:28+0500
kelvinch	69279	ASSIGNED	APP_Ex-t	2026-10-08T16:41:28+0500
kelvinch	69280	ASSIGNED	APJS_Ex-t	2026-10-08T16:41:28+0500
kelvinch	69281	ASSIGNED	APS_Ex-t	2026-10-08T16:41:28+0500
kelvinch	69282	ASSIGNED	APK_Ex-t	2026-10-08T16:41:28+0500
kelvinch	69337	ASSIGNED	PjM1_ProjPM	2026-10-08T16:41:28+0500
kelvinch	69372	ASSIGNED	PjM2_LifeCycle	2026-10-08T16:41:28+0500
kelvinch	69373	ASSIGNED	PjM3_BasicM	2026-10-08T16:41:28+0500
kelvinch	69463	ASSIGNED	AND2_Async operations	2026-10-08T16:41:28+0500
kelvinch	69464	ASSIGNED	AND3_Custom View	2026-10-08T16:41:28+0500
kelvinch	69465	ASSIGNED	AND4_Notification	2026-10-08T16:41:28+0500
kelvinch	69466	ASSIGNED	AND5_OpenGL	2026-10-08T16:41:28+0500
kelvinch	69467	ASSIGNED	AND6_Test	2026-10-08T16:41:28+0500
kelvinch	69468	ASSIGNED	AND7_Gradle	2026-10-08T16:41:28+0500
kelvinch	69469	ASSIGNED	AND8_Compose	2026-10-08T16:41:28+0500
kelvinch	69478	ASSIGNED	IOS2_SwiftUI	2026-10-08T16:41:28+0500
kelvinch	69534	ASSIGNED	IOS5_Maps	2026-10-08T16:41:28+0500
kelvinch	69535	ASSIGNED	IOS6_Additional	2026-10-08T16:41:28+0500
kelvinch	69538	ASSIGNED	IOS3_Network	2026-10-08T16:41:28+0500
kelvinch	69539	ASSIGNED	IOS4_DataStorage	2026-10-08T16:41:28+0500
kelvinch	69540	IN_PROGRESS	BSA00_Decomposition	2026-10-08T16:41:28+0500
kelvinch	69541	ASSIGNED	BSA1_Stakeholders	2026-10-08T16:41:28+0500
kelvinch	69542	ASSIGNED	BSA2_Requirements	2026-10-08T16:41:28+0500
kelvinch	69543	ASSIGNED	BSA3_HowToRequirements	2026-10-08T16:41:28+0500
kelvinch	69544	ASSIGNED	BSA4_Domains	2026-10-08T16:41:28+0500
kelvinch	69545	ASSIGNED	BSA5_Diagrams	2026-10-08T16:41:28+0500
kelvinch	69546	ASSIGNED	BSA6_BPMN	2026-10-08T16:41:28+0500
kelvinch	69547	ASSIGNED	BSA7_UserStory	2026-10-08T16:41:28+0500
kelvinch	69548	ASSIGNED	BSA8_UseCase	2026-10-08T16:41:28+0500
kelvinch	69549	ASSIGNED	BSA9_Objects and Roles	2026-10-08T16:41:28+0500
kelvinch	69550	ASSIGNED	BSA10_FR Design	2026-10-08T16:41:28+0500
kelvinch	69551	ASSIGNED	BSA11_UserInterfaces	2026-10-08T16:41:28+0500
kelvinch	69552	ASSIGNED	BSA12_NFRs	2026-10-08T16:41:28+0500
kelvinch	69553	ASSIGNED	BSA13_ReqMgmt	2026-10-08T16:41:28+0500
kelvinch	69554	ASSIGNED	BSA14_SystemIntegration	2026-10-08T16:41:28+0500
kelvinch	69555	ASSIGNED	BSA15_REST	2026-10-08T16:41:28+0500
kelvinch	69556	ASSIGNED	BSA16_SOAP	2026-10-08T16:41:28+0500
kelvinch	69627	ASSIGNED	CT9_Educational way	2026-10-08T16:41:28+0500
kelvinch	69676	ASSIGNED	IOS7_Test	2026-10-08T16:41:28+0500
kelvinch	70735	ASSIGNED	A3_Parallels_CPP	2026-10-08T16:41:28+0500
kelvinch	70736	ASSIGNED	A3_Parallels_Py	2026-10-08T16:41:28+0500
kelvinch	70737	ASSIGNED	A3_Parallels_Go	2026-10-08T16:41:28+0500
kelvinch	70738	ASSIGNED	A3_Parallels_Jv	2026-10-08T16:41:28+0500
kelvinch	70739	ASSIGNED	A3_Parallels_JS	2026-10-08T16:41:28+0500
kelvinch	70740	ASSIGNED	A3_Parallels_C#	2026-10-08T16:41:28+0500
kelvinch	70741	ASSIGNED	A3_Parallels_Kt	2026-10-08T16:41:28+0500
kelvinch	70742	ASSIGNED	A3_Parallels_Sw	2026-10-08T16:41:28+0500
kelvinch	70756	ASSIGNED	A5_s21_memory_CPP	2026-10-08T16:41:28+0500
kelvinch	70757	ASSIGNED	A4_Crypto_CPP	2026-10-08T16:41:28+0500
kelvinch	70758	ASSIGNED	A4_Crypto_Py	2026-10-08T16:41:28+0500
kelvinch	70759	ASSIGNED	A4_Crypto_Go	2026-10-08T16:41:28+0500
kelvinch	70760	ASSIGNED	A4_Crypto_Jv	2026-10-08T16:41:28+0500
kelvinch	70761	ASSIGNED	A4_Crypto_JS	2026-10-08T16:41:28+0500
kelvinch	70762	ASSIGNED	A4_Crypto_C#	2026-10-08T16:41:28+0500
kelvinch	70763	ASSIGNED	A4_Crypto_Kt	2026-10-08T16:41:28+0500
kelvinch	70764	ASSIGNED	A4_Crypto_Sw	2026-10-08T16:41:28+0500
kelvinch	70767	ASSIGNED	A6_Transactions_CPP	2026-10-08T16:41:28+0500
kelvinch	70768	ASSIGNED	A6_Transactions_Py	2026-10-08T16:41:28+0500
kelvinch	70769	ASSIGNED	A6_Transactions_Go	2026-10-08T16:41:28+0500
kelvinch	70770	ASSIGNED	A6_Transactions_Jv	2026-10-08T16:41:28+0500
kelvinch	70771	ASSIGNED	A6_Transactions_JS	2026-10-08T16:41:28+0500
kelvinch	70772	ASSIGNED	A6_Transactions_C#	2026-10-08T16:41:28+0500
kelvinch	70773	ASSIGNED	A6_Transactions_Kt	2026-10-08T16:41:28+0500
kelvinch	70774	ASSIGNED	A6_Transactions_Sw	2026-10-08T16:41:28+0500
kelvinch	70781	ASSIGNED	A7_DNA_Analyzer_CPP	2026-10-08T16:41:28+0500
kelvinch	70782	ASSIGNED	A7_DNA Analyzer_Py	2026-10-08T16:41:28+0500
kelvinch	70783	ASSIGNED	A7_DNA_Analyzer_Go	2026-10-08T16:41:28+0500
kelvinch	70784	ASSIGNED	A7_DNA Analyzer_Jv	2026-10-08T16:41:28+0500
kelvinch	70785	ASSIGNED	A7_DNA Analyzer_JS	2026-10-08T16:41:28+0500
kelvinch	70786	ASSIGNED	A7_DNA_Analyzer_C#	2026-10-08T16:41:28+0500
kelvinch	70787	ASSIGNED	A7_DNA_Analyzer_Kt	2026-10-08T16:41:28+0500
kelvinch	70788	ASSIGNED	A7_DNA_Analyzer_Sw	2026-10-08T16:41:28+0500
kelvinch	70795	ASSIGNED	A8_Algorithmic_trading_CPP	2026-10-08T16:41:28+0500
kelvinch	70796	ASSIGNED	A8_Algorithmic trading_Py	2026-10-08T16:41:28+0500
kelvinch	70797	ASSIGNED	A8_Algorithmic_trading_Go	2026-10-08T16:41:28+0500
kelvinch	70798	ASSIGNED	A8_Algorithmic trading_Jv	2026-10-08T16:41:28+0500
kelvinch	70799	ASSIGNED	A8_Algorithmic trading_JS	2026-10-08T16:41:28+0500
kelvinch	70800	ASSIGNED	A8_Algorithmic_trading_C#	2026-10-08T16:41:28+0500
kelvinch	70801	ASSIGNED	A8_Algorithmic_trading_Kt	2026-10-08T16:41:28+0500
kelvinch	70802	ASSIGNED	A8_Algorithmic_trading_Sw	2026-10-08T16:41:28+0500
kelvinch	70843	ASSIGNED	AP5_BrickGame_v4.0_Python	2026-10-08T16:41:28+0500
kelvinch	70844	ASSIGNED	AP5_BrickGame_v4.0_C#	2026-10-08T16:41:28+0500
kelvinch	70845	ASSIGNED	AP5_BrickGame_v4.0_Jv	2026-10-08T16:41:28+0500
kelvinch	70846	ASSIGNED	AP5_BrickGame_v4.0_JS	2026-10-08T16:41:28+0500
kelvinch	70847	ASSIGNED	AP5_BrickGame_v4.0_Go	2026-10-08T16:41:28+0500
kelvinch	70848	ASSIGNED	AP5_BrickGame_v4.0_Kt	2026-10-08T16:41:28+0500
kelvinch	70849	ASSIGNED	AP5_BrickGame_v4.0_Sw	2026-10-08T16:41:28+0500
kelvinch	70922	ASSIGNED	PG1_Pangolin	2026-10-08T16:41:28+0500
kelvinch	71028	FAILED	CbS1_Networking_basics_Part 1	2026-10-08T16:41:28+0500
kelvinch	71029	ASSIGNED	CbS2_Networking_basics_Part 2	2026-10-08T16:41:28+0500
kelvinch	71030	ASSIGNED	CbS3_Networking_basics_Part 3	2026-10-08T16:41:28+0500
kelvinch	71031	ASSIGNED	CbS4_Networking_basics_Part 4	2026-10-08T16:41:28+0500
kelvinch	71032	ASSIGNED	CbS5_Linux_basics	2026-10-08T16:41:28+0500
kelvinch	71033	ASSIGNED	CbS6_Windows_basics	2026-10-08T16:41:28+0500
kelvinch	71034	ASSIGNED	CbS8_Crypto_symmetric	2026-10-08T16:41:28+0500
kelvinch	71035	ASSIGNED	CbS7_Crypto_intro	2026-10-08T16:41:28+0500
kelvinch	71036	ASSIGNED	CbS9_Crypto_asymmetric	2026-10-08T16:41:28+0500
kelvinch	71037	ASSIGNED	CbS10_Data_channel_protection	2026-10-08T16:41:28+0500
kelvinch	71039	ASSIGNED	CbS12_Network_attacks	2026-10-08T16:41:28+0500
kelvinch	71040	ASSIGNED	CbS13_Threat_detection_principles	2026-10-08T16:41:28+0500
kelvinch	71041	ASSIGNED	CbS14_Designing_secure_networks	2026-10-08T16:41:28+0500
kelvinch	71042	ASSIGNED	CbS15_IS_legislation	2026-10-08T16:41:28+0500
kelvinch	71043	ASSIGNED	CbS16_Project_lifecycle	2026-10-08T16:41:28+0500
kelvinch	71044	ASSIGNED	CbS17_Physical_security	2026-10-08T16:41:28+0500
kelvinch	71045	ASSIGNED	CbS18_Social_engineering	2026-10-08T16:41:28+0500
kelvinch	71963	ACCEPTED	QA1_Foundation	2026-10-08T16:41:28+0500
kelvinch	71971	ASSIGNED	QA2_Test artifacts	2026-10-08T16:41:28+0500
kelvinch	72004	ASSIGNED	AP4_Info21 v2.0 Web_Python 	2026-10-08T16:41:28+0500
kelvinch	72005	ASSIGNED	AP4_Info21 v2.0 Web_Jv	2026-10-08T16:41:28+0500
kelvinch	72006	ASSIGNED	AP4_Info21 v2.0 Web_JS	2026-10-08T16:41:28+0500
kelvinch	72007	ASSIGNED	AP4_Info21 v2.0 Web_Go	2026-10-08T16:41:28+0500
kelvinch	72008	ASSIGNED	AP4_Info21 v2.0 Web_C#	2026-10-08T16:41:28+0500
kelvinch	72009	ASSIGNED	AP4_Info21 v2.0 Web_Kt	2026-10-08T16:41:28+0500
kelvinch	72010	ASSIGNED	AP4_Info21 v2.0 Web_Sw	2026-10-08T16:41:28+0500
kelvinch	72011	ASSIGNED	AP6_RetailAnalitycs v2.0 Web_Jv	2026-10-08T16:41:28+0500
kelvinch	72012	ASSIGNED	AP6_RetailAnalitycs v2.0 Web_Python	2026-10-08T16:41:28+0500
kelvinch	72013	ASSIGNED	AP6_RetailAnalitycs v2.0 Web_JS	2026-10-08T16:41:28+0500
kelvinch	72015	ASSIGNED	AP6_RetailAnalitycs v2.0 Web_Go	2026-10-08T16:41:28+0500
kelvinch	72016	ASSIGNED	AP6_RetailAnalitycs v2.0 Web_C#	2026-10-08T16:41:28+0500
kelvinch	72026	ASSIGNED	AP6_RetailAnalitycs v2.0 Web_Kt	2026-10-08T16:41:28+0500
kelvinch	72027	ASSIGNED	AP6_RetailAnalitycs v2.0 Web_Sw	2026-10-08T16:41:28+0500
kelvinch	72160	ASSIGNED	AP3_SpecialtyCoffee_Python	2026-10-08T16:41:28+0500
kelvinch	72161	ASSIGNED	AP3_SpecialtyCoffee_Jv	2026-10-08T16:41:28+0500
kelvinch	72164	ASSIGNED	AP3_SpecialtyCoffee_JS	2026-10-08T16:41:28+0500
kelvinch	72165	ASSIGNED	AP3_SpecialtyCoffee_Go	2026-10-08T16:41:28+0500
kelvinch	72166	ASSIGNED	AP3_SpecialtyCoffee_C#	2026-10-08T16:41:28+0500
kelvinch	72167	ASSIGNED	AP3_SpecialtyCoffee_Kt	2026-10-08T16:41:28+0500
kelvinch	72168	ASSIGNED	AP3_SpecialtyCoffee_Sw	2026-10-08T16:41:28+0500
kelvinch	72454	ASSIGNED	BSA_Ex	2026-10-08T16:41:28+0500
kelvinch	72687	ASSIGNED	AQA1_Basics	2026-10-08T16:41:28+0500
kelvinch	72791	ASSIGNED	CbS11_Enterprise_IT_landscape	2026-10-08T16:41:28+0500
kelvinch	72880	ASSIGNED	QA3_Test design and test analysis	2026-10-08T16:41:28+0500
kelvinch	72911	ASSIGNED	CT_Part3	2026-10-08T16:41:28+0500
kelvinch	72919	ASSIGNED	AQA2_API testing	2026-10-08T16:41:28+0500
kelvinch	72920	ASSIGNED	AQA3_UI Web testing	2026-10-08T16:41:28+0500
kelvinch	72935	ASSIGNED	QA4_Types and levels of testing	2026-10-08T16:41:28+0500
kelvinch	72939	ASSIGNED	QA5_Defects	2026-10-08T16:41:28+0500
kelvinch	72944	ASSIGNED	QA6_Web testing	2026-10-08T16:41:28+0500
kelvinch	72946	ASSIGNED	QA7_Backend testing	2026-10-08T16:41:28+0500
kelvinch	72957	ASSIGNED	QA8_Mobile testing	2026-10-08T16:41:28+0500
kelvinch	72958	ASSIGNED	QA9_Basics of Web Security	2026-10-08T16:41:28+0500
kelvinch	72998	ASSIGNED	AQA4_Mobile testing	2026-10-08T16:41:28+0500
kelvinch	73030	ACCEPTED	CT1_Self-determination	2026-10-08T16:41:28+0500
kelvinch	73031	ACCEPTED	CT2_Dream job	2026-10-08T16:41:28+0500
kelvinch	73032	ASSIGNED	CT3_CV Resume	2026-10-08T16:41:28+0500
kelvinch	73033	ASSIGNED	CT4_Interview	2026-10-08T16:41:28+0500
kelvinch	73034	ASSIGNED	CT5_Teamwork	2026-10-08T16:41:28+0500
kelvinch	73035	ASSIGNED	CT6_Corporate culture	2026-10-08T16:41:28+0500
kelvinch	73036	ASSIGNED	CT7_Corporate Communication	2026-10-08T16:41:28+0500
kelvinch	73037	ASSIGNED	CT8_Career planning	2026-10-08T16:41:28+0500
kelvinch	73202	ACCEPTED	SberJv1_Team Git workflow	2026-10-08T16:41:28+0500
kelvinch	73204	IN_REVIEWS	SberJv2_Setup	2026-10-08T16:41:28+0500
kelvinch	73205	ASSIGNED	QA_Ex	2026-10-08T16:41:28+0500
kelvinch	73206	ACCEPTED	SberJv3_Clean code	2026-10-08T16:41:28+0500
kelvinch	73207	ASSIGNED	SberJv5_Observability	2026-10-08T16:41:28+0500
kelvinch	73209	ASSIGNED	SberJv6_DB Performance	2026-10-08T16:41:28+0500
kelvinch	73210	ASSIGNED	BInf1_PlasmidQC	2026-10-08T16:41:28+0500
kelvinch	73212	ASSIGNED	BInf2_HBBScan	2026-10-08T16:41:28+0500
kelvinch	73216	ASSIGNED	BInf3_GenomeMatch	2026-10-08T16:41:28+0500
kelvinch	73226	ASSIGNED	BInf4_FLM splice	2026-10-08T16:41:28+0500
kelvinch	73227	ASSIGNED	BInf5_Soma align	2026-10-08T16:41:28+0500
kelvinch	73228	ASSIGNED	BInf6_BlaNDM1 resist	2026-10-08T16:41:28+0500
kelvinch	73229	ASSIGNED	BInf7_RbcL evolution	2026-10-08T16:41:28+0500
kelvinch	73230	ASSIGNED	BInf8_SNP SUC2 Osm	2026-10-08T16:41:28+0500
kelvinch	73232	ASSIGNED	BInf10_Plasmid Resist	2026-10-08T16:41:28+0500
kelvinch	73235	ASSIGNED	BInf13_EcoliPhylo	2026-10-08T16:41:28+0500
kelvinch	73243	ASSIGNED	UX/UI2_UX Design 	2026-10-08T16:41:28+0500
kelvinch	73244	ASSIGNED	UX/UI3_UI Design 	2026-10-08T16:41:28+0500
kelvinch	73245	ASSIGNED	UX/UI4_Design&UI kit	2026-10-08T16:41:28+0500
kelvinch	73246	ASSIGNED	UX/UI5_Prototyp&test	2026-10-08T16:41:28+0500
kelvinch	73247	ASSIGNED	UX/UI6_Website builder	2026-10-08T16:41:28+0500
kelvinch	73254	ASSIGNED	UX/UI10_Mobile application	2026-10-08T16:41:28+0500
kelvinch	73260	ASSIGNED	AI1_Agent 	2026-10-08T16:41:28+0500
kelvinch	73277	ASSIGNED	PjM5_ReqGather	2026-10-08T16:41:28+0500
kelvinch	73278	ASSIGNED	PjM4_PjMTools	2026-10-08T16:41:28+0500
kelvinch	73279	ASSIGNED	SberJv4_Reliability	2026-10-08T16:41:28+0500
kelvinch	73282	ASSIGNED	PjM8_RisksMng	2026-10-08T16:41:28+0500
kelvinch	73283	ASSIGNED	PjM9_PlanStr	2026-10-08T16:41:28+0500
kelvinch	73284	ASSIGNED	PjM10_EffPlan	2026-10-08T16:41:28+0500
kelvinch	73285	ASSIGNED	PjM11_Backlog	2026-10-08T16:41:28+0500
kelvinch	73286	ASSIGNED	PjM12_Budget	2026-10-08T16:41:28+0500
kelvinch	73287	ASSIGNED	PjM13_BusCorr	2026-10-08T16:41:28+0500
kelvinch	73290	ASSIGNED	PjM16_TeamCom	2026-10-08T16:41:28+0500
kelvinch	73292	ASSIGNED	PjM18_Analytic	2026-10-08T16:41:28+0500
kelvinch	73293	ASSIGNED	PjM19_ProtDsgn	2026-10-08T16:41:28+0500
kelvinch	73294	ASSIGNED	PjM20_FrontBack	2026-10-08T16:41:28+0500
kelvinch	73295	ASSIGNED	PjM21_ITInfStruct	2026-10-08T16:41:28+0500
kelvinch	73297	ASSIGNED	UX/UI1_Intro	2026-10-08T16:41:28+0500
kelvinch	73298	ASSIGNED	PjM_Ex	2026-10-08T16:41:28+0500
kelvinch	73300	ASSIGNED	DSB1_UNIX_Command_Line_Tools_DELETE	2026-10-08T16:41:28+0500
kelvinch	73301	ASSIGNED	DSB2_Syntax&Semantics	2026-10-08T16:41:28+0500
kelvinch	73302	ASSIGNED	DSB3_OOP skills	2026-10-08T16:41:28+0500
kelvinch	73303	ASSIGNED	DSB4_Package management	2026-10-08T16:41:28+0500
kelvinch	73304	ASSIGNED	DSB5_Efficient code practices	2026-10-08T16:41:28+0500
kelvinch	73305	ASSIGNED	DSB6_MovieLens Analytics	2026-10-08T16:41:28+0500
kelvinch	73306	ASSIGNED	DSB7_Pandas	2026-10-08T16:41:28+0500
kelvinch	73307	ASSIGNED	DSB8_SQL&Pandas	2026-10-08T16:41:28+0500
kelvinch	73308	ASSIGNED	DSB9_Pandas_SQL& Data Visual	2026-10-08T16:41:28+0500
kelvinch	73309	ASSIGNED	DSB10_Intro to ML	2026-10-08T16:41:28+0500
kelvinch	73310	ASSIGNED	DSB11_ML: Advanced	2026-10-08T16:41:28+0500
kelvinch	73311	ASSIGNED	DSB12_Food&nutrition	2026-10-08T16:41:28+0500
kelvinch	73366	ASSIGNED	UX/UI7_Transferring layouts	2026-10-08T16:41:28+0500
kelvinch	73367	ASSIGNED	UX/UI8_Team processes	2026-10-08T16:41:28+0500
kelvinch	73368	ASSIGNED	UX/UI9_Formation of requirements	2026-10-08T16:41:28+0500
kelvinch	73375	ASSIGNED	UX/UI11_Interface creation	2026-10-08T16:41:28+0500
kelvinch	73376	ASSIGNED	UX/UI12_Portfolio	2026-10-08T16:41:28+0500
kelvinch	73381	ASSIGNED	PjM6_ProAnalysis	2026-10-08T16:41:28+0500
kelvinch	73382	ASSIGNED	PjM7_UserStory	2026-10-08T16:41:28+0500
kelvinch	73396	ASSIGNED	BInf9_HY5 StemMut	2026-10-08T16:41:28+0500
kelvinch	73398	ASSIGNED	BInf11_SNP screen	2026-10-08T16:41:28+0500
kelvinch	73399	ASSIGNED	BInf12_Diagnostic pipeline	2026-10-08T16:41:28+0500
kelvinch	73400	ASSIGNED	BInf14_BRCA1 evolution	2026-10-08T16:41:28+0500
kelvinch	73401	ASSIGNED	BInf15_ESBL Resistome	2026-10-08T16:41:28+0500
kelvinch	73402	ASSIGNED	BInf16_CFTR genotyping	2026-10-08T16:41:28+0500
kelvinch	73430	ASSIGNED	PjM22_CompPro	2026-10-08T16:41:28+0500
kelvinch	73446	ASSIGNED	UX/UI_Ex	2026-10-08T16:41:28+0500
kelvinch	73461	ASSIGNED	PjM14_EffNeg	2026-10-08T16:41:28+0500
kelvinch	73462	ASSIGNED	PjM15_PubApp	2026-10-08T16:41:28+0500
kelvinch	73463	ASSIGNED	PM1_PMStarterPack	2026-10-08T16:41:28+0500
kelvinch	73465	ASSIGNED	PM2_MetricsDriven	2026-10-08T16:41:28+0500
kelvinch	73466	ASSIGNED	PM3_UnitEconomics	2026-10-08T16:41:28+0500
kelvinch	73467	ASSIGNED	PM4_ResearchCycle	2026-10-08T16:41:28+0500
kelvinch	73468	ASSIGNED	PM5_DesignDriven	2026-10-08T16:41:28+0500
kelvinch	73473	ASSIGNED	PM6_UserRetention	2026-10-08T16:41:28+0500
kelvinch	73474	ASSIGNED	PM7_DiscoveryCycles	2026-10-08T16:41:28+0500
kelvinch	73475	ASSIGNED	PM8_DevToProd	2026-10-08T16:41:28+0500
kelvinch	73476	ASSIGNED	PM9_TrafficToSale	2026-10-08T16:41:28+0500
kelvinch	73477	ASSIGNED	PM10_SoloShip	2026-10-08T16:41:28+0500
kelvinch	73478	ASSIGNED	PjM17_TeamMng	2026-10-08T16:41:28+0500
kelvinch	73494	ASSIGNED	Core_Strategy	2026-10-08T16:41:28+0500
kelvinch	73542	ASSIGNED	PM_Ex	2026-10-08T16:41:28+0500
kelvinch	73604	ASSIGNED	AIE1_Request Router	2026-10-08T16:41:28+0500
kelvinch	73605	ASSIGNED	AIE2_JSON Logs Parser	2026-10-08T16:41:28+0500
kelvinch	73606	ASSIGNED	AIE3_Mock API Client	2026-10-08T16:41:28+0500
kelvinch	73607	ASSIGNED	AIE4_Docs Preprocessing	2026-10-08T16:41:28+0500
kelvinch	73608	ASSIGNED	AIE5_Rule FAQ Bot	2026-10-08T16:41:28+0500
kelvinch	73609	ASSIGNED	AIE6_Legacy Code Refactor	2026-10-08T16:41:28+0500
kelvinch	73610	ASSIGNED	AIE7_Embedding Cache Service	2026-10-08T16:41:28+0500
kelvinch	73611	ASSIGNED	AIE8_Vector Metadata Store	2026-10-08T16:41:28+0500
kelvinch	73613	ASSIGNED	AIE10_LLM Gateway Cache	2026-10-08T16:41:28+0500
kelvinch	73614	ASSIGNED	AIE11_Contract Alignment	2026-10-08T16:41:28+0500
kelvinch	73615	ASSIGNED	AIE12_First Call Logging	2026-10-08T16:41:28+0500
kelvinch	73616	ASSIGNED	AIE13_Prompt Strategies Compare	2026-10-08T16:41:28+0500
kelvinch	73617	ASSIGNED	AIE14_BOT_Hallucination Control Bot	2026-10-08T16:41:28+0500
kelvinch	73618	ASSIGNED	AIE15_Chunking Strategies	2026-10-08T16:41:28+0500
kelvinch	73619	ASSIGNED	AIE16_Chroma Hybrid Search	2026-10-08T16:41:28+0500
kelvinch	73621	ASSIGNED	AIE18_Incremental Index Update	2026-10-08T16:41:28+0500
kelvinch	73622	ASSIGNED	AIE19_Product Analytics Suite	2026-10-08T16:41:28+0500
kelvinch	73623	ASSIGNED	AIE20_Requirements Analysis	2026-10-08T16:41:28+0500
kelvinch	73624	ASSIGNED	AIE21_Prompt Defence Red	2026-10-08T16:41:28+0500
kelvinch	73625	ASSIGNED	AIE22_Enterprise Integration Map	2026-10-08T16:41:28+0500
kelvinch	73626	ASSIGNED	AIE23_Tool Agent RAG	2026-10-08T16:41:28+0500
kelvinch	73628	ASSIGNED	AIE25_Agents Subagents	2026-10-08T16:41:28+0500
kelvinch	73629	ASSIGNED	AIE26_Production AI Assistant	2026-10-08T16:41:28+0500
kelvinch	73632	ASSIGNED	AIE9_Async Text Classifier	2026-10-08T16:41:28+0500
kelvinch	73633	ASSIGNED	AIE17_Full RAG Citations	2026-10-08T16:41:28+0500
kelvinch	73634	ASSIGNED	AIE24_Server n8n Workflow	2026-10-08T16:41:28+0500
kelvinch	73636	ASSIGNED	TP1_SegmentScan	2026-10-08T16:41:28+0500
kelvinch	73637	ASSIGNED	TP2_InsightScope	2026-10-08T16:41:28+0500
kelvinch	73638	ASSIGNED	TP3_ProductConcept	2026-10-08T16:41:28+0500
kelvinch	73639	ASSIGNED	TP4_ModelFit	2026-10-08T16:41:28+0500
kelvinch	73640	ASSIGNED	TP5_Unitecon	2026-10-08T16:41:28+0500
kelvinch	73641	ASSIGNED	TP6_MVPScope	2026-10-08T16:41:28+0500
kelvinch	73642	ASSIGNED	TP7_MVPBuild	2026-10-08T16:41:28+0500
kelvinch	73643	ASSIGNED	TP8_MVPDeploy	2026-10-08T16:41:28+0500
kelvinch	73644	ASSIGNED	TP9_GoToMarket	2026-10-08T16:41:28+0500
kelvinch	73645	ASSIGNED	TP10_SupportFlow	2026-10-08T16:41:28+0500
kelvinch	73646	ASSIGNED	TP11_DataLegal	2026-10-08T16:41:28+0500
kelvinch	73647	ASSIGNED	TP12_Strategy	2026-10-08T16:41:28+0500
kelvinch	73648	ASSIGNED	TP13_PitchReady	2026-10-08T16:41:28+0500
noahreyn	21389	ASSIGNED	APP1 Bootcamp. Day00	2026-10-08T16:41:30+0500
noahreyn	21390	ASSIGNED	APP1 Bootcamp. Day01	2026-10-08T16:41:30+0500
noahreyn	21412	ASSIGNED	APP1 Bootcamp. Day03	2026-10-08T16:41:30+0500
noahreyn	21413	ASSIGNED	APP1 Bootcamp. Day02	2026-10-08T16:41:30+0500
noahreyn	21414	ASSIGNED	APP1 Bootcamp. Day04	2026-10-08T16:41:30+0500
noahreyn	21415	ASSIGNED	APP1 Bootcamp. Team00	2026-10-08T16:41:30+0500
noahreyn	21416	ASSIGNED	APP1 Bootcamp. Day05	2026-10-08T16:41:30+0500
noahreyn	21417	ASSIGNED	APP1 Bootcamp. Day06	2026-10-08T16:41:30+0500
noahreyn	21418	ASSIGNED	APP1 Bootcamp. Day07	2026-10-08T16:41:30+0500
noahreyn	21419	ASSIGNED	APP1 Bootcamp. Day08	2026-10-08T16:41:30+0500
noahreyn	21420	ASSIGNED	APP1 Bootcamp. Team01	2026-10-08T16:41:30+0500
noahreyn	26477	ACCEPTED	C3_s21_stringplus	2026-10-08T16:41:30+0500
noahreyn	26478	ACCEPTED	C2_SimpleBashUtils	2026-10-08T16:41:30+0500
noahreyn	26480	ASSIGNED	C4_s21_math	2026-10-08T16:41:30+0500
noahreyn	26481	ACCEPTED	C5_s21_decimal	2026-10-08T16:41:30+0500
noahreyn	26482	ACCEPTED	C6_s21_matrix	2026-10-08T16:41:30+0500
noahreyn	26483	ASSIGNED	SmartCalc_v1.0	2026-10-08T16:41:30+0500
noahreyn	26484	ASSIGNED	C8_3DViewer_v1.0	2026-10-08T16:41:30+0500
noahreyn	26485	ACCEPTED	CPP1_s21_matrix+	2026-10-08T16:41:30+0500
noahreyn	26486	REGISTERED	CPP2_s21_containers	2026-10-08T16:41:30+0500
noahreyn	26487	ASSIGNED	CPP3_SmartCalc_v2.0	2026-10-08T16:41:30+0500
noahreyn	26488	ASSIGNED	CPP4_3DViewer_v2.0	2026-10-08T16:41:30+0500
noahreyn	26489	ASSIGNED	CPP5_3DViewer_v2.1	2026-10-08T16:41:30+0500
noahreyn	26490	ASSIGNED	CPP6_3DViewer_v2.2	2026-10-08T16:41:30+0500
noahreyn	26491	ASSIGNED	CPP7_MLP	2026-10-08T16:41:30+0500
noahreyn	26492	ASSIGNED	CPP8_PhotoLab_v1.0	2026-10-08T16:41:30+0500
noahreyn	26493	ASSIGNED	CPP9_Monitoring System	2026-10-08T16:41:30+0500
noahreyn	26557	ACCEPTED	DO1_Linux	2026-10-08T16:41:30+0500
noahreyn	26558	ACCEPTED	DO2_Linux Network	2026-10-08T16:41:30+0500
noahreyn	26559	ASSIGNED	RetailAnalytics_v2.0_Web_Go	2026-10-08T16:41:30+0500
noahreyn	26560	ASSIGNED	SmartCalc_v4.0_Web_Go	2026-10-08T16:41:30+0500
noahreyn	26561	ASSIGNED	DO3_LinuxMonitoring v1.0	2026-10-08T16:41:30+0500
noahreyn	26562	ASSIGNED	Info21_v2.0_Web_Go	2026-10-08T16:41:30+0500
noahreyn	26563	ASSIGNED	DO4_LinuxMonitoring v2.0	2026-10-08T16:41:30+0500
noahreyn	26564	ASSIGNED	SimpleWebStudio_v1.0_Go	2026-10-08T16:41:30+0500
noahreyn	26565	ACCEPTED	DO5_SimpleDocker	2026-10-08T16:41:30+0500
noahreyn	26566	ACCEPTED	DO6_CICD	2026-10-08T16:41:30+0500
noahreyn	26567	ASSIGNED	SmartCalc_v3.0 Desktop (Go)	2026-10-08T16:41:30+0500
noahreyn	26568	ASSIGNED	Maze	2026-10-08T16:41:30+0500
noahreyn	26569	ASSIGNED	SimpleNavigator v1.0	2026-10-08T16:41:30+0500
noahreyn	26570	ASSIGNED	RetailAnalytics_v2.0_Web_Python	2026-10-08T16:41:30+0500
noahreyn	26571	ASSIGNED	Parallels	2026-10-08T16:41:30+0500
noahreyn	26572	ASSIGNED	Crypto	2026-10-08T16:41:30+0500
noahreyn	26573	ASSIGNED	SmartCalc_v4.0_Web_Python	2026-10-08T16:41:30+0500
noahreyn	26574	ASSIGNED	s21_memory	2026-10-08T16:41:30+0500
noahreyn	26575	ASSIGNED	Info21_v2.0_Web_Python	2026-10-08T16:41:30+0500
noahreyn	26577	ASSIGNED	DNA Analyzer	2026-10-08T16:41:30+0500
noahreyn	26578	ASSIGNED	Algorithmic trading	2026-10-08T16:41:30+0500
noahreyn	26579	ASSIGNED	SimpleWebStudio_v1.0_Python	2026-10-08T16:41:30+0500
noahreyn	26581	ASSIGNED	SmartCalc_v3.0 Desktop (Python)	2026-10-08T16:41:30+0500
noahreyn	26583	ASSIGNED	SQL2_Info21_v1.0	2026-10-08T16:41:30+0500
noahreyn	26584	ASSIGNED	RetailAnalytics_v2.0_Web_Java	2026-10-08T16:41:30+0500
noahreyn	26585	ASSIGNED	SQL3_RetailAnalitycs v1.0	2026-10-08T16:41:30+0500
noahreyn	26586	ASSIGNED	SmartCalc_v4.0_Web_Java	2026-10-08T16:41:30+0500
noahreyn	26589	ASSIGNED	Info21_v2.0_Web_Java	2026-10-08T16:41:30+0500
noahreyn	26590	ASSIGNED	SmartCalc v3.0 Desktop (C#)	2026-10-08T16:41:30+0500
noahreyn	26592	ASSIGNED	SimpleWebStudio v1.0 C#	2026-10-08T16:41:30+0500
noahreyn	26593	ASSIGNED	Info21_v2.0_Web_C#	2026-10-08T16:41:30+0500
noahreyn	26594	ASSIGNED	SmartCalc v4.0 Web C#	2026-10-08T16:41:30+0500
noahreyn	26595	ASSIGNED	SmartCalc_v3.0 Desktop (Java)	2026-10-08T16:41:30+0500
noahreyn	26596	ASSIGNED	RetailAnalytics_v2.0_Web_C#	2026-10-08T16:41:30+0500
noahreyn	27289	ASSIGNED	DS Healthcare. Project 01 	2026-10-08T16:41:30+0500
noahreyn	27290	ASSIGNED	DS Healthcare. Project 02	2026-10-08T16:41:30+0500
noahreyn	27292	ASSIGNED	DS Healthcare. Project 03	2026-10-08T16:41:30+0500
noahreyn	27295	ASSIGNED	DS Healthcare. Project 04	2026-10-08T16:41:30+0500
noahreyn	27298	ASSIGNED	DS Healthcare. Project 05	2026-10-08T16:41:30+0500
noahreyn	27299	ASSIGNED	DS Healthcare. Project 06	2026-10-08T16:41:30+0500
noahreyn	27364	ASSIGNED	Transactions	2026-10-08T16:41:30+0500
noahreyn	27373	ASSIGNED	SimpleWebStudio_v1.0_Java	2026-10-08T16:41:30+0500
noahreyn	27711	ASSIGNED	APC1 Bootcamp. Day00	2026-10-08T16:41:30+0500
noahreyn	27714	ASSIGNED	APC1 Bootcamp. Day01	2026-10-08T16:41:30+0500
noahreyn	27715	ASSIGNED	APC1 Bootcamp. Day02	2026-10-08T16:41:30+0500
noahreyn	27716	ASSIGNED	APC1 Bootcamp. Day03	2026-10-08T16:41:30+0500
noahreyn	27717	ASSIGNED	APC1 Bootcamp. Day04	2026-10-08T16:41:30+0500
noahreyn	27718	ASSIGNED	APC1 Bootcamp. Day05	2026-10-08T16:41:30+0500
noahreyn	27719	ASSIGNED	APC1 Bootcamp. Day06	2026-10-08T16:41:30+0500
noahreyn	27720	ASSIGNED	APC1 Bootcamp. Day07	2026-10-08T16:41:30+0500
noahreyn	27721	ASSIGNED	APC1 Bootcamp. Day08	2026-10-08T16:41:30+0500
noahreyn	27723	ASSIGNED	APC1 Bootcamp. Team01	2026-10-08T16:41:30+0500
noahreyn	28037	ASSIGNED	APG1 Bootcamp. Day00	2026-10-08T16:41:30+0500
noahreyn	28038	ASSIGNED	APG1 Bootcamp.  Day01	2026-10-08T16:41:30+0500
noahreyn	28039	ASSIGNED	APG1 Bootcamp. Day02	2026-10-08T16:41:30+0500
noahreyn	28040	ASSIGNED	APG1 Bootcamp. Day03	2026-10-08T16:41:30+0500
noahreyn	28041	ASSIGNED	APG1 Bootcamp. Day04	2026-10-08T16:41:30+0500
noahreyn	28042	ASSIGNED	APG1 Bootcamp.  Day05	2026-10-08T16:41:30+0500
noahreyn	28043	ASSIGNED	APG1 Bootcamp.  Day06	2026-10-08T16:41:30+0500
noahreyn	28044	ASSIGNED	APG1 Bootcamp. Day07	2026-10-08T16:41:30+0500
noahreyn	28045	ASSIGNED	APG1 Bootcamp. Day08	2026-10-08T16:41:30+0500
noahreyn	28046	ASSIGNED	APG1 Bootcamp. Day09	2026-10-08T16:41:30+0500
noahreyn	28047	ASSIGNED	APG1 Bootcamp. Team00	2026-10-08T16:41:30+0500
noahreyn	28048	ASSIGNED	APG1 Bootcamp. Team01	2026-10-08T16:41:30+0500
noahreyn	28350	ASSIGNED	APC1 Bootcamp. Team00	2026-10-08T16:41:30+0500
noahreyn	40313	ASSIGNED	ROSB1_Intro	2026-10-08T16:41:30+0500
noahreyn	40648	ASSIGNED	ROSB2_Advanced node	2026-10-08T16:41:30+0500
noahreyn	40649	ASSIGNED	ROSB3_TF library 	2026-10-08T16:41:30+0500
noahreyn	40650	ASSIGNED	ROSB4_Robot simulation	2026-10-08T16:41:30+0500
noahreyn	40651	ASSIGNED	ROSB5_Robot sensor 	2026-10-08T16:41:30+0500
noahreyn	40652	ASSIGNED	ROSB7_Robot mapping	2026-10-08T16:41:30+0500
noahreyn	40653	ASSIGNED	ROSB8_Robot navigation	2026-10-08T16:41:30+0500
noahreyn	40655	ASSIGNED	ROSB9_MoveIt arm control	2026-10-08T16:41:30+0500
noahreyn	40656	ASSIGNED	ROSB10_Computer vision 	2026-10-08T16:41:30+0500
noahreyn	40657	ASSIGNED	ROSB11_Robot behaviors 	2026-10-08T16:41:30+0500
noahreyn	40658	ASSIGNED	ROSB6_Robot programming	2026-10-08T16:41:30+0500
noahreyn	40659	ASSIGNED	ROSB12_Robotics Pro	2026-10-08T16:41:30+0500
noahreyn	40886	ASSIGNED	APP1 Bootcamp. Day09	2026-10-08T16:41:30+0500
noahreyn	40910	ACCEPTED	SQLB2_Retrieving data	2026-10-08T16:41:30+0500
noahreyn	40911	ACCEPTED	SQLB3_Retrieving data deep dive	2026-10-08T16:41:30+0500
noahreyn	40912	ACCEPTED	SQLB4_DML	2026-10-08T16:41:30+0500
noahreyn	40913	ACCEPTED	SQLB5_Snapshots	2026-10-08T16:41:30+0500
noahreyn	40914	ACCEPTED	SQLB7_Database index 	2026-10-08T16:41:30+0500
noahreyn	40915	ACCEPTED	SQLB8_Integrating features	2026-10-08T16:41:30+0500
noahreyn	40916	ACCEPTED	SQLB9_OLAP	2026-10-08T16:41:30+0500
noahreyn	40918	ACCEPTED	SQLB10_Isolation levels	2026-10-08T16:41:30+0500
noahreyn	40919	ACCEPTED	SQLB11_Functions and procs	2026-10-08T16:41:30+0500
noahreyn	40922	ACCEPTED	SQLB12_Warehouse fundamentals	2026-10-08T16:41:30+0500
noahreyn	40964	ACCEPTED	SQLB1_Basics	2026-10-08T16:41:30+0500
noahreyn	41377	ASSIGNED	DevOps Exam_DELETE	2026-10-08T16:41:30+0500
noahreyn	47708	ACCEPTED	SQLB6_Salesman problem	2026-10-08T16:41:30+0500
noahreyn	51184	ASSIGNED	FE1_Browser extensions	2026-10-08T16:41:30+0500
noahreyn	51185	ASSIGNED	FE2_Angular framework	2026-10-08T16:41:30+0500
noahreyn	51186	ASSIGNED	FE3_Vue framework	2026-10-08T16:41:30+0500
noahreyn	51187	ASSIGNED	FE4_CSS and animations	2026-10-08T16:41:30+0500
noahreyn	51188	ASSIGNED	FE5_Canvas tag 	2026-10-08T16:41:30+0500
noahreyn	51190	ASSIGNED	FE6_WebSocket	2026-10-08T16:41:30+0500
noahreyn	51191	ASSIGNED	FE7_Code quality	2026-10-08T16:41:30+0500
noahreyn	51202	ACCEPTED	CT2_Dream_job	2026-10-08T16:41:30+0500
noahreyn	51205	ACCEPTED	CT1_Self_determination	2026-10-08T16:41:30+0500
noahreyn	51210	ASSIGNED	Проект в разработке	2026-10-08T16:41:30+0500
noahreyn	51262	IN_PROGRESS	DB Bootcamp. Day00	2026-10-08T16:41:30+0500
noahreyn	51263	ASSIGNED	DB Bootcamp. Day01	2026-10-08T16:41:30+0500
noahreyn	51264	ASSIGNED	DB Bootcamp. Day02	2026-10-08T16:41:30+0500
noahreyn	51363	ASSIGNED	FEB1_JS	2026-10-08T16:41:30+0500
noahreyn	51394	ASSIGNED	FEB2_Native JS	2026-10-08T16:41:30+0500
noahreyn	51399	ASSIGNED	FEB3_HTML and CSS	2026-10-08T16:41:30+0500
noahreyn	51409	ASSIGNED	FEB4_Advanced Web	2026-10-08T16:41:30+0500
noahreyn	51411	ASSIGNED	FEB5_Express framework	2026-10-08T16:41:30+0500
noahreyn	51412	ASSIGNED	FEB6_HTML templating	2026-10-08T16:41:30+0500
noahreyn	51413	ASSIGNED	DB Bootcamp. Day03	2026-10-08T16:41:30+0500
noahreyn	51414	ASSIGNED	FEB7_SeaBattle game	2026-10-08T16:41:30+0500
noahreyn	51415	ASSIGNED	FEB8_React	2026-10-08T16:41:30+0500
noahreyn	51416	ASSIGNED	FEB9_Memoization	2026-10-08T16:41:30+0500
noahreyn	51417	ASSIGNED	FEB10_Data storages	2026-10-08T16:41:30+0500
noahreyn	51418	ASSIGNED	FEB11_Routing	2026-10-08T16:41:30+0500
noahreyn	51419	ASSIGNED	FEB12_React Redux	2026-10-08T16:41:30+0500
noahreyn	51420	ASSIGNED	FEB13_TypeScript	2026-10-08T16:41:30+0500
noahreyn	51435	ASSIGNED	DB Bootcamp. Day04	2026-10-08T16:41:30+0500
noahreyn	51462	ASSIGNED	FEB14_Web Building	2026-10-08T16:41:30+0500
noahreyn	51472	ASSIGNED	EEB1_Basics	2026-10-08T16:41:30+0500
noahreyn	51473	ASSIGNED	EEB2_AC circuit analysis	2026-10-08T16:41:30+0500
noahreyn	51474	ASSIGNED	EEB3_Circuit calc	2026-10-08T16:41:30+0500
noahreyn	51475	ASSIGNED	EEB4_Connection circuits	2026-10-08T16:41:30+0500
noahreyn	51476	ASSIGNED	EEB5_Operational amplifiers	2026-10-08T16:41:30+0500
noahreyn	51477	ASSIGNED	EEB6_Filters	2026-10-08T16:41:30+0500
noahreyn	51478	ASSIGNED	EEB7_Speed control	2026-10-08T16:41:30+0500
noahreyn	51479	ASSIGNED	EEB8_Arduino boards	2026-10-08T16:41:30+0500
noahreyn	51480	ASSIGNED	EEB9_Module integration	2026-10-08T16:41:30+0500
noahreyn	51481	ASSIGNED	EEB10_STM fundamentals	2026-10-08T16:41:30+0500
noahreyn	51482	ASSIGNED	EEB11_STM code	2026-10-08T16:41:30+0500
noahreyn	51483	ASSIGNED	EEB12_Transferring data	2026-10-08T16:41:30+0500
noahreyn	51484	ASSIGNED	EEB13_Satellite odometer	2026-10-08T16:41:30+0500
noahreyn	51485	ASSIGNED	DS1_Tweets	2026-10-08T16:41:30+0500
noahreyn	51486	ASSIGNED	DS2_Churn prediction	2026-10-08T16:41:30+0500
noahreyn	51487	ASSIGNED	DS3_My Spotify	2026-10-08T16:41:30+0500
noahreyn	51488	ASSIGNED	DS4_Understanding customer	2026-10-08T16:41:30+0500
noahreyn	51489	ASSIGNED	DS5_Uber	2026-10-08T16:41:30+0500
noahreyn	51490	ASSIGNED	DS8_Fried Eggs	2026-10-08T16:41:30+0500
noahreyn	51491	ASSIGNED	DS7_Amazon	2026-10-08T16:41:30+0500
noahreyn	51492	ASSIGNED	DS6_City life	2026-10-08T16:41:30+0500
noahreyn	51496	FAILED	DSB1_UNIX Command Line Tools_	2026-10-08T16:41:30+0500
noahreyn	51497	ASSIGNED	DSB2_Syntax&Semantics_	2026-10-08T16:41:30+0500
noahreyn	51498	ASSIGNED	DSB3_OOP skills_	2026-10-08T16:41:30+0500
noahreyn	51499	ASSIGNED	DSB4_Package management_	2026-10-08T16:41:30+0500
noahreyn	51500	ASSIGNED	DSB5_Efficient code practices_	2026-10-08T16:41:30+0500
noahreyn	51501	ASSIGNED	DSB6_MovieLens Analytics_	2026-10-08T16:41:30+0500
noahreyn	51502	ASSIGNED	DSB7_Pandas_	2026-10-08T16:41:30+0500
noahreyn	51503	ASSIGNED	DSB8_SQL&Pandas_	2026-10-08T16:41:30+0500
noahreyn	51504	ASSIGNED	DSB9_Pandas_SQL& Data Visual_	2026-10-08T16:41:30+0500
noahreyn	51505	ASSIGNED	DSB10_Intro to ML_	2026-10-08T16:41:30+0500
noahreyn	51506	ASSIGNED	DSB11_ML: Advanced_	2026-10-08T16:41:30+0500
noahreyn	51507	ASSIGNED	DSB12_Food&nutrition_	2026-10-08T16:41:30+0500
noahreyn	51508	REGISTERED	DB Bootcamp. Day05	2026-10-08T16:41:30+0500
noahreyn	51509	ASSIGNED	DB Bootcamp. Day06	2026-10-08T16:41:30+0500
noahreyn	51510	ASSIGNED	DB Bootcamp. Day07	2026-10-08T16:41:30+0500
noahreyn	51511	ASSIGNED	DB Bootcamp. Day08	2026-10-08T16:41:30+0500
noahreyn	51512	ASSIGNED	DB Bootcamp. Day09	2026-10-08T16:41:30+0500
noahreyn	51513	ASSIGNED	DB Bootcamp. Team00	2026-10-08T16:41:30+0500
noahreyn	51517	IN_PROGRESS	CT3_CV_Resume	2026-10-08T16:41:30+0500
noahreyn	51518	ASSIGNED	CT4_Interview_	2026-10-08T16:41:30+0500
noahreyn	51529	ASSIGNED	CT5_Teamwork_	2026-10-08T16:41:30+0500
noahreyn	51652	ASSIGNED	DB Bootcamp. Team01	2026-10-08T16:41:30+0500
noahreyn	51654	ASSIGNED	CT6_Corporate_culture 	2026-10-08T16:41:30+0500
noahreyn	51659	ASSIGNED	CT7_Corporate_Communication	2026-10-08T16:41:30+0500
noahreyn	51660	ASSIGNED	CT8_Career_planning	2026-10-08T16:41:30+0500
noahreyn	52870	ASSIGNED	Kotlin Bootcamp. Day00	2026-10-08T16:41:30+0500
noahreyn	52871	ASSIGNED	Kotlin Bootcamp. Day01	2026-10-08T16:41:30+0500
noahreyn	52872	ASSIGNED	Kotlin Bootcamp. Day02	2026-10-08T16:41:30+0500
noahreyn	52873	ASSIGNED	Kotlin Bootcamp. Day03	2026-10-08T16:41:30+0500
noahreyn	52878	ASSIGNED	Kotlin Bootcamp. Day04	2026-10-08T16:41:30+0500
noahreyn	52879	ASSIGNED	Kotlin Bootcamp. Team00	2026-10-08T16:41:30+0500
noahreyn	52880	ASSIGNED	Kotlin Bootcamp. Day05	2026-10-08T16:41:30+0500
noahreyn	52881	ASSIGNED	Kotlin Bootcamp. Day06	2026-10-08T16:41:30+0500
noahreyn	52882	ASSIGNED	Kotlin Bootcamp. Day07	2026-10-08T16:41:30+0500
noahreyn	52883	ASSIGNED	Kotlin Bootcamp. Day08	2026-10-08T16:41:30+0500
noahreyn	52884	ASSIGNED	Kotlin Bootcamp. Day09	2026-10-08T16:41:30+0500
noahreyn	52885	ASSIGNED	Kotlin Bootcamp. Team01	2026-10-08T16:41:30+0500
noahreyn	53016	ASSIGNED	Java Bootcamp. Day00	2026-10-08T16:41:30+0500
noahreyn	53017	ASSIGNED	Java Bootcamp. Day01	2026-10-08T16:41:30+0500
noahreyn	53018	ASSIGNED	Java Bootcamp. Day02	2026-10-08T16:41:30+0500
noahreyn	53019	ASSIGNED	Java Bootcamp. Day03	2026-10-08T16:41:30+0500
noahreyn	53020	ASSIGNED	Java Bootcamp. Day04	2026-10-08T16:41:30+0500
noahreyn	53021	ASSIGNED	Java Bootcamp. Team00	2026-10-08T16:41:30+0500
noahreyn	53022	ASSIGNED	Java Bootcamp. Day05	2026-10-08T16:41:30+0500
noahreyn	53025	ASSIGNED	Java Bootcamp. Day06	2026-10-08T16:41:30+0500
noahreyn	53026	ASSIGNED	Java Bootcamp. Day07	2026-10-08T16:41:30+0500
noahreyn	53035	ASSIGNED	Java Bootcamp. Day08	2026-10-08T16:41:30+0500
noahreyn	53036	ASSIGNED	Java Bootcamp. Day09	2026-10-08T16:41:30+0500
noahreyn	53037	ASSIGNED	Java Bootcamp. Team01	2026-10-08T16:41:30+0500
noahreyn	57572	ASSIGNED	CPP Exam	2026-10-08T16:41:30+0500
noahreyn	57573	ASSIGNED	CPPE-T	2026-10-08T16:41:30+0500
noahreyn	59888	ASSIGNED	Core final testing	2026-10-08T16:41:30+0500
noahreyn	59889	ASSIGNED	Core final exam	2026-10-08T16:41:30+0500
noahreyn	60672	ASSIGNED	Swift Bootcamp. Day00	2026-10-08T16:41:30+0500
noahreyn	60673	ASSIGNED	Swift Bootcamp. Day01	2026-10-08T16:41:30+0500
noahreyn	60674	ASSIGNED	Swift Bootcamp. Day02	2026-10-08T16:41:30+0500
noahreyn	60675	ASSIGNED	Swift Bootcamp. Day03	2026-10-08T16:41:30+0500
noahreyn	60676	ASSIGNED	Swift Bootcamp. Day04	2026-10-08T16:41:30+0500
noahreyn	60677	ASSIGNED	Swift Bootcamp. Team00	2026-10-08T16:41:30+0500
noahreyn	60680	ASSIGNED	Swift Bootcamp. Day05	2026-10-08T16:41:30+0500
noahreyn	60681	ASSIGNED	Swift Bootcamp. Day06	2026-10-08T16:41:30+0500
noahreyn	60682	ASSIGNED	Swift Bootcamp. Day07	2026-10-08T16:41:30+0500
noahreyn	60683	ASSIGNED	Swift Bootcamp. Day08	2026-10-08T16:41:30+0500
noahreyn	60684	ASSIGNED	Swift Bootcamp. Day09	2026-10-08T16:41:30+0500
noahreyn	60685	ASSIGNED	Swift Bootcamp. Team01	2026-10-08T16:41:30+0500
noahreyn	61411	ASSIGNED	DO7_Docker Compose	2026-10-08T16:41:30+0500
noahreyn	61424	ASSIGNED	DO8_AutomationTools	2026-10-08T16:41:30+0500
noahreyn	61425	ASSIGNED	DO9_Monitoring	2026-10-08T16:41:30+0500
noahreyn	61426	ASSIGNED	DO10_BasicK8s	2026-10-08T16:41:30+0500
noahreyn	61427	ASSIGNED	DO11_AdvK8s	2026-10-08T16:41:30+0500
noahreyn	61428	ASSIGNED	DO12_Helm	2026-10-08T16:41:30+0500
noahreyn	62392	ASSIGNED	ML1_Introduction	2026-10-08T16:41:30+0500
noahreyn	62393	ASSIGNED	ML2_Supervised learning	2026-10-08T16:41:30+0500
noahreyn	62394	ASSIGNED	ML3_Validation	2026-10-08T16:41:30+0500
noahreyn	62395	ASSIGNED	ML4_Classification problems	2026-10-08T16:41:30+0500
noahreyn	62396	ASSIGNED	ML5_Decision trees	2026-10-08T16:41:30+0500
noahreyn	62397	ASSIGNED	ML6_Unsupervised learning	2026-10-08T16:41:30+0500
noahreyn	62398	ASSIGNED	ML7_Clustering algorithms	2026-10-08T16:41:30+0500
noahreyn	62399	ASSIGNED	ML8_Neural networks	2026-10-08T16:41:30+0500
noahreyn	62400	ASSIGNED	ML9_Convolutional networks 	2026-10-08T16:41:30+0500
noahreyn	62401	ASSIGNED	ML10_RNNs	2026-10-08T16:41:30+0500
noahreyn	62403	ASSIGNED	ML11_Attention mechanism	2026-10-08T16:41:30+0500
noahreyn	62404	ASSIGNED	ML12_Generative ML	2026-10-08T16:41:30+0500
noahreyn	62813	ASSIGNED	SA1_Software specs	2026-10-08T16:41:30+0500
noahreyn	62825	ASSIGNED	SA2_Software quality	2026-10-08T16:41:30+0500
noahreyn	62826	ASSIGNED	SA3_Requirements analysis	2026-10-08T16:41:30+0500
noahreyn	62827	ASSIGNED	SA4_SDD	2026-10-08T16:41:30+0500
noahreyn	62828	ASSIGNED	SA5_Complex architecture	2026-10-08T16:41:30+0500
noahreyn	62829	ASSIGNED	SA6_TOGAF framework	2026-10-08T16:41:30+0500
noahreyn	62954	ACCEPTED	BE1_HttpAuth	2026-10-08T16:41:30+0500
noahreyn	62955	ACCEPTED	BE2_APIFromSpec	2026-10-08T16:41:30+0500
noahreyn	62957	IN_PROGRESS	BE3_Nginx Pro	2026-10-08T16:41:30+0500
noahreyn	62958	ACCEPTED	BE4_GRPCAuth	2026-10-08T16:41:30+0500
noahreyn	62959	ASSIGNED	BE5_Message broker	2026-10-08T16:41:30+0500
noahreyn	62960	ASSIGNED	BE6_Data sharding	2026-10-08T16:41:30+0500
noahreyn	62961	ASSIGNED	GD1_Meeting Unity	2026-10-08T16:41:30+0500
noahreyn	62962	ASSIGNED	GD2_Game Design	2026-10-08T16:41:30+0500
noahreyn	62963	ASSIGNED	GD3_DOD	2026-10-08T16:41:30+0500
noahreyn	62964	ASSIGNED	GD4_Multiplayer	2026-10-08T16:41:30+0500
noahreyn	62966	ASSIGNED	GD5_Shaders	2026-10-08T16:41:30+0500
noahreyn	62967	ASSIGNED	GD6_Hypercasual	2026-10-08T16:41:30+0500
noahreyn	62968	ASSIGNED	GD7_Unreal Engine	2026-10-08T16:41:30+0500
noahreyn	63932	ASSIGNED	DO14_Final	2026-10-08T16:41:30+0500
noahreyn	63934	ASSIGNED	DO13_CICD Pipeline	2026-10-08T16:41:30+0500
noahreyn	64043	ASSIGNED	Mobile Kotlin_BasicApp	2026-10-08T16:41:30+0500
noahreyn	64044	ASSIGNED	Mobile Kotlin_AuthApp	2026-10-08T16:41:30+0500
noahreyn	64049	ASSIGNED	Mobile Swift_BasicApp	2026-10-08T16:41:30+0500
noahreyn	64050	ASSIGNED	Mobile Swift_AuthApp	2026-10-08T16:41:30+0500
noahreyn	64402	ASSIGNED	FE8_Data vis	2026-10-08T16:41:30+0500
noahreyn	66062	ASSIGNED	DevOps Exam	2026-10-08T16:41:30+0500
noahreyn	67412	ASSIGNED	CPP_Ex-p	2026-10-08T16:41:30+0500
noahreyn	67417	ASSIGNED	CPP_Ex-t	2026-10-08T16:41:30+0500
noahreyn	68823	ACCEPTED	C_Ex-t	2026-10-08T16:41:30+0500
noahreyn	68824	ACCEPTED	C_Ex-p	2026-10-08T16:41:30+0500
noahreyn	68883	ACCEPTED	SQL_Ex-t	2026-10-08T16:41:30+0500
noahreyn	68901	REGISTERED	SQL_Ex-p	2026-10-08T16:41:30+0500
noahreyn	68976	ACCEPTED	DO_Ex-t	2026-10-08T16:41:30+0500
noahreyn	68977	ACCEPTED	A_Ex-t	2026-10-08T16:41:30+0500
noahreyn	69039	ASSIGNED	AP1-CS-T01	2026-10-08T16:41:30+0500
noahreyn	69040	ASSIGNED	AP1-CS-T02	2026-10-08T16:41:30+0500
noahreyn	69041	ASSIGNED	AP1-CS-P01	2026-10-08T16:41:30+0500
noahreyn	69042	ASSIGNED	AP1-CS-T03	2026-10-08T16:41:30+0500
noahreyn	69043	ASSIGNED	AP1-CS-T04B	2026-10-08T16:41:30+0500
noahreyn	69044	ASSIGNED	AP1-CS-T05B	2026-10-08T16:41:30+0500
noahreyn	69045	ASSIGNED	AP1-Go-T01	2026-10-08T16:41:30+0500
noahreyn	69046	ASSIGNED	AP1-Go-T02	2026-10-08T16:41:30+0500
noahreyn	69047	ASSIGNED	AP1-Go-P01	2026-10-08T16:41:30+0500
noahreyn	69048	ASSIGNED	AP1-Go-T03	2026-10-08T16:41:30+0500
noahreyn	69049	ASSIGNED	AP1-Go-T04B	2026-10-08T16:41:30+0500
noahreyn	69051	ASSIGNED	AP1-Go-T05B	2026-10-08T16:41:30+0500
noahreyn	69052	ACCEPTED	C7_BrickGame_v1.0	2026-10-08T16:41:30+0500
noahreyn	69053	REGISTERED	CPP3_BrickGame_v2.0	2026-10-08T16:41:30+0500
noahreyn	69055	ASSIGNED	AP2_BrickGame_v3.0_Python	2026-10-08T16:41:30+0500
noahreyn	69056	ASSIGNED	AP2_BrickGame_v3.0_Jv	2026-10-08T16:41:30+0500
noahreyn	69057	ASSIGNED	AP2_BrickGame v3.0_JS	2026-10-08T16:41:30+0500
noahreyn	69058	ASSIGNED	AP2_BrickGame_v3.0_Go	2026-10-08T16:41:30+0500
noahreyn	69059	ASSIGNED	AP2_BrickGame_v3.0_C#	2026-10-08T16:41:30+0500
noahreyn	69060	ASSIGNED	AP2_BrickGame_v3.0_Kt	2026-10-08T16:41:30+0500
noahreyn	69061	ASSIGNED	AP2_BrickGame_v3.0_Sw	2026-10-08T16:41:30+0500
noahreyn	69062	ACCEPTED	AP1-Jv-T01	2026-10-08T16:41:30+0500
noahreyn	69063	ACCEPTED	AP1-Jv-T02	2026-10-08T16:41:30+0500
noahreyn	69064	FAILED	AP1-Jv-P01	2026-10-08T16:41:30+0500
noahreyn	69065	ACCEPTED	AP1-Jv-T03	2026-10-08T16:41:30+0500
noahreyn	69066	ACCEPTED	AP1-Jv-T04B	2026-10-08T16:41:30+0500
noahreyn	69067	ACCEPTED	AP1-Jv-T05B	2026-10-08T16:41:30+0500
noahreyn	69068	ASSIGNED	AP1-Jv-T04M	2026-10-08T16:41:30+0500
noahreyn	69069	ASSIGNED	AP1-Jv-T05M	2026-10-08T16:41:30+0500
noahreyn	69070	ASSIGNED	AP1-JS-T01	2026-10-08T16:41:30+0500
noahreyn	69071	ASSIGNED	AP1-JS-T02	2026-10-08T16:41:30+0500
noahreyn	69072	ASSIGNED	AP1-JS-P01	2026-10-08T16:41:30+0500
noahreyn	69073	ASSIGNED	AP1-JS-T03	2026-10-08T16:41:30+0500
noahreyn	69074	ASSIGNED	AP1-JS-T04F	2026-10-08T16:41:30+0500
noahreyn	69075	ASSIGNED	AP1-JS-T05F	2026-10-08T16:41:30+0500
noahreyn	69076	ASSIGNED	AP1-JS-T04B	2026-10-08T16:41:30+0500
noahreyn	69077	ASSIGNED	AP1-JS-T05B	2026-10-08T16:41:30+0500
noahreyn	69078	ASSIGNED	AP1-Kt-T01	2026-10-08T16:41:30+0500
noahreyn	69079	ASSIGNED	AP1-Kt-T02	2026-10-08T16:41:30+0500
noahreyn	69080	ASSIGNED	AP1-Kt-P01	2026-10-08T16:41:30+0500
noahreyn	69081	ASSIGNED	AP1-Kt-T03	2026-10-08T16:41:30+0500
noahreyn	69082	ASSIGNED	AP1-Kt-T04M	2026-10-08T16:41:30+0500
noahreyn	69083	ASSIGNED	AP1-Kt-T05M	2026-10-08T16:41:30+0500
noahreyn	69084	ASSIGNED	AP1-Kt-T04B	2026-10-08T16:41:30+0500
noahreyn	69085	ASSIGNED	AP1-Kt-T05B	2026-10-08T16:41:30+0500
noahreyn	69086	ASSIGNED	AP1-Py-T01	2026-10-08T16:41:30+0500
noahreyn	69087	ASSIGNED	AP1-Py-T02	2026-10-08T16:41:30+0500
noahreyn	69088	ASSIGNED	AP1-Py-P01	2026-10-08T16:41:30+0500
noahreyn	69089	ASSIGNED	AP1-Py-T04B	2026-10-08T16:41:30+0500
noahreyn	69090	ASSIGNED	AP1-Py-T03	2026-10-08T16:41:30+0500
noahreyn	69091	ASSIGNED	AP1-Py-T05B	2026-10-08T16:41:30+0500
noahreyn	69094	ASSIGNED	AP1-Sw-T01	2026-10-08T16:41:30+0500
noahreyn	69096	ASSIGNED	AP1-Sw-T02	2026-10-08T16:41:30+0500
noahreyn	69097	ASSIGNED	AP1-Sw-P01	2026-10-08T16:41:30+0500
noahreyn	69098	ASSIGNED	AP1-Sw-T03	2026-10-08T16:41:30+0500
noahreyn	69099	ASSIGNED	AP1-Sw-T04M	2026-10-08T16:41:30+0500
noahreyn	69100	ASSIGNED	AP1-Sw-T05M	2026-10-08T16:41:30+0500
noahreyn	69101	ASSIGNED	AP1-Sw-T04B	2026-10-08T16:41:30+0500
noahreyn	69102	ASSIGNED	AP1-Sw-T05B	2026-10-08T16:41:30+0500
noahreyn	69103	ASSIGNED	A1_Maze_C	2026-10-08T16:41:30+0500
noahreyn	69104	ASSIGNED	A2_SimpleNavigator_v1.0_C	2026-10-08T16:41:30+0500
noahreyn	69105	ASSIGNED	A3_Parallels_C	2026-10-08T16:41:30+0500
noahreyn	69106	ASSIGNED	A4_Crypto_C	2026-10-08T16:41:30+0500
noahreyn	69107	ASSIGNED	A5_s21_memory_C	2026-10-08T16:41:30+0500
noahreyn	69108	ASSIGNED	A6_Transactions_C	2026-10-08T16:41:30+0500
noahreyn	69109	ASSIGNED	A7_DNA_Analyzer_C	2026-10-08T16:41:30+0500
noahreyn	69110	ASSIGNED	A8_Algorithmic_trading_C	2026-10-08T16:41:30+0500
noahreyn	69113	ASSIGNED	A1_Maze_CPP	2026-10-08T16:41:30+0500
noahreyn	69114	ASSIGNED	A1_Maze_Py	2026-10-08T16:41:30+0500
noahreyn	69115	ASSIGNED	A1_Maze_Go	2026-10-08T16:41:30+0500
noahreyn	69116	ACCEPTED	A1_Maze_Jv	2026-10-08T16:41:30+0500
noahreyn	69117	ASSIGNED	A1_Maze_JS	2026-10-08T16:41:30+0500
noahreyn	69118	ASSIGNED	A1_Maze_C#	2026-10-08T16:41:30+0500
noahreyn	69119	ASSIGNED	A1_Maze_Kt	2026-10-08T16:41:30+0500
noahreyn	69120	ASSIGNED	A1_Maze_Sw	2026-10-08T16:41:30+0500
noahreyn	69121	ASSIGNED	A2_SimpleNavigator_v1.0_CPP	2026-10-08T16:41:30+0500
noahreyn	69122	ASSIGNED	A2_SimpleNavigator_v1.0_Py	2026-10-08T16:41:30+0500
noahreyn	69123	ASSIGNED	A2_SimpleNavigator_v1.0_Go	2026-10-08T16:41:30+0500
noahreyn	69124	ACCEPTED	A2_SimpleNavigator_v1.0_Jv	2026-10-08T16:41:30+0500
noahreyn	69125	ASSIGNED	A2_SimpleNavigator_v1.0_JS	2026-10-08T16:41:30+0500
noahreyn	69126	ASSIGNED	A2_SimpleNavigator_v1.0_C#	2026-10-08T16:41:30+0500
noahreyn	69127	ASSIGNED	A2_SimpleNavigator_v1.0_Kt	2026-10-08T16:41:30+0500
noahreyn	69128	ASSIGNED	A2_SimpleNavigator_v1.0_Sw	2026-10-08T16:41:30+0500
noahreyn	69140	ASSIGNED	IOS1_UIKit	2026-10-08T16:41:30+0500
noahreyn	69188	ACCEPTED	APJ_Ex-t	2026-10-08T16:41:30+0500
noahreyn	69205	ASSIGNED	AND1_Activity	2026-10-08T16:41:30+0500
noahreyn	69277	ASSIGNED	APG_Ex-t	2026-10-08T16:41:30+0500
noahreyn	69278	ASSIGNED	APCS_Ex-t	2026-10-08T16:41:30+0500
noahreyn	69279	ASSIGNED	APP_Ex-t	2026-10-08T16:41:30+0500
noahreyn	69280	ASSIGNED	APJS_Ex-t	2026-10-08T16:41:30+0500
noahreyn	69281	ASSIGNED	APS_Ex-t	2026-10-08T16:41:30+0500
noahreyn	69282	ASSIGNED	APK_Ex-t	2026-10-08T16:41:30+0500
noahreyn	69337	ASSIGNED	PjM1_ProjPM	2026-10-08T16:41:30+0500
noahreyn	69372	ASSIGNED	PjM2_LifeCycle	2026-10-08T16:41:30+0500
noahreyn	69373	ASSIGNED	PjM3_BasicM	2026-10-08T16:41:30+0500
noahreyn	69463	ASSIGNED	AND2_Async operations	2026-10-08T16:41:30+0500
noahreyn	69464	ASSIGNED	AND3_Custom View	2026-10-08T16:41:30+0500
noahreyn	69465	ASSIGNED	AND4_Notification	2026-10-08T16:41:30+0500
noahreyn	69466	ASSIGNED	AND5_OpenGL	2026-10-08T16:41:30+0500
noahreyn	69467	ASSIGNED	AND6_Test	2026-10-08T16:41:30+0500
noahreyn	69468	ASSIGNED	AND7_Gradle	2026-10-08T16:41:30+0500
noahreyn	69469	ASSIGNED	AND8_Compose	2026-10-08T16:41:30+0500
noahreyn	69478	ASSIGNED	IOS2_SwiftUI	2026-10-08T16:41:30+0500
noahreyn	69534	ASSIGNED	IOS5_Maps	2026-10-08T16:41:30+0500
noahreyn	69535	ASSIGNED	IOS6_Additional	2026-10-08T16:41:30+0500
noahreyn	69538	ASSIGNED	IOS3_Network	2026-10-08T16:41:30+0500
noahreyn	69539	ASSIGNED	IOS4_DataStorage	2026-10-08T16:41:30+0500
noahreyn	69540	ASSIGNED	BSA00_Decomposition	2026-10-08T16:41:30+0500
noahreyn	69541	ASSIGNED	BSA1_Stakeholders	2026-10-08T16:41:30+0500
noahreyn	69542	ASSIGNED	BSA2_Requirements	2026-10-08T16:41:30+0500
noahreyn	69543	ASSIGNED	BSA3_HowToRequirements	2026-10-08T16:41:30+0500
noahreyn	69544	ASSIGNED	BSA4_Domains	2026-10-08T16:41:30+0500
noahreyn	69545	ASSIGNED	BSA5_Diagrams	2026-10-08T16:41:30+0500
noahreyn	69546	ASSIGNED	BSA6_BPMN	2026-10-08T16:41:30+0500
noahreyn	69547	ASSIGNED	BSA7_UserStory	2026-10-08T16:41:30+0500
noahreyn	69548	ASSIGNED	BSA8_UseCase	2026-10-08T16:41:30+0500
noahreyn	69549	ASSIGNED	BSA9_Objects and Roles	2026-10-08T16:41:30+0500
noahreyn	69550	ASSIGNED	BSA10_FR Design	2026-10-08T16:41:30+0500
noahreyn	69551	ASSIGNED	BSA11_UserInterfaces	2026-10-08T16:41:30+0500
noahreyn	69552	ASSIGNED	BSA12_NFRs	2026-10-08T16:41:30+0500
noahreyn	69553	ASSIGNED	BSA13_ReqMgmt	2026-10-08T16:41:30+0500
noahreyn	69554	ASSIGNED	BSA14_SystemIntegration	2026-10-08T16:41:30+0500
noahreyn	69555	ASSIGNED	BSA15_REST	2026-10-08T16:41:30+0500
noahreyn	69556	ASSIGNED	BSA16_SOAP	2026-10-08T16:41:30+0500
noahreyn	69627	ACCEPTED	CT9_Educational way	2026-10-08T16:41:30+0500
noahreyn	69676	ASSIGNED	IOS7_Test	2026-10-08T16:41:30+0500
noahreyn	70735	ASSIGNED	A3_Parallels_CPP	2026-10-08T16:41:30+0500
noahreyn	70736	ASSIGNED	A3_Parallels_Py	2026-10-08T16:41:30+0500
noahreyn	70737	ASSIGNED	A3_Parallels_Go	2026-10-08T16:41:30+0500
noahreyn	70738	ASSIGNED	A3_Parallels_Jv	2026-10-08T16:41:30+0500
noahreyn	70739	ASSIGNED	A3_Parallels_JS	2026-10-08T16:41:30+0500
noahreyn	70740	ASSIGNED	A3_Parallels_C#	2026-10-08T16:41:30+0500
noahreyn	70741	ASSIGNED	A3_Parallels_Kt	2026-10-08T16:41:30+0500
noahreyn	70742	ASSIGNED	A3_Parallels_Sw	2026-10-08T16:41:30+0500
noahreyn	70756	ASSIGNED	A5_s21_memory_CPP	2026-10-08T16:41:30+0500
noahreyn	70757	ASSIGNED	A4_Crypto_CPP	2026-10-08T16:41:30+0500
noahreyn	70758	ASSIGNED	A4_Crypto_Py	2026-10-08T16:41:30+0500
noahreyn	70759	ASSIGNED	A4_Crypto_Go	2026-10-08T16:41:30+0500
noahreyn	70760	ASSIGNED	A4_Crypto_Jv	2026-10-08T16:41:30+0500
noahreyn	70761	ASSIGNED	A4_Crypto_JS	2026-10-08T16:41:30+0500
noahreyn	70762	ASSIGNED	A4_Crypto_C#	2026-10-08T16:41:30+0500
noahreyn	70763	ASSIGNED	A4_Crypto_Kt	2026-10-08T16:41:30+0500
noahreyn	70764	ASSIGNED	A4_Crypto_Sw	2026-10-08T16:41:30+0500
noahreyn	70767	ASSIGNED	A6_Transactions_CPP	2026-10-08T16:41:30+0500
noahreyn	70768	ASSIGNED	A6_Transactions_Py	2026-10-08T16:41:30+0500
noahreyn	70769	ASSIGNED	A6_Transactions_Go	2026-10-08T16:41:30+0500
noahreyn	70770	ASSIGNED	A6_Transactions_Jv	2026-10-08T16:41:30+0500
noahreyn	70771	ASSIGNED	A6_Transactions_JS	2026-10-08T16:41:30+0500
noahreyn	70772	ASSIGNED	A6_Transactions_C#	2026-10-08T16:41:30+0500
noahreyn	70773	ASSIGNED	A6_Transactions_Kt	2026-10-08T16:41:30+0500
noahreyn	70774	ASSIGNED	A6_Transactions_Sw	2026-10-08T16:41:30+0500
noahreyn	70781	ASSIGNED	A7_DNA_Analyzer_CPP	2026-10-08T16:41:30+0500
noahreyn	70782	ASSIGNED	A7_DNA Analyzer_Py	2026-10-08T16:41:30+0500
noahreyn	70783	ASSIGNED	A7_DNA_Analyzer_Go	2026-10-08T16:41:30+0500
noahreyn	70784	ASSIGNED	A7_DNA Analyzer_Jv	2026-10-08T16:41:30+0500
noahreyn	70785	ASSIGNED	A7_DNA Analyzer_JS	2026-10-08T16:41:30+0500
noahreyn	70786	ASSIGNED	A7_DNA_Analyzer_C#	2026-10-08T16:41:30+0500
noahreyn	70787	ASSIGNED	A7_DNA_Analyzer_Kt	2026-10-08T16:41:30+0500
noahreyn	70788	ASSIGNED	A7_DNA_Analyzer_Sw	2026-10-08T16:41:30+0500
noahreyn	70795	ASSIGNED	A8_Algorithmic_trading_CPP	2026-10-08T16:41:30+0500
noahreyn	70796	ASSIGNED	A8_Algorithmic trading_Py	2026-10-08T16:41:30+0500
noahreyn	70797	ASSIGNED	A8_Algorithmic_trading_Go	2026-10-08T16:41:30+0500
noahreyn	70798	ASSIGNED	A8_Algorithmic trading_Jv	2026-10-08T16:41:30+0500
noahreyn	70799	ASSIGNED	A8_Algorithmic trading_JS	2026-10-08T16:41:30+0500
noahreyn	70800	ASSIGNED	A8_Algorithmic_trading_C#	2026-10-08T16:41:30+0500
noahreyn	70801	ASSIGNED	A8_Algorithmic_trading_Kt	2026-10-08T16:41:30+0500
noahreyn	70802	ASSIGNED	A8_Algorithmic_trading_Sw	2026-10-08T16:41:30+0500
noahreyn	70843	ASSIGNED	AP5_BrickGame_v4.0_Python	2026-10-08T16:41:30+0500
noahreyn	70844	ASSIGNED	AP5_BrickGame_v4.0_C#	2026-10-08T16:41:30+0500
noahreyn	70845	ASSIGNED	AP5_BrickGame_v4.0_Jv	2026-10-08T16:41:30+0500
noahreyn	70846	ASSIGNED	AP5_BrickGame_v4.0_JS	2026-10-08T16:41:30+0500
noahreyn	70847	ASSIGNED	AP5_BrickGame_v4.0_Go	2026-10-08T16:41:30+0500
noahreyn	70848	ASSIGNED	AP5_BrickGame_v4.0_Kt	2026-10-08T16:41:30+0500
noahreyn	70849	ASSIGNED	AP5_BrickGame_v4.0_Sw	2026-10-08T16:41:30+0500
noahreyn	70922	IN_PROGRESS	PG1_Pangolin	2026-10-08T16:41:30+0500
noahreyn	71028	ASSIGNED	CbS1_Networking_basics_Part 1	2026-10-08T16:41:30+0500
noahreyn	71029	ASSIGNED	CbS2_Networking_basics_Part 2	2026-10-08T16:41:30+0500
noahreyn	71030	ASSIGNED	CbS3_Networking_basics_Part 3	2026-10-08T16:41:30+0500
noahreyn	71031	ASSIGNED	CbS4_Networking_basics_Part 4	2026-10-08T16:41:30+0500
noahreyn	71032	ASSIGNED	CbS5_Linux_basics	2026-10-08T16:41:30+0500
noahreyn	71033	ASSIGNED	CbS6_Windows_basics	2026-10-08T16:41:30+0500
noahreyn	71034	ASSIGNED	CbS8_Crypto_symmetric	2026-10-08T16:41:30+0500
noahreyn	71035	ASSIGNED	CbS7_Crypto_intro	2026-10-08T16:41:30+0500
noahreyn	71036	ASSIGNED	CbS9_Crypto_asymmetric	2026-10-08T16:41:30+0500
noahreyn	71037	ASSIGNED	CbS10_Data_channel_protection	2026-10-08T16:41:30+0500
noahreyn	71039	ASSIGNED	CbS12_Network_attacks	2026-10-08T16:41:30+0500
noahreyn	71040	ASSIGNED	CbS13_Threat_detection_principles	2026-10-08T16:41:30+0500
noahreyn	71041	ASSIGNED	CbS14_Designing_secure_networks	2026-10-08T16:41:30+0500
noahreyn	71042	ASSIGNED	CbS15_IS_legislation	2026-10-08T16:41:30+0500
noahreyn	71043	ASSIGNED	CbS16_Project_lifecycle	2026-10-08T16:41:30+0500
noahreyn	71044	ASSIGNED	CbS17_Physical_security	2026-10-08T16:41:30+0500
noahreyn	71045	ASSIGNED	CbS18_Social_engineering	2026-10-08T16:41:30+0500
noahreyn	71963	ASSIGNED	QA1_Foundation	2026-10-08T16:41:30+0500
noahreyn	71971	ASSIGNED	QA2_Test artifacts	2026-10-08T16:41:30+0500
noahreyn	72004	ASSIGNED	AP4_Info21 v2.0 Web_Python 	2026-10-08T16:41:30+0500
noahreyn	72005	ASSIGNED	AP4_Info21 v2.0 Web_Jv	2026-10-08T16:41:30+0500
noahreyn	72006	ASSIGNED	AP4_Info21 v2.0 Web_JS	2026-10-08T16:41:30+0500
noahreyn	72007	ASSIGNED	AP4_Info21 v2.0 Web_Go	2026-10-08T16:41:30+0500
noahreyn	72008	ASSIGNED	AP4_Info21 v2.0 Web_C#	2026-10-08T16:41:30+0500
noahreyn	72009	ASSIGNED	AP4_Info21 v2.0 Web_Kt	2026-10-08T16:41:30+0500
noahreyn	72010	ASSIGNED	AP4_Info21 v2.0 Web_Sw	2026-10-08T16:41:30+0500
noahreyn	72011	ASSIGNED	AP6_RetailAnalitycs v2.0 Web_Jv	2026-10-08T16:41:30+0500
noahreyn	72012	ASSIGNED	AP6_RetailAnalitycs v2.0 Web_Python	2026-10-08T16:41:30+0500
noahreyn	72013	ASSIGNED	AP6_RetailAnalitycs v2.0 Web_JS	2026-10-08T16:41:30+0500
noahreyn	72015	ASSIGNED	AP6_RetailAnalitycs v2.0 Web_Go	2026-10-08T16:41:30+0500
noahreyn	72016	ASSIGNED	AP6_RetailAnalitycs v2.0 Web_C#	2026-10-08T16:41:30+0500
noahreyn	72026	ASSIGNED	AP6_RetailAnalitycs v2.0 Web_Kt	2026-10-08T16:41:30+0500
noahreyn	72027	ASSIGNED	AP6_RetailAnalitycs v2.0 Web_Sw	2026-10-08T16:41:30+0500
noahreyn	72160	ASSIGNED	AP3_SpecialtyCoffee_Python	2026-10-08T16:41:30+0500
noahreyn	72161	ASSIGNED	AP3_SpecialtyCoffee_Jv	2026-10-08T16:41:30+0500
noahreyn	72164	ASSIGNED	AP3_SpecialtyCoffee_JS	2026-10-08T16:41:30+0500
noahreyn	72165	ASSIGNED	AP3_SpecialtyCoffee_Go	2026-10-08T16:41:30+0500
noahreyn	72166	ASSIGNED	AP3_SpecialtyCoffee_C#	2026-10-08T16:41:30+0500
noahreyn	72167	ASSIGNED	AP3_SpecialtyCoffee_Kt	2026-10-08T16:41:30+0500
noahreyn	72168	ASSIGNED	AP3_SpecialtyCoffee_Sw	2026-10-08T16:41:30+0500
noahreyn	72454	ASSIGNED	BSA_Ex	2026-10-08T16:41:30+0500
noahreyn	72687	ASSIGNED	AQA1_Basics	2026-10-08T16:41:30+0500
noahreyn	72791	ASSIGNED	CbS11_Enterprise_IT_landscape	2026-10-08T16:41:30+0500
noahreyn	72880	ASSIGNED	QA3_Test design and test analysis	2026-10-08T16:41:30+0500
noahreyn	72911	ASSIGNED	CT_Part3	2026-10-08T16:41:30+0500
noahreyn	72919	ASSIGNED	AQA2_API testing	2026-10-08T16:41:30+0500
noahreyn	72920	ASSIGNED	AQA3_UI Web testing	2026-10-08T16:41:30+0500
noahreyn	72935	ASSIGNED	QA4_Types and levels of testing	2026-10-08T16:41:30+0500
noahreyn	72939	ASSIGNED	QA5_Defects	2026-10-08T16:41:30+0500
noahreyn	72944	ASSIGNED	QA6_Web testing	2026-10-08T16:41:30+0500
noahreyn	72946	ASSIGNED	QA7_Backend testing	2026-10-08T16:41:30+0500
noahreyn	72957	ASSIGNED	QA8_Mobile testing	2026-10-08T16:41:30+0500
noahreyn	72958	ASSIGNED	QA9_Basics of Web Security	2026-10-08T16:41:30+0500
noahreyn	72998	ASSIGNED	AQA4_Mobile testing	2026-10-08T16:41:30+0500
noahreyn	73030	ASSIGNED	CT1_Self-determination	2026-10-08T16:41:30+0500
noahreyn	73031	ASSIGNED	CT2_Dream job	2026-10-08T16:41:30+0500
noahreyn	73032	ASSIGNED	CT3_CV Resume	2026-10-08T16:41:30+0500
noahreyn	73033	ASSIGNED	CT4_Interview	2026-10-08T16:41:30+0500
noahreyn	73034	ASSIGNED	CT5_Teamwork	2026-10-08T16:41:30+0500
noahreyn	73035	ASSIGNED	CT6_Corporate culture	2026-10-08T16:41:30+0500
noahreyn	73036	ASSIGNED	CT7_Corporate Communication	2026-10-08T16:41:30+0500
noahreyn	73037	ASSIGNED	CT8_Career planning	2026-10-08T16:41:30+0500
noahreyn	73202	ACCEPTED	SberJv1_Team Git workflow	2026-10-08T16:41:30+0500
noahreyn	73204	ACCEPTED	SberJv2_Setup	2026-10-08T16:41:30+0500
noahreyn	73205	ASSIGNED	QA_Ex	2026-10-08T16:41:30+0500
noahreyn	73206	ACCEPTED	SberJv3_Clean code	2026-10-08T16:41:30+0500
noahreyn	73207	ASSIGNED	SberJv5_Observability	2026-10-08T16:41:30+0500
noahreyn	73209	ASSIGNED	SberJv6_DB Performance	2026-10-08T16:41:30+0500
noahreyn	73210	ASSIGNED	BInf1_PlasmidQC	2026-10-08T16:41:30+0500
noahreyn	73212	ASSIGNED	BInf2_HBBScan	2026-10-08T16:41:30+0500
noahreyn	73216	ASSIGNED	BInf3_GenomeMatch	2026-10-08T16:41:30+0500
noahreyn	73226	ASSIGNED	BInf4_FLM splice	2026-10-08T16:41:30+0500
noahreyn	73227	ASSIGNED	BInf5_Soma align	2026-10-08T16:41:30+0500
noahreyn	73228	ASSIGNED	BInf6_BlaNDM1 resist	2026-10-08T16:41:30+0500
noahreyn	73229	ASSIGNED	BInf7_RbcL evolution	2026-10-08T16:41:30+0500
noahreyn	73230	ASSIGNED	BInf8_SNP SUC2 Osm	2026-10-08T16:41:30+0500
noahreyn	73232	ASSIGNED	BInf10_Plasmid Resist	2026-10-08T16:41:30+0500
noahreyn	73235	ASSIGNED	BInf13_EcoliPhylo	2026-10-08T16:41:30+0500
noahreyn	73243	ASSIGNED	UX/UI2_UX Design 	2026-10-08T16:41:30+0500
noahreyn	73244	ASSIGNED	UX/UI3_UI Design 	2026-10-08T16:41:30+0500
noahreyn	73245	ASSIGNED	UX/UI4_Design&UI kit	2026-10-08T16:41:30+0500
noahreyn	73246	ASSIGNED	UX/UI5_Prototyp&test	2026-10-08T16:41:30+0500
noahreyn	73247	ASSIGNED	UX/UI6_Website builder	2026-10-08T16:41:30+0500
noahreyn	73254	ASSIGNED	UX/UI10_Mobile application	2026-10-08T16:41:30+0500
noahreyn	73260	ASSIGNED	AI1_Agent 	2026-10-08T16:41:30+0500
noahreyn	73277	ASSIGNED	PjM5_ReqGather	2026-10-08T16:41:30+0500
noahreyn	73278	ASSIGNED	PjM4_PjMTools	2026-10-08T16:41:30+0500
noahreyn	73279	IN_PROGRESS	SberJv4_Reliability	2026-10-08T16:41:30+0500
noahreyn	73282	ASSIGNED	PjM8_RisksMng	2026-10-08T16:41:30+0500
noahreyn	73283	ASSIGNED	PjM9_PlanStr	2026-10-08T16:41:30+0500
noahreyn	73284	ASSIGNED	PjM10_EffPlan	2026-10-08T16:41:30+0500
noahreyn	73285	ASSIGNED	PjM11_Backlog	2026-10-08T16:41:30+0500
noahreyn	73286	ASSIGNED	PjM12_Budget	2026-10-08T16:41:30+0500
noahreyn	73287	ASSIGNED	PjM13_BusCorr	2026-10-08T16:41:30+0500
noahreyn	73290	ASSIGNED	PjM16_TeamCom	2026-10-08T16:41:30+0500
noahreyn	73292	ASSIGNED	PjM18_Analytic	2026-10-08T16:41:30+0500
noahreyn	73293	ASSIGNED	PjM19_ProtDsgn	2026-10-08T16:41:30+0500
noahreyn	73294	ASSIGNED	PjM20_FrontBack	2026-10-08T16:41:30+0500
noahreyn	73295	ASSIGNED	PjM21_ITInfStruct	2026-10-08T16:41:30+0500
noahreyn	73297	ASSIGNED	UX/UI1_Intro	2026-10-08T16:41:30+0500
noahreyn	73298	ASSIGNED	PjM_Ex	2026-10-08T16:41:30+0500
noahreyn	73300	ASSIGNED	DSB1_UNIX_Command_Line_Tools_DELETE	2026-10-08T16:41:30+0500
noahreyn	73301	ASSIGNED	DSB2_Syntax&Semantics	2026-10-08T16:41:30+0500
noahreyn	73302	ASSIGNED	DSB3_OOP skills	2026-10-08T16:41:30+0500
noahreyn	73303	ASSIGNED	DSB4_Package management	2026-10-08T16:41:30+0500
noahreyn	73304	ASSIGNED	DSB5_Efficient code practices	2026-10-08T16:41:30+0500
noahreyn	73305	ASSIGNED	DSB6_MovieLens Analytics	2026-10-08T16:41:30+0500
noahreyn	73306	ASSIGNED	DSB7_Pandas	2026-10-08T16:41:30+0500
noahreyn	73307	ASSIGNED	DSB8_SQL&Pandas	2026-10-08T16:41:30+0500
noahreyn	73308	ASSIGNED	DSB9_Pandas_SQL& Data Visual	2026-10-08T16:41:30+0500
noahreyn	73309	ASSIGNED	DSB10_Intro to ML	2026-10-08T16:41:30+0500
noahreyn	73310	ASSIGNED	DSB11_ML: Advanced	2026-10-08T16:41:30+0500
noahreyn	73311	ASSIGNED	DSB12_Food&nutrition	2026-10-08T16:41:30+0500
noahreyn	73366	ASSIGNED	UX/UI7_Transferring layouts	2026-10-08T16:41:30+0500
noahreyn	73367	ASSIGNED	UX/UI8_Team processes	2026-10-08T16:41:30+0500
noahreyn	73368	ASSIGNED	UX/UI9_Formation of requirements	2026-10-08T16:41:30+0500
noahreyn	73375	ASSIGNED	UX/UI11_Interface creation	2026-10-08T16:41:30+0500
noahreyn	73376	ASSIGNED	UX/UI12_Portfolio	2026-10-08T16:41:30+0500
noahreyn	73381	ASSIGNED	PjM6_ProAnalysis	2026-10-08T16:41:30+0500
noahreyn	73382	ASSIGNED	PjM7_UserStory	2026-10-08T16:41:30+0500
noahreyn	73396	ASSIGNED	BInf9_HY5 StemMut	2026-10-08T16:41:30+0500
noahreyn	73398	ASSIGNED	BInf11_SNP screen	2026-10-08T16:41:30+0500
noahreyn	73399	ASSIGNED	BInf12_Diagnostic pipeline	2026-10-08T16:41:30+0500
noahreyn	73400	ASSIGNED	BInf14_BRCA1 evolution	2026-10-08T16:41:30+0500
noahreyn	73401	ASSIGNED	BInf15_ESBL Resistome	2026-10-08T16:41:30+0500
noahreyn	73402	ASSIGNED	BInf16_CFTR genotyping	2026-10-08T16:41:30+0500
noahreyn	73430	ASSIGNED	PjM22_CompPro	2026-10-08T16:41:30+0500
noahreyn	73446	ASSIGNED	UX/UI_Ex	2026-10-08T16:41:30+0500
noahreyn	73461	ASSIGNED	PjM14_EffNeg	2026-10-08T16:41:30+0500
noahreyn	73462	ASSIGNED	PjM15_PubApp	2026-10-08T16:41:30+0500
noahreyn	73463	ASSIGNED	PM1_PMStarterPack	2026-10-08T16:41:30+0500
noahreyn	73465	ASSIGNED	PM2_MetricsDriven	2026-10-08T16:41:30+0500
noahreyn	73466	ASSIGNED	PM3_UnitEconomics	2026-10-08T16:41:30+0500
noahreyn	73467	ASSIGNED	PM4_ResearchCycle	2026-10-08T16:41:30+0500
noahreyn	73468	ASSIGNED	PM5_DesignDriven	2026-10-08T16:41:30+0500
noahreyn	73473	ASSIGNED	PM6_UserRetention	2026-10-08T16:41:30+0500
noahreyn	73474	ASSIGNED	PM7_DiscoveryCycles	2026-10-08T16:41:30+0500
noahreyn	73475	ASSIGNED	PM8_DevToProd	2026-10-08T16:41:30+0500
noahreyn	73476	ASSIGNED	PM9_TrafficToSale	2026-10-08T16:41:30+0500
noahreyn	73477	ASSIGNED	PM10_SoloShip	2026-10-08T16:41:30+0500
noahreyn	73478	ASSIGNED	PjM17_TeamMng	2026-10-08T16:41:30+0500
noahreyn	73494	ASSIGNED	Core_Strategy	2026-10-08T16:41:30+0500
noahreyn	73542	ASSIGNED	PM_Ex	2026-10-08T16:41:30+0500
noahreyn	73604	ASSIGNED	AIE1_Request Router	2026-10-08T16:41:30+0500
noahreyn	73605	ASSIGNED	AIE2_JSON Logs Parser	2026-10-08T16:41:30+0500
noahreyn	73606	ASSIGNED	AIE3_Mock API Client	2026-10-08T16:41:30+0500
noahreyn	73607	ASSIGNED	AIE4_Docs Preprocessing	2026-10-08T16:41:30+0500
noahreyn	73608	ASSIGNED	AIE5_Rule FAQ Bot	2026-10-08T16:41:30+0500
noahreyn	73609	ASSIGNED	AIE6_Legacy Code Refactor	2026-10-08T16:41:30+0500
noahreyn	73610	ASSIGNED	AIE7_Embedding Cache Service	2026-10-08T16:41:30+0500
noahreyn	73611	ASSIGNED	AIE8_Vector Metadata Store	2026-10-08T16:41:30+0500
noahreyn	73613	ASSIGNED	AIE10_LLM Gateway Cache	2026-10-08T16:41:30+0500
noahreyn	73614	ASSIGNED	AIE11_Contract Alignment	2026-10-08T16:41:30+0500
noahreyn	73615	ASSIGNED	AIE12_First Call Logging	2026-10-08T16:41:30+0500
noahreyn	73616	ASSIGNED	AIE13_Prompt Strategies Compare	2026-10-08T16:41:30+0500
noahreyn	73617	ASSIGNED	AIE14_BOT_Hallucination Control Bot	2026-10-08T16:41:30+0500
noahreyn	73618	ASSIGNED	AIE15_Chunking Strategies	2026-10-08T16:41:30+0500
noahreyn	73619	ASSIGNED	AIE16_Chroma Hybrid Search	2026-10-08T16:41:30+0500
noahreyn	73621	ASSIGNED	AIE18_Incremental Index Update	2026-10-08T16:41:30+0500
noahreyn	73622	ASSIGNED	AIE19_Product Analytics Suite	2026-10-08T16:41:30+0500
noahreyn	73623	ASSIGNED	AIE20_Requirements Analysis	2026-10-08T16:41:30+0500
noahreyn	73624	ASSIGNED	AIE21_Prompt Defence Red	2026-10-08T16:41:30+0500
noahreyn	73625	ASSIGNED	AIE22_Enterprise Integration Map	2026-10-08T16:41:30+0500
noahreyn	73626	ASSIGNED	AIE23_Tool Agent RAG	2026-10-08T16:41:30+0500
noahreyn	73628	ASSIGNED	AIE25_Agents Subagents	2026-10-08T16:41:30+0500
noahreyn	73629	ASSIGNED	AIE26_Production AI Assistant	2026-10-08T16:41:30+0500
noahreyn	73632	ASSIGNED	AIE9_Async Text Classifier	2026-10-08T16:41:30+0500
noahreyn	73633	ASSIGNED	AIE17_Full RAG Citations	2026-10-08T16:41:30+0500
noahreyn	73634	ASSIGNED	AIE24_Server n8n Workflow	2026-10-08T16:41:30+0500
noahreyn	73636	ASSIGNED	TP1_SegmentScan	2026-10-08T16:41:30+0500
noahreyn	73637	ASSIGNED	TP2_InsightScope	2026-10-08T16:41:30+0500
noahreyn	73638	ASSIGNED	TP3_ProductConcept	2026-10-08T16:41:30+0500
noahreyn	73639	ASSIGNED	TP4_ModelFit	2026-10-08T16:41:30+0500
noahreyn	73640	ASSIGNED	TP5_Unitecon	2026-10-08T16:41:30+0500
noahreyn	73641	ASSIGNED	TP6_MVPScope	2026-10-08T16:41:30+0500
noahreyn	73642	ASSIGNED	TP7_MVPBuild	2026-10-08T16:41:30+0500
noahreyn	73643	ASSIGNED	TP8_MVPDeploy	2026-10-08T16:41:30+0500
noahreyn	73644	ASSIGNED	TP9_GoToMarket	2026-10-08T16:41:30+0500
noahreyn	73645	ASSIGNED	TP10_SupportFlow	2026-10-08T16:41:30+0500
noahreyn	73646	ASSIGNED	TP11_DataLegal	2026-10-08T16:41:30+0500
noahreyn	73647	ASSIGNED	TP12_Strategy	2026-10-08T16:41:30+0500
noahreyn	73648	ASSIGNED	TP13_PitchReady	2026-10-08T16:41:30+0500
